customer_id,name_ar,name_en,national_id,population_status
CUST100000,أحمد يوسف,Ahmed Youssef,SYN155856795886,APPROVED
CUST100001,ياسمين عمر,Yasmine Omar,SYN512435837382,APPROVED
CUST100002,مصطفى سالم,Mostafa Salem,SYN216127051463,APPROVED
CUST100003,نور كمال,Nour Kamal,SYN237094039141,APPROVED
CUST100004,نور علي,Nour Ali,SYN669054531727,APPROVED
CUST100005,إسراء كمال,Esraa Kamal,SYN453634652413,APPROVED
CUST100006,أحمد يوسف,Ahmed Youssef,SYN929667205139,APPROVED
CUST100007,مصطفى إبراهيم,Mostafa Ibrahim,SYN387240845147,APPROVED
CUST100008,يوسف عمر,Youssef Omar,SYN753562115545,APPROVED
CUST100009,أحمد إبراهيم,Ahmed Ibrahim,SYN514989487139,APPROVED
CUST100010,هبة محمود,Heba Mahmoud,SYN693956171016,APPROVED
CUST100011,عبدالرحمن عمر,Abdelrahman Omar,SYN639725821044,APPROVED
CUST100012,,Khaled Hussein,SYN525505575483,APPROVED
CUST100013,ياسمين محمود,Yasmine Mahmoud,SYN955054985161,APPROVED
CUST100014,خالد إبراهيم,Khaled Ibrahim,SYN408442278479,APPROVED
CUST100015,ياسمين يوسف,Yasmine Youssef,SYN259511951124,APPROVED
CUST100016,هبة محمد,Heba Mohamed,SYN710284654791,APPROVED
CUST100017,محمود إبراهيم,Mahmoud Ibrahim,SYN861406805177,APPROVED
CUST100018,آية أحمد,Aya Ahmed,SYN136228365945,APPROVED
CUST100019,منى علي,Mona Ali,SYN504669419580,APPROVED
CUST100020,هبة أحمد,Heba Ahmed,SYN903238920718,APPROVED
CUST100021,مريم علي,Mariam Ali,SYN774656757030,APPROVED
CUST100022,عمر كمال,Omar Kamal,SYN992626944847,APPROVED
CUST100023,عبدالله يوسف,Abdullah Youssef,SYN578272430437,APPROVED
CUST100024,ياسمين يوسف,Yasmine Youssef,SYN693996146921,APPROVED
CUST100025,كريم أحمد,Karim Ahmed,SYN372232253024,APPROVED
CUST100026,نور علي,Nour Ali,SYN952782039699,APPROVED
CUST100027,آية محمود,Aya Mahmoud,SYN429701939700,APPROVED
CUST100028,هبة سالم,Heba Salem,SYN764659641417,APPROVED
CUST100029,نور محمد,Nour Mohamed,SYN462826183707,APPROVED
CUST100030,منى إبراهيم,Mona Ibrahim,SYN605637037056,APPROVED
CUST100031,يوسف حسن,Youssef Hassan,SYN747804281519,APPROVED
CUST100032,أحمد فؤاد,Ahmed Fouad,SYN558040736576,APPROVED
CUST100033,دينا محمود,Dina Mahmoud,SYN916377694218,APPROVED
CUST100034,إسراء أحمد,Esraa Ahmed,SYN477370889135,APPROVED
CUST100035,أحمد عمر,Ahmed Omar,SYN682364618328,APPROVED
CUST100036,إسراء كمال,Esraa Kamal,SYN408126189970,APPROVED
CUST100037,آية أحمد,Aya Ahmed,SYN467341001407,APPROVED
CUST100038,علي عبدالله,Ali Abdallah,SYN496045097410,APPROVED
CUST100039,كريم يوسف,Karim Youssef,SYN213226316481,APPROVED
CUST100040,عمر فؤاد,Omar Fouad,SYN182551311153,APPROVED
CUST100041,ياسمين يوسف,Yasmine Youssef,SYN700740930832,APPROVED
CUST100042,خالد عبدالله,Khaled Abdallah,SYN689965964508,APPROVED
CUST100043,مريم محمد,Mariam Mohamed,SYN696618742789,APPROVED
CUST100044,أحمد فؤاد,Ahmed Fouad,SYN117789800808,APPROVED
CUST100045,عبدالرحمن حسن,Abdelrahman Hassan,SYN393892158404,APPROVED
CUST100046,نور حسين,Nour Hussein,SYN278028862533,APPROVED
CUST100047,إسراء منصور,Esraa Mansour,SYN800336280289,APPROVED
CUST100048,مصطفى فؤاد,Mostafa Fouad,SYN874567361256,APPROVED
CUST100049,ياسمين علي,Yasmine Ali,SYN322012339503,APPROVED
CUST100050,ياسمين إبراهيم,Yasmine Ibrahim,SYN701064242963,APPROVED
CUST100051,Omar Mohamed,Omar Mohamed,SYN216426523112,APPROVED
CUST100052,مريم إبراهيم,Mariam Ibrahim,SYN347637273041,APPROVED
CUST100053,منى مراد,Mona Mourad,SYN224789046610,APPROVED
CUST100054,منى علي,Mona Ali,SYN355168689939,APPROVED
CUST100055,محمد مراد,Mohamed Mourad,SYN707262892614,APPROVED
CUST100056,هبة عبدالله,Heba Abdallah,SYN919294219166,APPROVED
CUST100057,عمر عمر,Omar Omar,SYN282270167131,APPROVED
CUST100058,خالد عبدالله,Khaled Abdallah,SYN587871131455,APPROVED
CUST100059,مصطفى محمود,Mostafa Mahmoud,SYN731251991119,APPROVED
CUST100060,عبدالله عمر,Abdullah Omar,SYN957630221637,APPROVED
CUST100061,خالد فؤاد,Khaled Fouad,SYN649054434598,APPROVED
CUST100062,مريم حسن,Mariam Hassan,SYN329596237924,APPROVED
CUST100063,عبدالرحمن فؤاد,Abdelrahman Fouad,SYN662930341222,APPROVED
CUST100064,نور عمر,Nour Omar,SYN388442045510,APPROVED
CUST100065,سارة محمد,Sara Mohamed,SYN978515551622,APPROVED
CUST100066,عبدالله كمال,Abdullah Kamal,SYN459708521647,APPROVED
CUST100067,مريم منصور,Mariam Mansour,SYN716884948684,APPROVED
CUST100068,أحمد محمد,Ahmed Mohamed,SYN120904824112,APPROVED
CUST100069,منى أحمد,Mona Ahmed,SYN460055301521,APPROVED
CUST100070,ياسمين فؤاد,Yasmine Fouad,SYN887596851990,APPROVED
CUST100071,عمر حسين,Omar Hussein,SYN649204699989,APPROVED
CUST100072,منى عمر,Mona Omar,SYN499548597756,APPROVED
CUST100073,محمود إبراهيم,Mahmoud Ibrahim,SYN942343749492,APPROVED
CUST100074,مصطفى إبراهيم,Mostafa Ibrahim,SYN868585938532,APPROVED
CUST100075,منى حسن,Mona Hassan,SYN389994106440,APPROVED
CUST100076,سارة فؤاد,Sara Fouad,SYN590093561837,APPROVED
CUST100077,يوسف حسن,Youssef Hassan,SYN540841830483,APPROVED
CUST100078,دينا عبدالله,Dina Abdallah,SYN668982250103,APPROVED
CUST100079,مصطفى يوسف,Mostafa Youssef,SYN400700140262,APPROVED
CUST100080,عبدالله كمال,Abdullah Kamal,SYN319784500689,APPROVED
CUST100081,نور مراد,Nour Mourad,SYN921404651729,APPROVED
CUST100082,عمر مراد,Omar Mourad,SYN931487049548,APPROVED
CUST100083,آية سالم,Aya Salem,SYN858990597185,APPROVED
CUST100084,كريم حسين,Karim Hussein,SYN980383987688,APPROVED
CUST100085,خالد يوسف,Khaled Youssef,SYN770492373201,APPROVED
CUST100086,أحمد يوسف,Ahmed Youssef,SYN788200505705,APPROVED
CUST100087,,Sara Mourad,SYN786331082766,APPROVED
CUST100088,ياسمين منصور,Yasmine Mansour,SYN532546867848,APPROVED
CUST100089,آية حسن,Aya Hassan,SYN510806975062,APPROVED
CUST100090,نور إبراهيم,Nour Ibrahim,SYN316203648534,APPROVED
CUST100091,آية عبدالله,Aya Abdallah,SYN680337274923,APPROVED
CUST100092,آية يوسف,Aya Youssef,SYN360388122492,APPROVED
CUST100093,مريم محمد,Mariam Mohamed,SYN332027568732,APPROVED
CUST100094,إسراء محمود,Esraa Mahmoud,SYN627365236686,APPROVED
CUST100095,علي علي,Ali Ali,SYN468984149402,APPROVED
CUST100096,يوسف يوسف,Youssef Youssef,SYN296970947915,APPROVED
CUST100097,مصطفى عمر,Mostafa Omar,SYN834450415077,APPROVED
CUST100098,كريم أحمد,Karim Ahmed,SYN874512927364,APPROVED
CUST100099,محمود عبدالله,Mahmoud Abdallah,SYN250929567710,APPROVED
CUST100100,آية إبراهيم,Aya Ibrahim,SYN106756329519,APPROVED
CUST100101,عمر إبراهيم,Omar Ibrahim,SYN402516971676,APPROVED
CUST100102,آية كمال,Aya Kamal,SYN817759752112,APPROVED
CUST100103,محمد حسن,Mohamed Hassan,SYN855256479610,APPROVED
CUST100104,ياسمين محمود,Yasmine Mahmoud,SYN224496163104,APPROVED
CUST100105,ياسمين حسن,Yasmine Hassan,SYN796902311064,APPROVED
CUST100106,ياسمين حسين,Yasmine Hussein,SYN204133750578,APPROVED
CUST100107,مصطفى كمال,Mostafa Kamal,SYN451056331140,APPROVED
CUST100108,منى مراد,Mona Mourad,SYN998748563510,APPROVED
CUST100109,خالد أحمد,Khaled Ahmed,SYN273331740907,APPROVED
CUST100110,علي منصور,Ali Mansour,SYN238567224319,APPROVED
CUST100111,ياسمين حسين,Yasmine Hussein,SYN480520299292,APPROVED
CUST100112,دينا حسن,Dina Hassan,SYN657701673372,APPROVED
CUST100113,منى محمود,Mona Mahmoud,SYN939610704171,APPROVED
CUST100114,هبة حسن,Heba Hassan,SYN982739030979,APPROVED
CUST100115,دينا إبراهيم,Dina Ibrahim,SYN162676572932,APPROVED
CUST100116,محمد مراد,Mohamed Mourad,SYN224197765613,APPROVED
CUST100117,محمود سالم,Mahmoud Salem,SYN811664176506,APPROVED
CUST100118,يوسف فؤاد,Youssef Fouad,SYN343568937043,APPROVED
CUST100119,محمود إبراهيم,Mahmoud Ibrahim,SYN896364153555,APPROVED
CUST100120,نور أحمد,Nour Ahmed,SYN697107931506,APPROVED
CUST100121,مصطفى علي,Mostafa Ali,SYN200660322142,APPROVED
CUST100122,مصطفى محمود,Mostafa Mahmoud,SYN849276356431,APPROVED
CUST100123,منى حسين,Mona Hussein,SYN258720742007,APPROVED
CUST100124,إسراء يوسف,Esraa Youssef,SYN481145855211,APPROVED
CUST100125,دينا يوسف,Dina Youssef,SYN596966435703,APPROVED
CUST100126,أحمد يوسف,Ahmed Youssef,SYN550689534172,APPROVED
CUST100127,ياسمين منصور,Yasmine Mansour,SYN717546624053,APPROVED
CUST100128,دينا سالم,Dina Salem,SYN687418061382,APPROVED
CUST100129,كريم منصور,Karim Mansour,SYN992837804975,APPROVED
CUST100130,دينا عبدالله,Dina Abdallah,SYN999479718301,APPROVED
CUST100131,دينا فؤاد,Dina Fouad,SYN564813462372,APPROVED
CUST100132,أحمد عمر,Ahmed Omar,SYN185679178264,APPROVED
CUST100133,دينا عمر,Dina Omar,SYN755058969071,APPROVED
CUST100134,ياسمين منصور,Yasmine Mansour,SYN978997670394,APPROVED
CUST100135,سارة أحمد,Sara Ahmed,SYN386493748866,APPROVED
CUST100136,كريم فؤاد,Karim Fouad,SYN515087997253,APPROVED
CUST100137,محمد محمد,Mohamed Mohamed,SYN482299232333,APPROVED
CUST100138,سارة عمر,Sara Omar,SYN146277239101,APPROVED
CUST100139,نور سالم,Nour Salem,SYN705037988101,APPROVED
CUST100140,عبدالرحمن كمال,Abdelrahman Kamal,SYN418003925561,APPROVED
CUST100141,يوسف محمد,Youssef Mohamed,SYN808717487168,APPROVED
CUST100142,علي كمال,Ali Kamal,SYN848908067753,APPROVED
CUST100143,نور يوسف,Nour Youssef,SYN839107707938,APPROVED
CUST100144,عبدالرحمن محمود,Abdelrahman Mahmoud,SYN474999398235,APPROVED
CUST100145,,Esraa Ibrahim,SYN389391114016,APPROVED
CUST100146,محمد إبراهيم,Mohamed Ibrahim,SYN773938701700,APPROVED
CUST100147,يوسف عمر,Youssef Omar,SYN821250490458,APPROVED
CUST100148,آية فؤاد,Aya Fouad,SYN542131701752,APPROVED
CUST100149,أحمد يوسف,Ahmed Youssef,SYN903727917582,APPROVED
CUST100150,إسراء محمد,Esraa Mohamed,SYN229517826470,APPROVED
CUST100151,علي إبراهيم,Ali Ibrahim,SYN891161901693,APPROVED
CUST100152,عبدالله عبدالله,Abdullah Abdallah,SYN186485709674,APPROVED
CUST100153,علي كمال,Ali Kamal,SYN238172969849,APPROVED
CUST100154,نور محمود,Nour Mahmoud,SYN580456011946,APPROVED
CUST100155,مصطفى سالم,Mostafa Salem,SYN160766632168,APPROVED
CUST100156,محمود علي,Mahmoud Ali,SYN147526391260,APPROVED
CUST100157,دينا يوسف,Dina Youssef,SYN100466869749,APPROVED
CUST100158,هبة محمد,Heba Mohamed,SYN492684993724,APPROVED
CUST100159,ياسمين محمد,Yasmine Mohamed,SYN797161493163,APPROVED
CUST100160,عبدالرحمن سالم,Abdelrahman Salem,SYN131354515251,APPROVED
CUST100161,مصطفى إبراهيم,Mostafa Ibrahim,SYN687031845819,APPROVED
CUST100162,نور يوسف,Nour Youssef,SYN840814585674,APPROVED
CUST100163,نور إبراهيم,Nour Ibrahim,SYN251200763720,APPROVED
CUST100164,نور إبراهيم,Nour Ibrahim,SYN232177361339,APPROVED
CUST100165,آية علي,Aya Ali,SYN874720876258,APPROVED
CUST100166,سارة أحمد,Sara Ahmed,SYN840812148955,APPROVED
CUST100167,عمر محمد,Omar Mohamed,SYN585047589637,APPROVED
CUST100168,سارة مراد,Sara Mourad,SYN837279891364,APPROVED
CUST100169,محمد كمال,Mohamed Kamal,SYN183480469682,APPROVED
CUST100170,محمود منصور,Mahmoud Mansour,SYN455033366144,APPROVED
CUST100171,أحمد منصور,Ahmed Mansour,SYN764017800495,APPROVED
CUST100172,ياسمين محمد,Yasmine Mohamed,SYN331706763391,APPROVED
CUST100173,خالد حسن,Khaled Hassan,SYN777096022990,APPROVED
CUST100174,مصطفى أحمد,Mostafa Ahmed,SYN553760743951,APPROVED
CUST100175,منى محمد,Mona Mohamed,SYN775239389153,APPROVED
CUST100176,خالد محمود,Khaled Mahmoud,SYN518211674071,APPROVED
CUST100177,عمر حسن,Omar Hassan,SYN431113906199,APPROVED
CUST100178,عبدالله حسين,Abdullah Hussein,SYN297270294830,APPROVED
CUST100179,هبة أحمد,Heba Ahmed,SYN287541407291,APPROVED
CUST100180,عبدالله منصور,Abdullah Mansour,SYN776341729514,APPROVED
CUST100181,عمر كمال,Omar Kamal,SYN207019313230,APPROVED
CUST100182,منى فؤاد,Mona Fouad,SYN177384115099,APPROVED
CUST100183,مصطفى عبدالله,Mostafa Abdallah,SYN258662228519,APPROVED
CUST100184,منى عبدالله,Mona Abdallah,SYN257811860308,APPROVED
CUST100185,نور محمود,Nour Mahmoud,SYN840796860526,APPROVED
CUST100186,عمر حسن,Omar Hassan,SYN458655961126,APPROVED
CUST100187,مريم سالم,Mariam Salem,SYN991349611624,APPROVED
CUST100188,يوسف سالم,Youssef Salem,SYN223490132011,APPROVED
CUST100189,سارة أحمد,Sara Ahmed,SYN688185843124,APPROVED
CUST100190,مصطفى عبدالله,Mostafa Abdallah,SYN503856556481,APPROVED
CUST100191,كريم محمود,Karim Mahmoud,SYN453626359027,APPROVED
CUST100192,كريم حسن,Karim Hassan,SYN887575779148,APPROVED
CUST100193,مريم فؤاد,Mariam Fouad,SYN978036081245,APPROVED
CUST100194,عبدالرحمن إبراهيم,Abdelrahman Ibrahim,SYN885573062896,APPROVED
CUST100195,أحمد منصور,Ahmed Mansour,SYN273070611131,APPROVED
CUST100196,سارة فؤاد,Sara Fouad,SYN298718129088,APPROVED
CUST100197,محمود مراد,Mahmoud Mourad,SYN690466491185,APPROVED
CUST100198,سارة يوسف,Sara Youssef,SYN360175223474,APPROVED
CUST100199,عبدالرحمن منصور,Abdelrahman Mansour,SYN761252617702,APPROVED
CUST100200,مريم كمال,Mariam Kamal,SYN609778585728,APPROVED
CUST100201,عبدالله إبراهيم,Abdullah Ibrahim,SYN595817891641,APPROVED
CUST100202,منى مراد,Mona Mourad,SYN845692232354,APPROVED
CUST100203,مصطفى عمر,Mostafa Omar,SYN739479494568,APPROVED
CUST100204,منى منصور,Mona Mansour,SYN123919988497,APPROVED
CUST100205,علي كمال,Ali Kamal,SYN144513223431,APPROVED
CUST100206,ياسمين إبراهيم,Yasmine Ibrahim,SYN641402607210,APPROVED
CUST100207,عبدالرحمن فؤاد,Abdelrahman Fouad,SYN537572868060,APPROVED
CUST100208,علي محمود,Ali Mahmoud,SYN334166189808,APPROVED
CUST100209,ياسمين مراد,Yasmine Mourad,SYN476790478583,APPROVED
CUST100210,علي منصور,Ali Mansour,SYN782119286859,APPROVED
CUST100211,,Khaled Omar,SYN843950336192,APPROVED
CUST100212,ياسمين عبدالله,Yasmine Abdallah,SYN605100761101,APPROVED
CUST100213,نور كمال,Nour Kamal,SYN446832532771,APPROVED
CUST100214,خالد علي,Khaled Ali,SYN343627085345,APPROVED
CUST100215,علي علي,Ali Ali,SYN569726623692,APPROVED
CUST100216,أحمد إبراهيم,Ahmed Ibrahim,SYN383274656707,APPROVED
CUST100217,أحمد فؤاد,Ahmed Fouad,SYN607685623342,APPROVED
CUST100218,نور يوسف,Nour Youssef,SYN708987144258,APPROVED
CUST100219,عبدالله عبدالله,Abdullah Abdallah,SYN159471289827,APPROVED
CUST100220,محمود منصور,Mahmoud Mansour,SYN100960718520,APPROVED
CUST100221,منى سالم,Mona Salem,SYN291049424956,APPROVED
CUST100222,خالد مراد,Khaled Mourad,SYN905060347946,APPROVED
CUST100223,يوسف منصور,Youssef Mansour,SYN681661686905,APPROVED
CUST100224,خالد عبدالله,Khaled Abdallah,SYN254764316743,APPROVED
CUST100225,سارة مراد,Sara Mourad,SYN901237565641,APPROVED
CUST100226,آية علي,Aya Ali,SYN522960346258,APPROVED
CUST100227,دينا مراد,Dina Mourad,SYN528482581010,APPROVED
CUST100228,هبة حسن,Heba Hassan,SYN941987749458,APPROVED
CUST100229,عمر محمود,Omar Mahmoud,SYN153538022965,APPROVED
CUST100230,منى يوسف,Mona Youssef,SYN293660447165,APPROVED
CUST100231,إسراء عمر,Esraa Omar,SYN627194192639,APPROVED
CUST100232,محمد مراد,Mohamed Mourad,SYN275937858623,APPROVED
CUST100233,ياسمين عمر,Yasmine Omar,SYN711574308288,APPROVED
CUST100234,منى منصور,Mona Mansour,SYN292683060403,APPROVED
CUST100235,خالد محمد,Khaled Mohamed,SYN189241273538,APPROVED
CUST100236,مصطفى أحمد,Mostafa Ahmed,SYN286286643676,APPROVED
CUST100237,نور علي,Nour Ali,SYN480460630844,APPROVED
CUST100238,سارة محمود,Sara Mahmoud,SYN258524469255,APPROVED
CUST100239,كريم أحمد,Karim Ahmed,SYN221222822431,APPROVED
CUST100240,محمود إبراهيم,Mahmoud Ibrahim,SYN874253697597,APPROVED
CUST100241,دينا عمر,Dina Omar,SYN388357483237,APPROVED
CUST100242,أحمد مراد,Ahmed Mourad,SYN424682817866,APPROVED
CUST100243,كريم إبراهيم,Karim Ibrahim,SYN149743368551,APPROVED
CUST100244,كريم كمال,Karim Kamal,SYN421632661151,APPROVED
CUST100245,أحمد مراد,Ahmed Mourad,SYN338326459589,APPROVED
CUST100246,ياسمين يوسف,Yasmine Youssef,SYN649436560607,APPROVED
CUST100247,نور عبدالله,Nour Abdallah,SYN284851267905,APPROVED
CUST100248,ياسمين محمود,Yasmine Mahmoud,SYN899528907756,APPROVED
CUST100249,محمد مراد,Mohamed Mourad,SYN936699958827,APPROVED
CUST100250,عمر حسين,Omar Hussein,SYN189847951459,APPROVED
CUST100251,منى عبدالله,Mona Abdallah,SYN196662660659,APPROVED
CUST100252,عمر علي,Omar Ali,SYN203793794299,APPROVED
CUST100253,سارة عمر,Sara Omar,SYN657612330679,APPROVED
CUST100254,مصطفى منصور,Mostafa Mansour,SYN209772067788,APPROVED
CUST100255,محمود علي,Mahmoud Ali,SYN867144086137,APPROVED
CUST100256,مصطفى حسين,Mostafa Hussein,SYN778844363444,APPROVED
CUST100257,محمود سالم,Mahmoud Salem,SYN837827972414,APPROVED
CUST100258,عمر سالم,Omar Salem,SYN573454474197,APPROVED
CUST100259,دينا يوسف,Dina Youssef,SYN997009490367,APPROVED
CUST100260,ياسمين حسين,Yasmine Hussein,SYN139757592649,APPROVED
CUST100261,عمر كمال,Omar Kamal,SYN461138467767,APPROVED
CUST100262,علي عبدالله,Ali Abdallah,SYN391543002043,APPROVED
CUST100263,عبدالله يوسف,Abdullah Youssef,SYN953780948841,APPROVED
CUST100264,عبدالرحمن حسين,Abdelrahman Hussein,SYN619174862647,APPROVED
CUST100265,دينا أحمد,Dina Ahmed,SYN825571868900,APPROVED
CUST100266,نور أحمد,Nour Ahmed,SYN253307074292,APPROVED
CUST100267,سارة محمد,Sara Mohamed,SYN980770729510,APPROVED
CUST100268,كريم مراد,Karim Mourad,SYN548775592188,APPROVED
CUST100269,دينا أحمد,Dina Ahmed,SYN544304868643,APPROVED
CUST100270,علي محمد,Ali Mohamed,SYN973796255691,APPROVED
CUST100271,محمد علي,Mohamed Ali,SYN442659125095,APPROVED
CUST100272,عمر كمال,Omar Kamal,SYN457772522099,APPROVED
CUST100273,عبدالرحمن فؤاد,Abdelrahman Fouad,SYN626277432524,APPROVED
CUST100274,نور عمر,Nour Omar,SYN215247349493,APPROVED
CUST100275,منى فؤاد,Mona Fouad,SYN388977063770,APPROVED
CUST100276,منى منصور,Mona Mansour,SYN273887490200,APPROVED
CUST100277,ياسمين عمر,Yasmine Omar,SYN192955131196,APPROVED
CUST100278,أحمد أحمد,Ahmed Ahmed,SYN879530145697,APPROVED
CUST100279,أحمد يوسف,Ahmed Youssef,SYN630398049514,APPROVED
CUST100280,علي عمر,Ali Omar,SYN422805512375,APPROVED
CUST100281,منى عمر,Mona Omar,SYN467802439630,APPROVED
CUST100282,مصطفى محمد,Mostafa Mohamed,SYN488367103318,APPROVED
CUST100283,منى يوسف,Mona Youssef,SYN669834263930,APPROVED
CUST100284,نور محمد,Nour Mohamed,SYN934092452340,APPROVED
CUST100285,عبدالله أحمد,Abdullah Ahmed,SYN939501657691,APPROVED
CUST100286,عمر كمال,Omar Kamal,SYN452342781577,APPROVED
CUST100287,دينا حسين,Dina Hussein,SYN396336213637,APPROVED
CUST100288,هبة علي,Heba Ali,SYN505941850166,APPROVED
CUST100289,منى منصور,Mona Mansour,SYN611140807385,APPROVED
CUST100290,آية حسين,Aya Hussein,SYN515636120304,APPROVED
CUST100291,علي يوسف,Ali Youssef,SYN692878068835,APPROVED
CUST100292,عبدالرحمن عبدالله,Abdelrahman Abdallah,SYN598959121041,APPROVED
CUST100293,سارة أحمد,Sara Ahmed,SYN388643992024,APPROVED
CUST100294,هبة مراد,Heba Mourad,SYN411157725186,APPROVED
CUST100295,هبة إبراهيم,Heba Ibrahim,SYN440733508803,APPROVED
CUST100296,آية حسين,Aya Hussein,SYN185175791424,APPROVED
CUST100297,نور فؤاد,Nour Fouad,SYN249456369172,APPROVED
CUST100298,علي إبراهيم,Ali Ibrahim,SYN750802421930,APPROVED
CUST100299,محمد أحمد,Mohamed Ahmed,SYN450187040369,APPROVED
CUST100300,مريم عمر,Mariam Omar,SYN293085075304,APPROVED
CUST100301,آية عبدالله,Aya Abdallah,SYN606405169517,APPROVED
CUST100302,محمد فؤاد,Mohamed Fouad,SYN779985588226,APPROVED
CUST100303,إسراء كمال,Esraa Kamal,SYN331680126110,APPROVED
CUST100304,هبة منصور,Heba Mansour,SYN844110893731,APPROVED
CUST100305,محمود فؤاد,Mahmoud Fouad,SYN934754373662,APPROVED
CUST100306,سارة حسين,Sara Hussein,SYN637655076166,APPROVED
CUST100307,دينا حسين,Dina Hussein,SYN702052893092,APPROVED
CUST100308,سارة عبدالله,Sara Abdallah,SYN147318391290,APPROVED
CUST100309,محمود يوسف,Mahmoud Youssef,SYN950967901919,APPROVED
CUST100310,مصطفى إبراهيم,Mostafa Ibrahim,SYN453236260838,APPROVED
CUST100311,مصطفى محمد,Mostafa Mohamed,SYN931510360490,APPROVED
CUST100312,محمود عمر,Mahmoud Omar,SYN621079772275,APPROVED
CUST100313,علي يوسف,Ali Youssef,SYN104156918958,APPROVED
CUST100314,يوسف كمال,Youssef Kamal,SYN134687799391,APPROVED
CUST100315,مصطفى محمود,Mostafa Mahmoud,SYN712376925102,APPROVED
CUST100316,خالد فؤاد,Khaled Fouad,SYN606401212448,APPROVED
CUST100317,خالد سالم,Khaled Salem,SYN123879193485,APPROVED
CUST100318,عبدالله عبدالله,Abdullah Abdallah,SYN769113965100,APPROVED
CUST100319,ياسمين محمد,Yasmine Mohamed,SYN866930803362,APPROVED
CUST100320,سارة علي,Sara Ali,SYN546775734195,APPROVED
CUST100321,محمود محمود,Mahmoud Mahmoud,SYN519181696321,APPROVED
CUST100322,كريم سالم,Karim Salem,SYN104925797951,APPROVED
CUST100323,عبدالله كمال,Abdullah Kamal,SYN807984741244,APPROVED
CUST100324,عبدالرحمن يوسف,Abdelrahman Youssef,SYN397644460071,APPROVED
CUST100325,يوسف حسن,Youssef Hassan,SYN890887257804,APPROVED
CUST100326,يوسف فؤاد,Youssef Fouad,SYN435754528802,APPROVED
CUST100327,محمد علي,Mohamed Ali,SYN608570119567,APPROVED
CUST100328,محمود فؤاد,Mahmoud Fouad,SYN343307609379,APPROVED
CUST100329,دينا محمد,Dina Mohamed,SYN244529481326,APPROVED
CUST100330,هبة عبدالله,Heba Abdallah,SYN797417113043,APPROVED
CUST100331,مريم فؤاد,Mariam Fouad,SYN546931430961,APPROVED
CUST100332,سارة عبدالله,Sara Abdallah,SYN582839131377,APPROVED
CUST100333,,Aya Youssef,SYN968874358133,APPROVED
CUST100334,منى سالم,Mona Salem,SYN967221920999,APPROVED
CUST100335,آية مراد,Aya Mourad,SYN870077909532,APPROVED
CUST100336,عبدالرحمن منصور,Abdelrahman Mansour,SYN268848363488,APPROVED
CUST100337,سارة محمود,Sara Mahmoud,SYN634845424871,APPROVED
CUST100338,يوسف عمر,Youssef Omar,SYN890332682189,APPROVED
CUST100339,عبدالرحمن عبدالله,Abdelrahman Abdallah,SYN437017542804,APPROVED
CUST100340,كريم سالم,Karim Salem,SYN190995549342,APPROVED
CUST100341,علي حسن,Ali Hassan,SYN829866612015,APPROVED
CUST100342,كريم علي,Karim Ali,SYN533587196225,APPROVED
CUST100343,هبة سالم,Heba Salem,SYN607953412323,APPROVED
CUST100344,عبدالله حسن,Abdullah Hassan,SYN983929866686,APPROVED
CUST100345,علي مراد,Ali Mourad,SYN646490287444,APPROVED
CUST100346,عبدالرحمن يوسف,Abdelrahman Youssef,SYN482481447099,APPROVED
CUST100347,عبدالله فؤاد,Abdullah Fouad,SYN432985931062,APPROVED
CUST100348,عمر عمر,Omar Omar,SYN475857363388,APPROVED
CUST100349,عمر سالم,Omar Salem,SYN206559174860,APPROVED
CUST100350,هبة أحمد,Heba Ahmed,SYN815275502575,APPROVED
CUST100351,محمد محمد,Mohamed Mohamed,SYN853945172368,APPROVED
CUST100352,علي إبراهيم,Ali Ibrahim,SYN355957421116,APPROVED
CUST100353,نور كمال,Nour Kamal,SYN373416956568,APPROVED
CUST100354,عبدالرحمن حسين,Abdelrahman Hussein,SYN886900830701,APPROVED
CUST100355,عبدالرحمن إبراهيم,Abdelrahman Ibrahim,SYN121573319975,APPROVED
CUST100356,عمر محمد,Omar Mohamed,SYN568411699390,APPROVED
CUST100357,إسراء حسن,Esraa Hassan,SYN517308143213,APPROVED
CUST100358,أحمد علي,Ahmed Ali,SYN721114092620,APPROVED
CUST100359,خالد محمد,Khaled Mohamed,SYN247052530134,APPROVED
CUST100360,آية علي,Aya Ali,SYN701497666715,APPROVED
CUST100361,إسراء علي,Esraa Ali,SYN439060607087,APPROVED
CUST100362,يوسف محمد,Youssef Mohamed,SYN656843300352,APPROVED
CUST100363,إسراء حسين,Esraa Hussein,SYN136085508885,APPROVED
CUST100364,محمود سالم,Mahmoud Salem,SYN515554477466,APPROVED
CUST100365,هبة أحمد,Heba Ahmed,SYN570025804584,APPROVED
CUST100366,منى محمود,Mona Mahmoud,SYN292893762569,APPROVED
CUST100367,سارة عبدالله,Sara Abdallah,SYN225661288761,APPROVED
CUST100368,محمد مراد,Mohamed Mourad,SYN269626872711,APPROVED
CUST100369,ياسمين منصور,Yasmine Mansour,SYN409726970257,APPROVED
CUST100370,سارة كمال,Sara Kamal,SYN187129134374,APPROVED
CUST100371,مصطفى محمد,Mostafa Mohamed,SYN952587816156,APPROVED
CUST100372,نور عبدالله,Nour Abdallah,SYN464494655346,APPROVED
CUST100373,مريم عبدالله,Mariam Abdallah,SYN828072642256,APPROVED
CUST100374,إسراء كمال,Esraa Kamal,SYN976975410797,APPROVED
CUST100375,أحمد مراد,Ahmed Mourad,SYN172661752002,APPROVED
CUST100376,خالد مراد,Khaled Mourad,SYN686502521141,APPROVED
CUST100377,خالد عمر,Khaled Omar,SYN884268178067,APPROVED
CUST100378,مريم إبراهيم,Mariam Ibrahim,SYN670810990570,APPROVED
CUST100379,علي سالم,Ali Salem,SYN486123509221,APPROVED
CUST100380,محمد مراد,Mohamed Mourad,SYN487968721874,APPROVED
CUST100381,عبدالله محمود,Abdullah Mahmoud,SYN132308997406,APPROVED
CUST100382,عبدالله محمد,Abdullah Mohamed,SYN581140676160,APPROVED
CUST100383,يوسف كمال,Youssef Kamal,SYN994188697108,APPROVED
CUST100384,محمد محمد,Mohamed Mohamed,SYN962836773374,APPROVED
CUST100385,محمود حسين,Mahmoud Hussein,SYN136359305957,APPROVED
CUST100386,أحمد سالم,Ahmed Salem,SYN735217303266,APPROVED
CUST100387,آية محمود,Aya Mahmoud,SYN371588380027,APPROVED
CUST100388,إسراء كمال,Esraa Kamal,SYN912690238065,APPROVED
CUST100389,عمر كمال,Omar Kamal,SYN140603271138,APPROVED
CUST100390,خالد محمود,Khaled Mahmoud,SYN942286691809,APPROVED
CUST100391,عمر إبراهيم,Omar Ibrahim,SYN853728169408,APPROVED
CUST100392,مريم مراد,Mariam Mourad,SYN205753944027,APPROVED
CUST100393,دينا عمر,Dina Omar,SYN153841903585,APPROVED
CUST100394,خالد حسين,Khaled Hussein,SYN851236897894,APPROVED
CUST100395,إسراء سالم,Esraa Salem,SYN240181903877,APPROVED
CUST100396,محمد منصور,Mohamed Mansour,SYN581408337678,APPROVED
CUST100397,عمر منصور,Omar Mansour,SYN924170372090,APPROVED
CUST100398,علي أحمد,Ali Ahmed,SYN610703302194,APPROVED
CUST100399,سارة محمود,Sara Mahmoud,SYN457509971325,APPROVED
CUST100400,عبدالرحمن يوسف,Abdelrahman Youssef,SYN500514449368,APPROVED
CUST100401,ياسمين حسين,Yasmine Hussein,SYN156805453633,APPROVED
CUST100402,Sara Mahmoud,Sara Mahmoud,SYN971877089225,APPROVED
CUST100403,عبدالرحمن محمود,Abdelrahman Mahmoud,SYN379588766572,APPROVED
CUST100404,منى حسن,Mona Hassan,SYN270427142505,APPROVED
CUST100405,هبة حسن,Heba Hassan,SYN357442571656,APPROVED
CUST100406,نور محمد,Nour Mohamed,SYN967935875402,APPROVED
CUST100407,محمود كمال,Mahmoud Kamal,SYN184857448139,APPROVED
CUST100408,عبدالله أحمد,Abdullah Ahmed,SYN880572736451,APPROVED
CUST100409,محمد محمود,Mohamed Mahmoud,SYN737059504961,APPROVED
CUST100410,عمر أحمد,Omar Ahmed,SYN847017261243,APPROVED
CUST100411,يوسف سالم,Youssef Salem,SYN978307786331,APPROVED
CUST100412,علي حسين,Ali Hussein,SYN857939189965,APPROVED
CUST100413,محمود عمر,Mahmoud Omar,SYN949044116150,APPROVED
CUST100414,محمد سالم,Mohamed Salem,SYN214241731111,APPROVED
CUST100415,مصطفى عمر,Mostafa Omar,SYN816209708650,APPROVED
CUST100416,عبدالرحمن منصور,Abdelrahman Mansour,SYN591108124672,APPROVED
CUST100417,محمود عبدالله,Mahmoud Abdallah,SYN589146035571,APPROVED
CUST100418,علي يوسف,Ali Youssef,SYN909029418688,APPROVED
CUST100419,هبة إبراهيم,Heba Ibrahim,SYN974623436782,APPROVED
CUST100420,عبدالله مراد,Abdullah Mourad,SYN734354490738,APPROVED
CUST100421,مصطفى مراد,Mostafa Mourad,SYN534644550524,APPROVED
CUST100422,ياسمين سالم,Yasmine Salem,SYN510763472111,APPROVED
CUST100423,دينا فؤاد,Dina Fouad,SYN447707311500,APPROVED
CUST100424,نور حسين,Nour Hussein,SYN425439126615,APPROVED
CUST100425,عمر يوسف,Omar Youssef,SYN452356157515,APPROVED
CUST100426,إسراء فؤاد,Esraa Fouad,SYN180777911726,APPROVED
CUST100427,آية كمال,Aya Kamal,SYN169692476734,APPROVED
CUST100428,محمد محمود,Mohamed Mahmoud,SYN801882859485,APPROVED
CUST100429,خالد عمر,Khaled Omar,SYN501465603628,APPROVED
CUST100430,أحمد إبراهيم,Ahmed Ibrahim,SYN937616039690,APPROVED
CUST100431,خالد حسن,Khaled Hassan,SYN650998907734,APPROVED
CUST100432,آية حسن,Aya Hassan,SYN131658383965,APPROVED
CUST100433,محمود سالم,Mahmoud Salem,SYN241771007185,APPROVED
CUST100434,نور محمود,Nour Mahmoud,SYN285237813711,APPROVED
CUST100435,محمود علي,Mahmoud Ali,SYN978162421950,APPROVED
CUST100436,دينا عبدالله,Dina Abdallah,SYN296833803536,APPROVED
CUST100437,عبدالله منصور,Abdullah Mansour,SYN564180108659,APPROVED
CUST100438,أحمد محمود,Ahmed Mahmoud,SYN942559238476,APPROVED
CUST100439,مريم مراد,Mariam Mourad,SYN979473456922,APPROVED
CUST100440,عبدالرحمن عمر,Abdelrahman Omar,SYN312724391845,APPROVED
CUST100441,سارة إبراهيم,Sara Ibrahim,SYN144205879375,APPROVED
CUST100442,محمود مراد,Mahmoud Mourad,SYN238241649283,APPROVED
CUST100443,منى عبدالله,Mona Abdallah,SYN156995630832,APPROVED
CUST100444,هبة حسن,Heba Hassan,SYN275611816983,APPROVED
CUST100445,مصطفى أحمد,Mostafa Ahmed,SYN611712743233,APPROVED
CUST100446,سارة مراد,Sara Mourad,SYN921203916666,APPROVED
CUST100447,عبدالرحمن مراد,Abdelrahman Mourad,SYN583496995324,APPROVED
CUST100448,هبة عمر,Heba Omar,SYN663390601029,APPROVED
CUST100449,علي علي,Ali Ali,SYN281680526448,APPROVED
CUST100450,عبدالرحمن محمود,Abdelrahman Mahmoud,SYN820525258606,APPROVED
CUST100451,عبدالله أحمد,Abdullah Ahmed,SYN656010017655,APPROVED
CUST100452,منى أحمد,Mona Ahmed,SYN877723146273,APPROVED
CUST100453,محمد حسين,Mohamed Hussein,SYN953958796305,APPROVED
CUST100454,دينا سالم,Dina Salem,SYN413110698180,APPROVED
CUST100455,دينا أحمد,Dina Ahmed,SYN181521152681,APPROVED
CUST100456,محمود مراد,Mahmoud Mourad,SYN303336062125,APPROVED
CUST100457,كريم عبدالله,Karim Abdallah,SYN494057409108,APPROVED
CUST100458,آية حسين,Aya Hussein,SYN951124286642,APPROVED
CUST100459,محمود إبراهيم,Mahmoud Ibrahim,SYN440478840136,APPROVED
CUST100460,خالد عمر,Khaled Omar,SYN793695892298,APPROVED
CUST100461,محمود محمود,Mahmoud Mahmoud,SYN586429022953,APPROVED
CUST100462,خالد أحمد,Khaled Ahmed,SYN264527893387,APPROVED
CUST100463,نور أحمد,Nour Ahmed,SYN388660707058,APPROVED
CUST100464,محمد يوسف,Mohamed Youssef,SYN687872696520,APPROVED
CUST100465,عبدالرحمن علي,Abdelrahman Ali,SYN705568055216,APPROVED
CUST100466,عمر منصور,Omar Mansour,SYN491283772128,APPROVED
CUST100467,دينا محمد,Dina Mohamed,SYN305781042395,APPROVED
CUST100468,عمر عمر,Omar Omar,SYN749716101561,APPROVED
CUST100469,عبدالله أحمد,Abdullah Ahmed,SYN251985737451,APPROVED
CUST100470,خالد كمال,Khaled Kamal,SYN943002722678,APPROVED
CUST100471,آية فؤاد,Aya Fouad,SYN269113221132,APPROVED
CUST100472,نور عبدالله,Nour Abdallah,SYN196581126549,APPROVED
CUST100473,منى حسين,Mona Hussein,SYN547882932128,APPROVED
CUST100474,كريم مراد,Karim Mourad,SYN567594638298,APPROVED
CUST100475,ياسمين محمود,Yasmine Mahmoud,SYN557373623300,APPROVED
CUST100476,آية إبراهيم,Aya Ibrahim,SYN493000740404,APPROVED
CUST100477,محمد محمد,Mohamed Mohamed,SYN995333403546,APPROVED
CUST100478,,Mostafa Hussein,SYN537652551403,APPROVED
CUST100479,محمود عبدالله,Mahmoud Abdallah,SYN530151922665,APPROVED
CUST100480,علي حسن,Ali Hassan,SYN479589456443,APPROVED
CUST100481,آية أحمد,Aya Ahmed,SYN160143179231,APPROVED
CUST100482,علي محمود,Ali Mahmoud,SYN633660968034,APPROVED
CUST100483,ياسمين علي,Yasmine Ali,SYN305170995000,APPROVED
CUST100484,منى عبدالله,Mona Abdallah,SYN673848082206,APPROVED
CUST100485,يوسف يوسف,Youssef Youssef,SYN145750115753,APPROVED
CUST100486,سارة حسن,Sara Hassan,SYN983248391127,APPROVED
CUST100487,هبة أحمد,Heba Ahmed,SYN522104571111,APPROVED
CUST100488,ياسمين علي,Yasmine Ali,SYN907079834431,APPROVED
CUST100489,كريم إبراهيم,Karim Ibrahim,SYN528005055909,APPROVED
CUST100490,عبدالله محمود,Abdullah Mahmoud,SYN154297736716,APPROVED
CUST100491,إسراء إبراهيم,Esraa Ibrahim,SYN839992191484,APPROVED
CUST100492,ياسمين أحمد,Yasmine Ahmed,SYN683365356700,APPROVED
CUST100493,كريم محمود,Karim Mahmoud,SYN803581342816,APPROVED
CUST100494,علي عبدالله,Ali Abdallah,SYN485352877157,APPROVED
CUST100495,نور عبدالله,Nour Abdallah,SYN674143069821,APPROVED
CUST100496,محمود سالم,Mahmoud Salem,SYN870606103416,APPROVED
CUST100497,مريم عمر,Mariam Omar,SYN667958898584,APPROVED
CUST100498,عبدالله إبراهيم,Abdullah Ibrahim,SYN412906271352,APPROVED
CUST100499,نور يوسف,Nour Youssef,SYN696276634929,APPROVED
CUST100500,محمود إبراهيم,Mahmoud Ibrahim,SYN704668769752,APPROVED
CUST100501,مصطفى حسين,Mostafa Hussein,SYN964528266255,APPROVED
CUST100502,عبدالرحمن حسين,Abdelrahman Hussein,SYN433821089387,APPROVED
CUST100503,إسراء محمود,Esraa Mahmoud,SYN482573590762,APPROVED
CUST100504,علي سالم,Ali Salem,SYN830910665068,APPROVED
CUST100505,منى حسين,Mona Hussein,SYN555186083268,APPROVED
CUST100506,هبة كمال,Heba Kamal,SYN762915783804,APPROVED
CUST100507,يوسف إبراهيم,Youssef Ibrahim,SYN513738518008,APPROVED
CUST100508,علي يوسف,Ali Youssef,SYN293945627631,APPROVED
CUST100509,يوسف فؤاد,Youssef Fouad,SYN770683458502,APPROVED
CUST100510,عبدالرحمن محمد,Abdelrahman Mohamed,SYN218039652266,APPROVED
CUST100511,خالد حسين,Khaled Hussein,SYN278725297178,APPROVED
CUST100512,آية عمر,Aya Omar,SYN664142484505,APPROVED
CUST100513,آية محمود,Aya Mahmoud,SYN772542820172,APPROVED
CUST100514,عبدالرحمن حسين,Abdelrahman Hussein,SYN905219098181,APPROVED
CUST100515,محمود كمال,Mahmoud Kamal,SYN345327847674,APPROVED
CUST100516,إسراء إبراهيم,Esraa Ibrahim,SYN199651832740,APPROVED
CUST100517,أحمد أحمد,Ahmed Ahmed,SYN960441993570,APPROVED
CUST100518,منى إبراهيم,Mona Ibrahim,SYN238980779219,APPROVED
CUST100519,دينا عبدالله,Dina Abdallah,SYN277900284029,APPROVED
CUST100520,مريم يوسف,Mariam Youssef,SYN362196508202,APPROVED
CUST100521,محمود فؤاد,Mahmoud Fouad,SYN576452218623,APPROVED
CUST100522,عمر حسن,Omar Hassan,SYN894543009430,APPROVED
CUST100523,آية حسن,Aya Hassan,SYN784491420456,APPROVED
CUST100524,سارة منصور,Sara Mansour,SYN737341798458,APPROVED
CUST100525,سارة أحمد,Sara Ahmed,SYN257662511070,APPROVED
CUST100526,عبدالله محمود,Abdullah Mahmoud,SYN421914368373,APPROVED
CUST100527,محمود حسن,Mahmoud Hassan,SYN530564433478,APPROVED
CUST100528,عبدالله أحمد,Abdullah Ahmed,SYN232683358137,APPROVED
CUST100529,عبدالله كمال,Abdullah Kamal,SYN346086731914,APPROVED
CUST100530,دينا علي,Dina Ali,SYN377499883557,APPROVED
CUST100531,عمر أحمد,Omar Ahmed,SYN214548578496,APPROVED
CUST100532,عمر كمال,Omar Kamal,SYN595215722717,APPROVED
CUST100533,علي حسن,Ali Hassan,SYN734525376871,APPROVED
CUST100534,دينا يوسف,Dina Youssef,SYN162938468329,APPROVED
CUST100535,عمر أحمد,Omar Ahmed,SYN533010791586,APPROVED
CUST100536,منى حسن,Mona Hassan,SYN803990075741,APPROVED
CUST100537,محمود علي,Mahmoud Ali,SYN773191116057,APPROVED
CUST100538,هبة فؤاد,Heba Fouad,SYN833565786596,APPROVED
CUST100539,محمد منصور,Mohamed Mansour,SYN503416569853,APPROVED
CUST100540,خالد إبراهيم,Khaled Ibrahim,SYN838501374375,APPROVED
CUST100541,أحمد حسين,Ahmed Hussein,SYN316677764092,APPROVED
CUST100542,عمر علي,Omar Ali,SYN424729505275,APPROVED
CUST100543,عمر سالم,Omar Salem,SYN258720018776,APPROVED
CUST100544,آية حسين,Aya Hussein,SYN520736085485,APPROVED
CUST100545,أحمد سالم,Ahmed Salem,SYN452854020173,APPROVED
CUST100546,نور فؤاد,Nour Fouad,SYN316834404772,APPROVED
CUST100547,دينا يوسف,Dina Youssef,SYN776602638307,APPROVED
CUST100548,هبة إبراهيم,Heba Ibrahim,SYN382462094900,APPROVED
CUST100549,مصطفى أحمد,Mostafa Ahmed,SYN345523897131,APPROVED
CUST100550,آية محمود,Aya Mahmoud,SYN217801297765,APPROVED
CUST100551,مريم يوسف,Mariam Youssef,SYN494939531621,APPROVED
CUST100552,آية إبراهيم,Aya Ibrahim,SYN372668165953,APPROVED
CUST100553,سارة منصور,Sara Mansour,SYN432345557206,APPROVED
CUST100554,عبدالرحمن عبدالله,Abdelrahman Abdallah,SYN312397536358,APPROVED
CUST100555,هبة حسن,Heba Hassan,SYN786839940837,APPROVED
CUST100556,خالد كمال,Khaled Kamal,SYN937003012619,APPROVED
CUST100557,إسراء عمر,Esraa Omar,SYN548138667509,APPROVED
CUST100558,ياسمين مراد,Yasmine Mourad,SYN678698581006,APPROVED
CUST100559,إسراء يوسف,Esraa Youssef,SYN880455048946,APPROVED
CUST100560,هبة محمود,Heba Mahmoud,SYN998946673600,APPROVED
CUST100561,محمد حسين,Mohamed Hussein,SYN652164836256,APPROVED
CUST100562,منى حسين,Mona Hussein,SYN900801519885,APPROVED
CUST100563,عمر كمال,Omar Kamal,SYN917747421900,APPROVED
CUST100564,إسراء سالم,Esraa Salem,SYN812306339026,APPROVED
CUST100565,يوسف عبدالله,Youssef Abdallah,SYN514838251965,APPROVED
CUST100566,يوسف مراد,Youssef Mourad,SYN173038600381,APPROVED
CUST100567,يوسف منصور,Youssef Mansour,SYN114224999896,APPROVED
CUST100568,كريم كمال,Karim Kamal,SYN529480569954,APPROVED
CUST100569,دينا مراد,Dina Mourad,SYN544883080181,APPROVED
CUST100570,عبدالله علي,Abdullah Ali,SYN466626149076,APPROVED
CUST100571,نور محمد,Nour Mohamed,SYN611350616162,APPROVED
CUST100572,علي عمر,Ali Omar,SYN596946432973,APPROVED
CUST100573,محمد يوسف,Mohamed Youssef,SYN852951736929,APPROVED
CUST100574,محمد حسن,Mohamed Hassan,SYN197791392936,APPROVED
CUST100575,مريم محمود,Mariam Mahmoud,SYN302659899494,APPROVED
CUST100576,عبدالله سالم,Abdullah Salem,SYN813704481063,APPROVED
CUST100577,هبة عمر,Heba Omar,SYN863053180501,APPROVED
CUST100578,إسراء علي,Esraa Ali,SYN995341792258,APPROVED
CUST100579,محمود منصور,Mahmoud Mansour,SYN885620814748,APPROVED
CUST100580,أحمد محمود,Ahmed Mahmoud,SYN900909106365,APPROVED
CUST100581,آية حسين,Aya Hussein,SYN382913148366,APPROVED
CUST100582,محمود إبراهيم,Mahmoud Ibrahim,SYN461495470608,APPROVED
CUST100583,أحمد عبدالله,Ahmed Abdallah,SYN341276594338,APPROVED
CUST100584,نور منصور,Nour Mansour,SYN645669458373,APPROVED
CUST100585,عبدالله محمود,Abdullah Mahmoud,SYN944924818786,APPROVED
CUST100586,مصطفى يوسف,Mostafa Youssef,SYN410176797860,APPROVED
CUST100587,أحمد علي,Ahmed Ali,SYN601301603693,APPROVED
CUST100588,آية يوسف,Aya Youssef,SYN366669667408,APPROVED
CUST100589,آية أحمد,Aya Ahmed,SYN252819976395,APPROVED
CUST100590,آية عمر,Aya Omar,SYN275666976836,APPROVED
CUST100591,عبدالله محمد,Abdullah Mohamed,SYN152150810084,APPROVED
CUST100592,يوسف محمد,Youssef Mohamed,SYN954364170708,APPROVED
CUST100593,عبدالرحمن أحمد,Abdelrahman Ahmed,SYN462591647656,APPROVED
CUST100594,سارة فؤاد,Sara Fouad,SYN850708802801,APPROVED
CUST100595,آية حسن,Aya Hassan,SYN713196525420,APPROVED
CUST100596,دينا منصور,Dina Mansour,SYN272729045269,APPROVED
CUST100597,ياسمين فؤاد,Yasmine Fouad,SYN257916021921,APPROVED
CUST100598,كريم يوسف,Karim Youssef,SYN830789381359,APPROVED
CUST100599,كريم فؤاد,Karim Fouad,SYN338240539557,APPROVED
CUST100600,كريم محمود,Karim Mahmoud,SYN921956665331,APPROVED
CUST100601,ياسمين عمر,Yasmine Omar,SYN226049864220,APPROVED
CUST100602,خالد يوسف,Khaled Youssef,SYN709937753009,APPROVED
CUST100603,محمود محمود,Mahmoud Mahmoud,SYN833026488427,APPROVED
CUST100604,آية علي,Aya Ali,SYN311730749574,APPROVED
CUST100605,هبة كمال,Heba Kamal,SYN348586627110,APPROVED
CUST100606,سارة حسن,Sara Hassan,SYN968066997525,APPROVED
CUST100607,هبة سالم,Heba Salem,SYN338137844811,APPROVED
CUST100608,عبدالرحمن حسين,Abdelrahman Hussein,SYN486961344910,APPROVED
CUST100609,إسراء علي,Esraa Ali,SYN489264033918,APPROVED
CUST100610,آية عمر,Aya Omar,SYN327731274936,APPROVED
CUST100611,منى حسن,Mona Hassan,SYN798211977793,APPROVED
CUST100612,ياسمين فؤاد,Yasmine Fouad,SYN794664408906,APPROVED
CUST100613,مريم فؤاد,Mariam Fouad,SYN440486212801,APPROVED
CUST100614,مصطفى أحمد,Mostafa Ahmed,SYN851613211972,APPROVED
CUST100615,كريم حسن,Karim Hassan,SYN291767440959,APPROVED
CUST100616,يوسف عمر,Youssef Omar,SYN103875198100,APPROVED
CUST100617,علي إبراهيم,Ali Ibrahim,SYN614050625850,APPROVED
CUST100618,أحمد علي,Ahmed Ali,SYN994669995207,APPROVED
CUST100619,محمود مراد,Mahmoud Mourad,SYN134779878844,APPROVED
CUST100620,نور حسين,Nour Hussein,SYN287198266337,APPROVED
CUST100621,منى أحمد,Mona Ahmed,SYN567023178238,APPROVED
CUST100622,,Omar Kamal,SYN828946662800,APPROVED
CUST100623,نور أحمد,Nour Ahmed,SYN180137804567,APPROVED
CUST100624,كريم سالم,Karim Salem,SYN455711188383,APPROVED
CUST100625,يوسف مراد,Youssef Mourad,SYN772368220566,APPROVED
CUST100626,سارة سالم,Sara Salem,SYN434388887565,APPROVED
CUST100627,مريم سالم,Mariam Salem,SYN269952778428,APPROVED
CUST100628,هبة محمد,Heba Mohamed,SYN275946244656,APPROVED
CUST100629,مريم علي,Mariam Ali,SYN469043908223,APPROVED
CUST100630,خالد سالم,Khaled Salem,SYN531475367325,APPROVED
CUST100631,سارة كمال,Sara Kamal,SYN875632976034,APPROVED
CUST100632,نور علي,Nour Ali,SYN678027176711,APPROVED
CUST100633,مريم كمال,Mariam Kamal,SYN721361759063,APPROVED
CUST100634,عمر عبدالله,Omar Abdallah,SYN984688454382,APPROVED
CUST100635,مصطفى سالم,Mostafa Salem,SYN470659096270,APPROVED
CUST100636,يوسف حسن,Youssef Hassan,SYN463018962924,APPROVED
CUST100637,علي منصور,Ali Mansour,SYN931012270953,APPROVED
CUST100638,ياسمين حسن,Yasmine Hassan,SYN321288028304,APPROVED
CUST100639,عبدالله محمود,Abdullah Mahmoud,SYN756833721672,APPROVED
CUST100640,مصطفى فؤاد,Mostafa Fouad,SYN779115824396,APPROVED
CUST100641,عبدالله أحمد,Abdullah Ahmed,SYN188009197700,APPROVED
CUST100642,إسراء عبدالله,Esraa Abdallah,SYN521408265124,APPROVED
CUST100643,منى سالم,Mona Salem,SYN280506224189,APPROVED
CUST100644,ياسمين علي,Yasmine Ali,SYN266837745522,APPROVED
CUST100645,سارة محمود,Sara Mahmoud,SYN517445299416,APPROVED
CUST100646,منى محمد,Mona Mohamed,SYN360486736757,APPROVED
CUST100647,هبة منصور,Heba Mansour,SYN816454402863,APPROVED
CUST100648,عبدالرحمن مراد,Abdelrahman Mourad,SYN916844402251,APPROVED
CUST100649,آية يوسف,Aya Youssef,SYN822448544759,APPROVED
CUST100650,منى حسن,Mona Hassan,SYN339427785359,APPROVED
CUST100651,مصطفى أحمد,Mostafa Ahmed,SYN346720954319,APPROVED
CUST100652,يوسف أحمد,Youssef Ahmed,SYN329255515105,APPROVED
CUST100653,آية سالم,Aya Salem,SYN221534286450,APPROVED
CUST100654,دينا حسن,Dina Hassan,SYN949418531293,APPROVED
CUST100655,هبة حسين,Heba Hussein,SYN461843018341,APPROVED
CUST100656,ياسمين يوسف,Yasmine Youssef,SYN302220527091,APPROVED
CUST100657,كريم كمال,Karim Kamal,SYN862003945457,APPROVED
CUST100658,أحمد يوسف,Ahmed Youssef,SYN459275772392,APPROVED
CUST100659,علي حسين,Ali Hussein,SYN131605129998,APPROVED
CUST100660,عمر منصور,Omar Mansour,SYN245747413224,APPROVED
CUST100661,خالد منصور,Khaled Mansour,SYN675325306320,APPROVED
CUST100662,محمد حسن,Mohamed Hassan,SYN804614746754,APPROVED
CUST100663,يوسف سالم,Youssef Salem,SYN289840949639,APPROVED
CUST100664,دينا إبراهيم,Dina Ibrahim,SYN925656030339,APPROVED
CUST100665,مصطفى محمد,Mostafa Mohamed,SYN865897408046,APPROVED
CUST100666,هبة عمر,Heba Omar,SYN863542678654,APPROVED
CUST100667,إسراء فؤاد,Esraa Fouad,SYN304895032119,APPROVED
CUST100668,عبدالله إبراهيم,Abdullah Ibrahim,SYN145482389785,APPROVED
CUST100669,محمود فؤاد,Mahmoud Fouad,SYN880681185534,APPROVED
CUST100670,عبدالرحمن عمر,Abdelrahman Omar,SYN375220205864,APPROVED
CUST100671,كريم سالم,Karim Salem,SYN657024743056,APPROVED
CUST100672,كريم محمود,Karim Mahmoud,SYN783970195330,APPROVED
CUST100673,أحمد عمر,Ahmed Omar,SYN215463932660,APPROVED
CUST100674,كريم فؤاد,Karim Fouad,SYN802754519067,APPROVED
CUST100675,خالد مراد,Khaled Mourad,SYN944660313064,APPROVED
CUST100676,دينا حسن,Dina Hassan,SYN755537469171,APPROVED
CUST100677,أحمد عبدالله,Ahmed Abdallah,SYN497100473632,APPROVED
CUST100678,هبة كمال,Heba Kamal,SYN889010324876,APPROVED
CUST100679,عبدالله إبراهيم,Abdullah Ibrahim,SYN574711867065,APPROVED
CUST100680,خالد مراد,Khaled Mourad,SYN770293835035,APPROVED
CUST100681,محمود أحمد,Mahmoud Ahmed,SYN838455349472,APPROVED
CUST100682,عبدالرحمن أحمد,Abdelrahman Ahmed,SYN774417575529,APPROVED
CUST100683,عبدالرحمن عمر,Abdelrahman Omar,SYN359069388443,APPROVED
CUST100684,عمر محمد,Omar Mohamed,SYN206059510815,APPROVED
CUST100685,آية إبراهيم,Aya Ibrahim,SYN314504676425,APPROVED
CUST100686,نور عبدالله,Nour Abdallah,SYN552587443282,APPROVED
CUST100687,دينا عبدالله,Dina Abdallah,SYN554749230063,APPROVED
CUST100688,نور مراد,Nour Mourad,SYN624379914383,APPROVED
CUST100689,ياسمين علي,Yasmine Ali,SYN455591653793,APPROVED
CUST100690,عبدالرحمن عمر,Abdelrahman Omar,SYN808202243305,APPROVED
CUST100691,ياسمين كمال,Yasmine Kamal,SYN921838375312,APPROVED
CUST100692,عبدالله منصور,Abdullah Mansour,SYN322052548131,APPROVED
CUST100693,عبدالله محمد,Abdullah Mohamed,SYN762870895931,APPROVED
CUST100694,أحمد حسن,Ahmed Hassan,SYN710174667290,APPROVED
CUST100695,علي فؤاد,Ali Fouad,SYN570781449351,APPROVED
CUST100696,خالد إبراهيم,Khaled Ibrahim,SYN269677210486,APPROVED
CUST100697,دينا حسن,Dina Hassan,SYN815709032724,APPROVED
CUST100698,أحمد محمد,Ahmed Mohamed,SYN964563657065,APPROVED
CUST100699,أحمد مراد,Ahmed Mourad,SYN749652699010,APPROVED
CUST100700,هبة حسين,Heba Hussein,SYN926073996963,APPROVED
CUST100701,كريم حسن,Karim Hassan,SYN985766738453,APPROVED
CUST100702,عمر فؤاد,Omar Fouad,SYN416845606815,APPROVED
CUST100703,عمر حسن,Omar Hassan,SYN674401197633,APPROVED
CUST100704,محمود كمال,Mahmoud Kamal,SYN526539463874,APPROVED
CUST100705,دينا يوسف,Dina Youssef,SYN987965872176,APPROVED
CUST100706,محمد مراد,Mohamed Mourad,SYN184427041606,APPROVED
CUST100707,دينا كمال,Dina Kamal,SYN471137422867,APPROVED
CUST100708,منى حسين,Mona Hussein,SYN887985140074,APPROVED
CUST100709,منى حسين,Mona Hussein,SYN355646179473,APPROVED
CUST100710,Mostafa Mohamed,Mostafa Mohamed,SYN809013565574,APPROVED
CUST100711,هبة إبراهيم,Heba Ibrahim,SYN444504846502,APPROVED
CUST100712,خالد كمال,Khaled Kamal,SYN981980685901,APPROVED
CUST100713,ياسمين عمر,Yasmine Omar,SYN895176852781,APPROVED
CUST100714,عبدالله منصور,Abdullah Mansour,SYN371188321896,APPROVED
CUST100715,ياسمين كمال,Yasmine Kamal,SYN793173802184,APPROVED
CUST100716,هبة منصور,Heba Mansour,SYN403170889449,APPROVED
CUST100717,منى محمد,Mona Mohamed,SYN645726556193,APPROVED
CUST100718,يوسف عبدالله,Youssef Abdallah,SYN692632691553,APPROVED
CUST100719,دينا إبراهيم,Dina Ibrahim,SYN846635868177,APPROVED
CUST100720,محمود علي,Mahmoud Ali,SYN122005756793,APPROVED
CUST100721,عبدالله عمر,Abdullah Omar,SYN298142102037,APPROVED
CUST100722,آية منصور,Aya Mansour,SYN740726029529,APPROVED
CUST100723,محمود فؤاد,Mahmoud Fouad,SYN607170913272,APPROVED
CUST100724,ياسمين سالم,Yasmine Salem,SYN546044570381,APPROVED
CUST100725,محمود عمر,Mahmoud Omar,SYN149688961037,APPROVED
CUST100726,خالد مراد,Khaled Mourad,SYN413448295115,APPROVED
CUST100727,أحمد سالم,Ahmed Salem,SYN878590208719,APPROVED
CUST100728,منى عبدالله,Mona Abdallah,SYN127803553332,APPROVED
CUST100729,مصطفى علي,Mostafa Ali,SYN456792611828,APPROVED
CUST100730,خالد عمر,Khaled Omar,SYN950633458903,APPROVED
CUST100731,نور كمال,Nour Kamal,SYN145792661090,APPROVED
CUST100732,عبدالله فؤاد,Abdullah Fouad,SYN774735175940,APPROVED
CUST100733,ياسمين يوسف,Yasmine Youssef,SYN331851354563,APPROVED
CUST100734,يوسف يوسف,Youssef Youssef,SYN879947948938,APPROVED
CUST100735,مصطفى عمر,Mostafa Omar,SYN771461181063,APPROVED
CUST100736,خالد إبراهيم,Khaled Ibrahim,SYN897134653772,APPROVED
CUST100737,سارة علي,Sara Ali,SYN294332311388,APPROVED
CUST100738,خالد أحمد,Khaled Ahmed,SYN578163479336,APPROVED
CUST100739,إسراء حسين,Esraa Hussein,SYN801342949217,APPROVED
CUST100740,آية عبدالله,Aya Abdallah,SYN321129768695,APPROVED
CUST100741,ياسمين عمر,Yasmine Omar,SYN307671674740,APPROVED
CUST100742,كريم عبدالله,Karim Abdallah,SYN124463920147,APPROVED
CUST100743,علي أحمد,Ali Ahmed,SYN962663764577,APPROVED
CUST100744,ياسمين حسين,Yasmine Hussein,SYN739015192049,APPROVED
CUST100745,مريم مراد,Mariam Mourad,SYN672004318609,APPROVED
CUST100746,هبة مراد,Heba Mourad,SYN769595250425,APPROVED
CUST100747,سارة محمد,Sara Mohamed,SYN578451626825,APPROVED
CUST100748,سارة يوسف,Sara Youssef,SYN528520438981,APPROVED
CUST100749,عمر فؤاد,Omar Fouad,SYN504579017011,APPROVED
CUST100750,عبدالرحمن كمال,Abdelrahman Kamal,SYN676395290893,APPROVED
CUST100751,محمود كمال,Mahmoud Kamal,SYN281381477853,APPROVED
CUST100752,أحمد منصور,Ahmed Mansour,SYN899252825513,APPROVED
CUST100753,عبدالله محمد,Abdullah Mohamed,SYN830577134097,APPROVED
CUST100754,دينا منصور,Dina Mansour,SYN414607250306,APPROVED
CUST100755,نور محمود,Nour Mahmoud,SYN620748367131,APPROVED
CUST100756,خالد محمد,Khaled Mohamed,SYN226924569955,APPROVED
CUST100757,مريم منصور,Mariam Mansour,SYN975111623140,APPROVED
CUST100758,محمود سالم,Mahmoud Salem,SYN912603418867,APPROVED
CUST100759,خالد سالم,Khaled Salem,SYN929707755849,APPROVED
CUST100760,عمر محمد,Omar Mohamed,SYN398946742933,APPROVED
CUST100761,دينا عبدالله,Dina Abdallah,SYN252221236644,APPROVED
CUST100762,عبدالله أحمد,Abdullah Ahmed,SYN290594947119,APPROVED
CUST100763,عبدالله منصور,Abdullah Mansour,SYN181001251940,APPROVED
CUST100764,مريم سالم,Mariam Salem,SYN208099567091,APPROVED
CUST100765,ياسمين مراد,Yasmine Mourad,SYN164174080766,APPROVED
CUST100766,كريم إبراهيم,Karim Ibrahim,SYN990840762284,APPROVED
CUST100767,منى إبراهيم,Mona Ibrahim,SYN166651915032,APPROVED
CUST100768,محمود علي,Mahmoud Ali,SYN219287872856,APPROVED
CUST100769,مريم حسن,Mariam Hassan,SYN844529136031,APPROVED
CUST100770,مصطفى محمد,Mostafa Mohamed,SYN622216195068,APPROVED
CUST100771,عبدالرحمن محمد,Abdelrahman Mohamed,SYN796975484112,APPROVED
CUST100772,محمد محمد,Mohamed Mohamed,SYN667820806995,APPROVED
CUST100773,خالد محمد,Khaled Mohamed,SYN893957563296,APPROVED
CUST100774,آية عمر,Aya Omar,SYN674620774988,APPROVED
CUST100775,عبدالرحمن علي,Abdelrahman Ali,SYN569912583612,APPROVED
CUST100776,نور محمود,Nour Mahmoud,SYN741474724385,APPROVED
CUST100777,محمود حسن,Mahmoud Hassan,SYN502653476612,APPROVED
CUST100778,علي محمود,Ali Mahmoud,SYN411457440614,APPROVED
CUST100779,إسراء فؤاد,Esraa Fouad,SYN520887207205,APPROVED
CUST100780,إسراء أحمد,Esraa Ahmed,SYN252742694588,APPROVED
CUST100781,كريم محمد,Karim Mohamed,SYN816914556822,APPROVED
CUST100782,محمود أحمد,Mahmoud Ahmed,SYN334633403202,APPROVED
CUST100783,محمود مراد,Mahmoud Mourad,SYN238178391703,APPROVED
CUST100784,منى فؤاد,Mona Fouad,SYN321717017604,APPROVED
CUST100785,دينا حسين,Dina Hussein,SYN857863136595,APPROVED
CUST100786,محمد حسن,Mohamed Hassan,SYN397181166037,APPROVED
CUST100787,مصطفى علي,Mostafa Ali,SYN717444882555,APPROVED
CUST100788,هبة إبراهيم,Heba Ibrahim,SYN870768667590,APPROVED
CUST100789,محمد عمر,Mohamed Omar,SYN169970200232,APPROVED
CUST100790,أحمد سالم,Ahmed Salem,SYN788521964660,APPROVED
CUST100791,منى كمال,Mona Kamal,SYN376898919741,APPROVED
CUST100792,خالد محمد,Khaled Mohamed,SYN294960127765,APPROVED
CUST100793,آية محمود,Aya Mahmoud,SYN720011307207,APPROVED
CUST100794,نور إبراهيم,Nour Ibrahim,SYN918816960459,APPROVED
CUST100795,علي حسين,Ali Hussein,SYN365517287841,APPROVED
CUST100796,عبدالرحمن مراد,Abdelrahman Mourad,SYN611950424845,APPROVED
CUST100797,منى حسن,Mona Hassan,SYN360850702464,APPROVED
CUST100798,سارة إبراهيم,Sara Ibrahim,SYN598857027153,APPROVED
CUST100799,,Nour Ibrahim,SYN659675827588,APPROVED
CUST100800,محمد أحمد,Mohamed Ahmed,SYN649301849911,APPROVED
CUST100801,سارة إبراهيم,Sara Ibrahim,SYN661191732678,APPROVED
CUST100802,هبة عبدالله,Heba Abdallah,SYN221571812995,APPROVED
CUST100803,عبدالله حسين,Abdullah Hussein,SYN724186422628,APPROVED
CUST100804,خالد علي,Khaled Ali,SYN707275320742,APPROVED
CUST100805,ياسمين أحمد,Yasmine Ahmed,SYN714329309995,APPROVED
CUST100806,هبة أحمد,Heba Ahmed,SYN166663497464,APPROVED
CUST100807,محمود إبراهيم,Mahmoud Ibrahim,SYN502154958172,APPROVED
CUST100808,مريم علي,Mariam Ali,SYN468131618841,APPROVED
CUST100809,عبدالرحمن مراد,Abdelrahman Mourad,SYN178040335278,APPROVED
CUST100810,محمد حسين,Mohamed Hussein,SYN300131135107,APPROVED
CUST100811,إسراء منصور,Esraa Mansour,SYN496866368618,APPROVED
CUST100812,مصطفى فؤاد,Mostafa Fouad,SYN768615678872,APPROVED
CUST100813,علي إبراهيم,Ali Ibrahim,SYN313355869286,APPROVED
CUST100814,ياسمين كمال,Yasmine Kamal,SYN846774919112,APPROVED
CUST100815,آية علي,Aya Ali,SYN591218457165,APPROVED
CUST100816,محمد حسين,Mohamed Hussein,SYN784379516666,APPROVED
CUST100817,محمود حسين,Mahmoud Hussein,SYN525300385003,APPROVED
CUST100818,مصطفى حسن,Mostafa Hassan,SYN549274802880,APPROVED
CUST100819,عبدالرحمن محمود,Abdelrahman Mahmoud,SYN657747450441,APPROVED
CUST100820,محمد محمود,Mohamed Mahmoud,SYN935173547349,APPROVED
CUST100821,مصطفى عمر,Mostafa Omar,SYN542631323271,APPROVED
CUST100822,محمود محمود,Mahmoud Mahmoud,SYN575791784297,APPROVED
CUST100823,مصطفى كمال,Mostafa Kamal,SYN641797267174,APPROVED
CUST100824,كريم عمر,Karim Omar,SYN763763623567,APPROVED
CUST100825,أحمد كمال,Ahmed Kamal,SYN164665301937,APPROVED
CUST100826,مصطفى علي,Mostafa Ali,SYN564118694669,APPROVED
CUST100827,إسراء مراد,Esraa Mourad,SYN533432430285,APPROVED
CUST100828,إسراء منصور,Esraa Mansour,SYN929516485813,APPROVED
CUST100829,محمد مراد,Mohamed Mourad,SYN544155922392,APPROVED
CUST100830,يوسف محمد,Youssef Mohamed,SYN521488481224,APPROVED
CUST100831,يوسف مراد,Youssef Mourad,SYN965979989681,APPROVED
CUST100832,منى سالم,Mona Salem,SYN505518817240,APPROVED
CUST100833,محمود علي,Mahmoud Ali,SYN262795987289,APPROVED
CUST100834,إسراء عبدالله,Esraa Abdallah,SYN295224510525,APPROVED
CUST100835,ياسمين حسن,Yasmine Hassan,SYN185668784503,APPROVED
CUST100836,آية مراد,Aya Mourad,SYN100511316333,APPROVED
CUST100837,عمر محمود,Omar Mahmoud,SYN488751094900,APPROVED
CUST100838,محمد حسين,Mohamed Hussein,SYN792318323168,APPROVED
CUST100839,عبدالله سالم,Abdullah Salem,SYN760119798519,APPROVED
CUST100840,علي عبدالله,Ali Abdallah,SYN128934179022,APPROVED
CUST100841,مصطفى علي,Mostafa Ali,SYN612984613234,APPROVED
CUST100842,عبدالله يوسف,Abdullah Youssef,SYN238854812872,APPROVED
CUST100843,محمد يوسف,Mohamed Youssef,SYN946968656288,APPROVED
CUST100844,محمد عمر,Mohamed Omar,SYN250628499679,APPROVED
CUST100845,محمد منصور,Mohamed Mansour,SYN663975295927,APPROVED
CUST100846,عمر عبدالله,Omar Abdallah,SYN393614525947,APPROVED
CUST100847,أحمد سالم,Ahmed Salem,SYN677405193367,APPROVED
CUST100848,آية إبراهيم,Aya Ibrahim,SYN471032736817,APPROVED
CUST100849,كريم حسن,Karim Hassan,SYN783678747075,APPROVED
CUST100850,عبدالرحمن علي,Abdelrahman Ali,SYN307611212795,APPROVED
CUST100851,آية حسين,Aya Hussein,SYN915212667622,APPROVED
CUST100852,عبدالرحمن عبدالله,Abdelrahman Abdallah,SYN550188684382,APPROVED
CUST100853,يوسف حسن,Youssef Hassan,SYN780483832941,APPROVED
CUST100854,علي علي,Ali Ali,SYN864757172261,APPROVED
CUST100855,آية يوسف,Aya Youssef,SYN998945749859,APPROVED
CUST100856,يوسف محمد,Youssef Mohamed,SYN301551099034,APPROVED
CUST100857,أحمد سالم,Ahmed Salem,SYN358203172207,APPROVED
CUST100858,مصطفى إبراهيم,Mostafa Ibrahim,SYN325389778058,APPROVED
CUST100859,آية عمر,Aya Omar,SYN336584198943,APPROVED
CUST100860,عبدالرحمن عمر,Abdelrahman Omar,SYN624200267385,APPROVED
CUST100861,عبدالله محمود,Abdullah Mahmoud,SYN994170270831,APPROVED
CUST100862,محمود يوسف,Mahmoud Youssef,SYN991250278383,APPROVED
CUST100863,ياسمين محمد,Yasmine Mohamed,SYN574095908226,APPROVED
CUST100864,آية يوسف,Aya Youssef,SYN675124489238,APPROVED
CUST100865,مصطفى عبدالله,Mostafa Abdallah,SYN873973489331,APPROVED
CUST100866,آية علي,Aya Ali,SYN939640112608,APPROVED
CUST100867,آية عمر,Aya Omar,SYN283474564596,APPROVED
CUST100868,نور أحمد,Nour Ahmed,SYN575687556048,APPROVED
CUST100869,محمد عمر,Mohamed Omar,SYN849553349195,APPROVED
CUST100870,منى أحمد,Mona Ahmed,SYN372881868971,APPROVED
CUST100871,يوسف حسين,Youssef Hussein,SYN495828138232,APPROVED
CUST100872,محمود منصور,Mahmoud Mansour,SYN987058991360,APPROVED
CUST100873,محمود مراد,Mahmoud Mourad,SYN986542027048,APPROVED
CUST100874,مصطفى عبدالله,Mostafa Abdallah,SYN915496129688,APPROVED
CUST100875,هبة علي,Heba Ali,SYN818603510345,APPROVED
CUST100876,هبة حسين,Heba Hussein,SYN342217450650,APPROVED
CUST100877,خالد كمال,Khaled Kamal,SYN388765066660,APPROVED
CUST100878,هبة فؤاد,Heba Fouad,SYN592554557084,APPROVED
CUST100879,كريم علي,Karim Ali,SYN604699637105,APPROVED
CUST100880,أحمد محمد,Ahmed Mohamed,SYN554952537421,APPROVED
CUST100881,إسراء حسين,Esraa Hussein,SYN673003251924,APPROVED
CUST100882,نور حسن,Nour Hassan,SYN467490720369,APPROVED
CUST100883,عمر يوسف,Omar Youssef,SYN774256741583,APPROVED
CUST100884,آية منصور,Aya Mansour,SYN400194933830,APPROVED
CUST100885,خالد حسن,Khaled Hassan,SYN397609297251,APPROVED
CUST100886,أحمد منصور,Ahmed Mansour,SYN214503365702,APPROVED
CUST100887,عمر عبدالله,Omar Abdallah,SYN269840989026,APPROVED
CUST100888,محمد أحمد,Mohamed Ahmed,SYN865468791029,APPROVED
CUST100889,علي عبدالله,Ali Abdallah,SYN501654104722,APPROVED
CUST100890,أحمد حسن,Ahmed Hassan,SYN305081007897,APPROVED
CUST100891,خالد حسين,Khaled Hussein,SYN783406990020,APPROVED
CUST100892,هبة كمال,Heba Kamal,SYN598583013235,APPROVED
CUST100893,عبدالرحمن فؤاد,Abdelrahman Fouad,SYN119040410280,APPROVED
CUST100894,خالد حسن,Khaled Hassan,SYN384725311603,APPROVED
CUST100895,كريم يوسف,Karim Youssef,SYN259301270009,APPROVED
CUST100896,هبة سالم,Heba Salem,SYN690285574884,APPROVED
CUST100897,أحمد كمال,Ahmed Kamal,SYN347527936567,APPROVED
CUST100898,أحمد عمر,Ahmed Omar,SYN158452101288,APPROVED
CUST100899,كريم محمد,Karim Mohamed,SYN149441490277,APPROVED
CUST100900,محمد سالم,Mohamed Salem,SYN623554568162,APPROVED
CUST100901,محمد إبراهيم,Mohamed Ibrahim,SYN119551110133,APPROVED
CUST100902,يوسف فؤاد,Youssef Fouad,SYN863912901822,APPROVED
CUST100903,إسراء حسين,Esraa Hussein,SYN239857407331,APPROVED
CUST100904,منى محمود,Mona Mahmoud,SYN645909701675,APPROVED
CUST100905,خالد حسين,Khaled Hussein,SYN500219225209,APPROVED
CUST100906,نور محمود,Nour Mahmoud,SYN498566369108,APPROVED
CUST100907,عمر حسن,Omar Hassan,SYN164617428124,APPROVED
CUST100908,مريم أحمد,Mariam Ahmed,SYN822477025190,APPROVED
CUST100909,أحمد مراد,Ahmed Mourad,SYN903747236277,APPROVED
CUST100910,ياسمين علي,Yasmine Ali,SYN109915000645,APPROVED
CUST100911,عمر كمال,Omar Kamal,SYN260743758127,APPROVED
CUST100912,مريم أحمد,Mariam Ahmed,SYN913513769915,APPROVED
CUST100913,عبدالرحمن عمر,Abdelrahman Omar,SYN594544251520,APPROVED
CUST100914,دينا محمود,Dina Mahmoud,SYN235035620423,APPROVED
CUST100915,منى إبراهيم,Mona Ibrahim,SYN282511407348,APPROVED
CUST100916,هبة محمود,Heba Mahmoud,SYN693987619813,APPROVED
CUST100917,ياسمين إبراهيم,Yasmine Ibrahim,SYN752335140022,APPROVED
CUST100918,علي عبدالله,Ali Abdallah,SYN639484127721,APPROVED
CUST100919,كريم إبراهيم,Karim Ibrahim,SYN957833541921,APPROVED
CUST100920,إسراء محمد,Esraa Mohamed,SYN544657243295,APPROVED
CUST100921,دينا سالم,Dina Salem,SYN370244720928,APPROVED
CUST100922,نور يوسف,Nour Youssef,SYN529509618978,APPROVED
CUST100923,محمود عبدالله,Mahmoud Abdallah,SYN423699664299,APPROVED
CUST100924,يوسف محمد,Youssef Mohamed,SYN301974303407,APPROVED
CUST100925,عبدالله علي,Abdullah Ali,SYN141366924406,APPROVED
CUST100926,هبة محمد,Heba Mohamed,SYN416991244208,APPROVED
CUST100927,سارة علي,Sara Ali,SYN740268412938,APPROVED
CUST100928,نور حسن,Nour Hassan,SYN116594022587,APPROVED
CUST100929,دينا مراد,Dina Mourad,SYN495260661885,APPROVED
CUST100930,هبة علي,Heba Ali,SYN679608461304,APPROVED
CUST100931,مصطفى إبراهيم,Mostafa Ibrahim,SYN649363698256,APPROVED
CUST100932,علي يوسف,Ali Youssef,SYN798983592299,APPROVED
CUST100933,كريم مراد,Karim Mourad,SYN829467744093,APPROVED
CUST100934,نور حسن,Nour Hassan,SYN740535238827,APPROVED
CUST100935,عبدالله حسن,Abdullah Hassan,SYN192517926530,APPROVED
CUST100936,عمر محمد,Omar Mohamed,SYN527520199603,APPROVED
CUST100937,محمود سالم,Mahmoud Salem,SYN643065361738,APPROVED
CUST100938,منى مراد,Mona Mourad,SYN321009434928,APPROVED
CUST100939,هبة حسين,Heba Hussein,SYN138296635882,APPROVED
CUST100940,مصطفى حسن,Mostafa Hassan,SYN301231288788,APPROVED
CUST100941,نور حسين,Nour Hussein,SYN509404961559,APPROVED
CUST100942,عبدالله كمال,Abdullah Kamal,SYN472537287149,APPROVED
CUST100943,منى أحمد,Mona Ahmed,SYN259000283194,APPROVED
CUST100944,محمود محمد,Mahmoud Mohamed,SYN841973988415,APPROVED
CUST100945,محمود علي,Mahmoud Ali,SYN933118001863,APPROVED
CUST100946,عبدالرحمن حسن,Abdelrahman Hassan,SYN281213487147,APPROVED
CUST100947,محمود كمال,Mahmoud Kamal,SYN936615624010,APPROVED
CUST100948,عبدالله أحمد,Abdullah Ahmed,SYN116074863257,APPROVED
CUST100949,علي محمود,Ali Mahmoud,SYN932466225436,APPROVED
CUST100950,أحمد كمال,Ahmed Kamal,SYN956735911072,APPROVED
CUST100951,سارة منصور,Sara Mansour,SYN110846676714,APPROVED
CUST100952,كريم علي,Karim Ali,SYN786717367099,APPROVED
CUST100953,نور عبدالله,Nour Abdallah,SYN973181415312,APPROVED
CUST100954,ياسمين مراد,Yasmine Mourad,SYN915311996936,APPROVED
CUST100955,كريم عبدالله,Karim Abdallah,SYN973639145076,APPROVED
CUST100956,نور إبراهيم,Nour Ibrahim,SYN595291155127,APPROVED
CUST100957,كريم إبراهيم,Karim Ibrahim,SYN170340525896,APPROVED
CUST100958,عبدالرحمن منصور,Abdelrahman Mansour,SYN864810278024,APPROVED
CUST100959,نور حسن,Nour Hassan,SYN652445430228,APPROVED
CUST100960,عمر يوسف,Omar Youssef,SYN653263069769,APPROVED
CUST100961,نور مراد,Nour Mourad,SYN475528248872,APPROVED
CUST100962,آية حسن,Aya Hassan,SYN614657778868,APPROVED
CUST100963,يوسف يوسف,Youssef Youssef,SYN238221801177,APPROVED
CUST100964,عبدالله يوسف,Abdullah Youssef,SYN765793023909,APPROVED
CUST100965,دينا عمر,Dina Omar,SYN167515576616,APPROVED
CUST100966,كريم محمد,Karim Mohamed,SYN756802690339,APPROVED
CUST100967,سارة إبراهيم,Sara Ibrahim,SYN864080580362,APPROVED
CUST100968,عبدالله يوسف,Abdullah Youssef,SYN525221809808,APPROVED
CUST100969,محمد حسن,Mohamed Hassan,SYN558847329451,APPROVED
CUST100970,علي يوسف,Ali Youssef,SYN380992845629,APPROVED
CUST100971,نور كمال,Nour Kamal,SYN972512725353,APPROVED
CUST100972,منى فؤاد,Mona Fouad,SYN759812027103,APPROVED
CUST100973,منى محمد,Mona Mohamed,SYN432089697970,APPROVED
CUST100974,محمود سالم,Mahmoud Salem,SYN257326647609,APPROVED
CUST100975,يوسف أحمد,Youssef Ahmed,SYN297621632981,APPROVED
CUST100976,أحمد كمال,Ahmed Kamal,SYN517530057499,APPROVED
CUST100977,دينا محمد,Dina Mohamed,SYN948311560282,APPROVED
CUST100978,مريم أحمد,Mariam Ahmed,SYN760731711184,APPROVED
CUST100979,دينا عمر,Dina Omar,SYN293719373361,APPROVED
CUST100980,دينا منصور,Dina Mansour,SYN873605020077,APPROVED
CUST100981,خالد منصور,Khaled Mansour,SYN440380470708,APPROVED
CUST100982,هبة أحمد,Heba Ahmed,SYN866549964477,APPROVED
CUST100983,كريم عمر,Karim Omar,SYN317529638183,APPROVED
CUST100984,دينا منصور,Dina Mansour,SYN656794550742,APPROVED
CUST100985,مصطفى عمر,Mostafa Omar,SYN934003439273,APPROVED
CUST100986,كريم يوسف,Karim Youssef,SYN332104608233,APPROVED
CUST100987,سارة حسين,Sara Hussein,SYN723633931527,APPROVED
CUST100988,يوسف حسين,Youssef Hussein,SYN988581357961,APPROVED
CUST100989,ياسمين كمال,Yasmine Kamal,SYN235538458518,APPROVED
CUST100990,سارة إبراهيم,Sara Ibrahim,SYN179562061630,APPROVED
CUST100991,هبة عبدالله,Heba Abdallah,SYN706775673200,APPROVED
CUST100992,عمر محمود,Omar Mahmoud,SYN405762352974,APPROVED
CUST100993,نور منصور,Nour Mansour,SYN164120029629,APPROVED
CUST100994,هبة عمر,Heba Omar,SYN527775056095,APPROVED
CUST100995,كريم أحمد,Karim Ahmed,SYN778393611679,APPROVED
CUST100996,هبة سالم,Heba Salem,SYN356610160373,APPROVED
CUST100997,مريم مراد,Mariam Mourad,SYN401542189754,APPROVED
CUST100998,عبدالرحمن محمود,Abdelrahman Mahmoud,SYN861129460582,APPROVED
CUST100999,هبة محمود,Heba Mahmoud,SYN568064721035,APPROVED
