finding_id,customer_id,control_id,severity,assessment_status,finding_status,actual,expected,evidence_fields
F-0001,CUST100005,SCREENING_001,CRITICAL,FAIL,REVIEW,Screening result is not CLEAR while wallet is OPENED,Customer must have a CLEAR screening result and mandatory screening evidence before wallet activation.,"customer_id, screening_status, screening_evidence_present, screening_reference, wallet_status"
F-0002,CUST100012,ARABIC_NAME_001,MEDIUM,FAIL,REVIEW,Arabic customer name is missing or contains no Arabic-script characters,Customer record must contain an Arabic-script customer name.,"customer_id, name_ar"
F-0003,CUST100016,SCREENING_001,HIGH,FAIL,REVIEW,Screening result is not CLEAR while wallet is OPENED,Customer must have a CLEAR screening result and mandatory screening evidence before wallet activation.,"customer_id, screening_status, screening_evidence_present, screening_reference, wallet_status"
F-0004,CUST100027,SCREENING_001,HIGH,FAIL,REVIEW,Screening result is not CLEAR while wallet is OPENED,Customer must have a CLEAR screening result and mandatory screening evidence before wallet activation.,"customer_id, screening_status, screening_evidence_present, screening_reference, wallet_status"
F-0005,CUST100031,RISK_001,HIGH,FAIL,REVIEW,High-risk customer has an OPENED wallet without an approved exception,High-risk customers must not be activated for standard wallet use unless an approved exception is recorded.,"customer_id, risk_level, risk_exception_approved, risk_exception_reference, risk_exception_reviewer, wallet_status"
F-0006,CUST100034,SCREENING_001,HIGH,FAIL,REVIEW,Screening result is not CLEAR while wallet is OPENED,Customer must have a CLEAR screening result and mandatory screening evidence before wallet activation.,"customer_id, screening_status, screening_evidence_present, screening_reference, wallet_status"
F-0007,CUST100041,SCREENING_001,HIGH,FAIL,REVIEW,Screening result is not CLEAR while wallet is OPENED,Customer must have a CLEAR screening result and mandatory screening evidence before wallet activation.,"customer_id, screening_status, screening_evidence_present, screening_reference, wallet_status"
F-0008,CUST100043,DORMANT_001,HIGH,FAIL,REVIEW,Dormant account has an OPENED wallet without completed dormant handling,Dormant accounts must have documented required handling completed before wallet activation.,"customer_id, account_status, last_transaction_date, dormant_handling_status, wallet_status"
F-0009,CUST100044,SCREENING_001,CRITICAL,FAIL,REVIEW,Screening result is not CLEAR while wallet is OPENED,Customer must have a CLEAR screening result and mandatory screening evidence before wallet activation.,"customer_id, screening_status, screening_evidence_present, screening_reference, wallet_status"
F-0010,CUST100044,RISK_001,HIGH,FAIL,REVIEW,High-risk customer has an OPENED wallet without an approved exception,High-risk customers must not be activated for standard wallet use unless an approved exception is recorded.,"customer_id, risk_level, risk_exception_approved, risk_exception_reference, risk_exception_reviewer, wallet_status"
F-0011,CUST100045,SCREENING_001,HIGH,FAIL,REVIEW,Screening result is not CLEAR while wallet is OPENED,Customer must have a CLEAR screening result and mandatory screening evidence before wallet activation.,"customer_id, screening_status, screening_evidence_present, screening_reference, wallet_status"
F-0012,CUST100048,SCREENING_001,HIGH,FAIL,REVIEW,Screening result is not CLEAR while wallet is OPENED,Customer must have a CLEAR screening result and mandatory screening evidence before wallet activation.,"customer_id, screening_status, screening_evidence_present, screening_reference, wallet_status"
F-0013,CUST100051,ARABIC_NAME_001,MEDIUM,FAIL,REVIEW,Arabic customer name is missing or contains no Arabic-script characters,Customer record must contain an Arabic-script customer name.,"customer_id, name_ar"
F-0014,CUST100057,DORMANT_001,HIGH,FAIL,REVIEW,Dormant account has an OPENED wallet without completed dormant handling,Dormant accounts must have documented required handling completed before wallet activation.,"customer_id, account_status, last_transaction_date, dormant_handling_status, wallet_status"
F-0015,CUST100061,DORMANT_001,HIGH,FAIL,REVIEW,Dormant account has an OPENED wallet without completed dormant handling,Dormant accounts must have documented required handling completed before wallet activation.,"customer_id, account_status, last_transaction_date, dormant_handling_status, wallet_status"
F-0016,CUST100068,DORMANT_001,HIGH,FAIL,REVIEW,Dormant account has an OPENED wallet without completed dormant handling,Dormant accounts must have documented required handling completed before wallet activation.,"customer_id, account_status, last_transaction_date, dormant_handling_status, wallet_status"
F-0017,CUST100073,SCREENING_001,HIGH,FAIL,REVIEW,Screening result is not CLEAR while wallet is OPENED,Customer must have a CLEAR screening result and mandatory screening evidence before wallet activation.,"customer_id, screening_status, screening_evidence_present, screening_reference, wallet_status"
F-0018,CUST100074,SCREENING_001,HIGH,FAIL,REVIEW,Screening result is not CLEAR while wallet is OPENED,Customer must have a CLEAR screening result and mandatory screening evidence before wallet activation.,"customer_id, screening_status, screening_evidence_present, screening_reference, wallet_status"
F-0019,CUST100075,SCREENING_001,HIGH,FAIL,REVIEW,Screening result is not CLEAR while wallet is OPENED,Customer must have a CLEAR screening result and mandatory screening evidence before wallet activation.,"customer_id, screening_status, screening_evidence_present, screening_reference, wallet_status"
F-0020,CUST100085,DORMANT_001,HIGH,FAIL,REVIEW,Dormant account has an OPENED wallet without completed dormant handling,Dormant accounts must have documented required handling completed before wallet activation.,"customer_id, account_status, last_transaction_date, dormant_handling_status, wallet_status"
F-0021,CUST100087,ARABIC_NAME_001,MEDIUM,FAIL,REVIEW,Arabic customer name is missing or contains no Arabic-script characters,Customer record must contain an Arabic-script customer name.,"customer_id, name_ar"
F-0022,CUST100089,SCREENING_001,HIGH,FAIL,REVIEW,Screening result is not CLEAR while wallet is OPENED,Customer must have a CLEAR screening result and mandatory screening evidence before wallet activation.,"customer_id, screening_status, screening_evidence_present, screening_reference, wallet_status"
F-0023,CUST100090,SCREENING_001,HIGH,FAIL,REVIEW,Screening result is not CLEAR while wallet is OPENED,Customer must have a CLEAR screening result and mandatory screening evidence before wallet activation.,"customer_id, screening_status, screening_evidence_present, screening_reference, wallet_status"
F-0024,CUST100091,SCREENING_001,HIGH,FAIL,REVIEW,Screening result is not CLEAR while wallet is OPENED,Customer must have a CLEAR screening result and mandatory screening evidence before wallet activation.,"customer_id, screening_status, screening_evidence_present, screening_reference, wallet_status"
F-0025,CUST100092,SCREENING_001,HIGH,FAIL,REVIEW,Screening result is not CLEAR while wallet is OPENED,Customer must have a CLEAR screening result and mandatory screening evidence before wallet activation.,"customer_id, screening_status, screening_evidence_present, screening_reference, wallet_status"
F-0026,CUST100100,SCREENING_001,HIGH,FAIL,REVIEW,Screening result is not CLEAR while wallet is OPENED,Customer must have a CLEAR screening result and mandatory screening evidence before wallet activation.,"customer_id, screening_status, screening_evidence_present, screening_reference, wallet_status"
F-0027,CUST100102,SCREENING_001,HIGH,FAIL,REVIEW,Screening result is not CLEAR while wallet is OPENED,Customer must have a CLEAR screening result and mandatory screening evidence before wallet activation.,"customer_id, screening_status, screening_evidence_present, screening_reference, wallet_status"
F-0028,CUST100108,DORMANT_001,HIGH,FAIL,REVIEW,Dormant account has an OPENED wallet without completed dormant handling,Dormant accounts must have documented required handling completed before wallet activation.,"customer_id, account_status, last_transaction_date, dormant_handling_status, wallet_status"
F-0029,CUST100109,SCREENING_001,HIGH,FAIL,REVIEW,Screening result is not CLEAR while wallet is OPENED,Customer must have a CLEAR screening result and mandatory screening evidence before wallet activation.,"customer_id, screening_status, screening_evidence_present, screening_reference, wallet_status"
F-0030,CUST100120,DORMANT_001,HIGH,FAIL,REVIEW,Dormant account has an OPENED wallet without completed dormant handling,Dormant accounts must have documented required handling completed before wallet activation.,"customer_id, account_status, last_transaction_date, dormant_handling_status, wallet_status"
F-0031,CUST100129,SCREENING_001,HIGH,FAIL,REVIEW,Screening result is not CLEAR while wallet is OPENED,Customer must have a CLEAR screening result and mandatory screening evidence before wallet activation.,"customer_id, screening_status, screening_evidence_present, screening_reference, wallet_status"
F-0032,CUST100136,SCREENING_001,HIGH,FAIL,REVIEW,Screening result is not CLEAR while wallet is OPENED,Customer must have a CLEAR screening result and mandatory screening evidence before wallet activation.,"customer_id, screening_status, screening_evidence_present, screening_reference, wallet_status"
F-0033,CUST100142,SCREENING_001,HIGH,FAIL,REVIEW,Screening result is not CLEAR while wallet is OPENED,Customer must have a CLEAR screening result and mandatory screening evidence before wallet activation.,"customer_id, screening_status, screening_evidence_present, screening_reference, wallet_status"
F-0034,CUST100145,ARABIC_NAME_001,MEDIUM,FAIL,REVIEW,Arabic customer name is missing or contains no Arabic-script characters,Customer record must contain an Arabic-script customer name.,"customer_id, name_ar"
F-0035,CUST100148,SCREENING_001,HIGH,FAIL,REVIEW,Screening result is not CLEAR while wallet is OPENED,Customer must have a CLEAR screening result and mandatory screening evidence before wallet activation.,"customer_id, screening_status, screening_evidence_present, screening_reference, wallet_status"
F-0036,CUST100156,SCREENING_001,CRITICAL,FAIL,REVIEW,Screening result is not CLEAR while wallet is OPENED,Customer must have a CLEAR screening result and mandatory screening evidence before wallet activation.,"customer_id, screening_status, screening_evidence_present, screening_reference, wallet_status"
F-0037,CUST100158,SCREENING_001,HIGH,FAIL,REVIEW,Screening result is not CLEAR while wallet is OPENED,Customer must have a CLEAR screening result and mandatory screening evidence before wallet activation.,"customer_id, screening_status, screening_evidence_present, screening_reference, wallet_status"
F-0038,CUST100160,SCREENING_001,HIGH,FAIL,REVIEW,Screening result is not CLEAR while wallet is OPENED,Customer must have a CLEAR screening result and mandatory screening evidence before wallet activation.,"customer_id, screening_status, screening_evidence_present, screening_reference, wallet_status"
F-0039,CUST100170,SCREENING_001,HIGH,FAIL,REVIEW,Screening result is not CLEAR while wallet is OPENED,Customer must have a CLEAR screening result and mandatory screening evidence before wallet activation.,"customer_id, screening_status, screening_evidence_present, screening_reference, wallet_status"
F-0040,CUST100170,DORMANT_001,HIGH,FAIL,REVIEW,Dormant account has an OPENED wallet without completed dormant handling,Dormant accounts must have documented required handling completed before wallet activation.,"customer_id, account_status, last_transaction_date, dormant_handling_status, wallet_status"
F-0041,CUST100172,DORMANT_001,HIGH,FAIL,REVIEW,Dormant account has an OPENED wallet without completed dormant handling,Dormant accounts must have documented required handling completed before wallet activation.,"customer_id, account_status, last_transaction_date, dormant_handling_status, wallet_status"
F-0042,CUST100173,SCREENING_001,HIGH,FAIL,REVIEW,Screening result is not CLEAR while wallet is OPENED,Customer must have a CLEAR screening result and mandatory screening evidence before wallet activation.,"customer_id, screening_status, screening_evidence_present, screening_reference, wallet_status"
F-0043,CUST100176,SCREENING_001,HIGH,FAIL,REVIEW,Screening result is not CLEAR while wallet is OPENED,Customer must have a CLEAR screening result and mandatory screening evidence before wallet activation.,"customer_id, screening_status, screening_evidence_present, screening_reference, wallet_status"
F-0044,CUST100177,DORMANT_001,HIGH,FAIL,REVIEW,Dormant account has an OPENED wallet without completed dormant handling,Dormant accounts must have documented required handling completed before wallet activation.,"customer_id, account_status, last_transaction_date, dormant_handling_status, wallet_status"
F-0045,CUST100180,SCREENING_001,HIGH,FAIL,REVIEW,Screening result is not CLEAR while wallet is OPENED,Customer must have a CLEAR screening result and mandatory screening evidence before wallet activation.,"customer_id, screening_status, screening_evidence_present, screening_reference, wallet_status"
F-0046,CUST100184,DORMANT_001,HIGH,FAIL,REVIEW,Dormant account has an OPENED wallet without completed dormant handling,Dormant accounts must have documented required handling completed before wallet activation.,"customer_id, account_status, last_transaction_date, dormant_handling_status, wallet_status"
F-0047,CUST100187,SCREENING_001,HIGH,FAIL,REVIEW,Screening result is not CLEAR while wallet is OPENED,Customer must have a CLEAR screening result and mandatory screening evidence before wallet activation.,"customer_id, screening_status, screening_evidence_present, screening_reference, wallet_status"
F-0048,CUST100198,SCREENING_001,HIGH,FAIL,REVIEW,Screening result is not CLEAR while wallet is OPENED,Customer must have a CLEAR screening result and mandatory screening evidence before wallet activation.,"customer_id, screening_status, screening_evidence_present, screening_reference, wallet_status"
F-0049,CUST100201,SCREENING_001,HIGH,FAIL,REVIEW,Screening result is not CLEAR while wallet is OPENED,Customer must have a CLEAR screening result and mandatory screening evidence before wallet activation.,"customer_id, screening_status, screening_evidence_present, screening_reference, wallet_status"
F-0050,CUST100204,SCREENING_001,HIGH,FAIL,REVIEW,Screening result is not CLEAR while wallet is OPENED,Customer must have a CLEAR screening result and mandatory screening evidence before wallet activation.,"customer_id, screening_status, screening_evidence_present, screening_reference, wallet_status"
F-0051,CUST100208,RISK_001,HIGH,FAIL,REVIEW,High-risk customer has an OPENED wallet without an approved exception,High-risk customers must not be activated for standard wallet use unless an approved exception is recorded.,"customer_id, risk_level, risk_exception_approved, risk_exception_reference, risk_exception_reviewer, wallet_status"
F-0052,CUST100211,ARABIC_NAME_001,MEDIUM,FAIL,REVIEW,Arabic customer name is missing or contains no Arabic-script characters,Customer record must contain an Arabic-script customer name.,"customer_id, name_ar"
F-0053,CUST100222,DORMANT_001,HIGH,FAIL,REVIEW,Dormant account has an OPENED wallet without completed dormant handling,Dormant accounts must have documented required handling completed before wallet activation.,"customer_id, account_status, last_transaction_date, dormant_handling_status, wallet_status"
F-0054,CUST100230,DORMANT_001,HIGH,FAIL,REVIEW,Dormant account has an OPENED wallet without completed dormant handling,Dormant accounts must have documented required handling completed before wallet activation.,"customer_id, account_status, last_transaction_date, dormant_handling_status, wallet_status"
F-0055,CUST100236,SCREENING_001,HIGH,FAIL,REVIEW,Screening result is not CLEAR while wallet is OPENED,Customer must have a CLEAR screening result and mandatory screening evidence before wallet activation.,"customer_id, screening_status, screening_evidence_present, screening_reference, wallet_status"
F-0056,CUST100242,SCREENING_001,HIGH,FAIL,REVIEW,Screening result is not CLEAR while wallet is OPENED,Customer must have a CLEAR screening result and mandatory screening evidence before wallet activation.,"customer_id, screening_status, screening_evidence_present, screening_reference, wallet_status"
F-0057,CUST100248,SCREENING_001,HIGH,FAIL,REVIEW,Screening result is not CLEAR while wallet is OPENED,Customer must have a CLEAR screening result and mandatory screening evidence before wallet activation.,"customer_id, screening_status, screening_evidence_present, screening_reference, wallet_status"
F-0058,CUST100258,DORMANT_001,HIGH,FAIL,REVIEW,Dormant account has an OPENED wallet without completed dormant handling,Dormant accounts must have documented required handling completed before wallet activation.,"customer_id, account_status, last_transaction_date, dormant_handling_status, wallet_status"
F-0059,CUST100260,DORMANT_001,HIGH,FAIL,REVIEW,Dormant account has an OPENED wallet without completed dormant handling,Dormant accounts must have documented required handling completed before wallet activation.,"customer_id, account_status, last_transaction_date, dormant_handling_status, wallet_status"
F-0060,CUST100268,SCREENING_001,HIGH,FAIL,REVIEW,Screening result is not CLEAR while wallet is OPENED,Customer must have a CLEAR screening result and mandatory screening evidence before wallet activation.,"customer_id, screening_status, screening_evidence_present, screening_reference, wallet_status"
F-0061,CUST100270,SCREENING_001,HIGH,FAIL,REVIEW,Screening result is not CLEAR while wallet is OPENED,Customer must have a CLEAR screening result and mandatory screening evidence before wallet activation.,"customer_id, screening_status, screening_evidence_present, screening_reference, wallet_status"
F-0062,CUST100270,DORMANT_001,HIGH,FAIL,REVIEW,Dormant account has an OPENED wallet without completed dormant handling,Dormant accounts must have documented required handling completed before wallet activation.,"customer_id, account_status, last_transaction_date, dormant_handling_status, wallet_status"
F-0063,CUST100271,SCREENING_001,CRITICAL,FAIL,REVIEW,Screening result is not CLEAR while wallet is OPENED,Customer must have a CLEAR screening result and mandatory screening evidence before wallet activation.,"customer_id, screening_status, screening_evidence_present, screening_reference, wallet_status"
F-0064,CUST100288,DORMANT_001,HIGH,FAIL,REVIEW,Dormant account has an OPENED wallet without completed dormant handling,Dormant accounts must have documented required handling completed before wallet activation.,"customer_id, account_status, last_transaction_date, dormant_handling_status, wallet_status"
F-0065,CUST100295,SCREENING_001,HIGH,FAIL,REVIEW,Screening result is not CLEAR while wallet is OPENED,Customer must have a CLEAR screening result and mandatory screening evidence before wallet activation.,"customer_id, screening_status, screening_evidence_present, screening_reference, wallet_status"
F-0066,CUST100302,DORMANT_001,HIGH,FAIL,REVIEW,Dormant account has an OPENED wallet without completed dormant handling,Dormant accounts must have documented required handling completed before wallet activation.,"customer_id, account_status, last_transaction_date, dormant_handling_status, wallet_status"
F-0067,CUST100303,SCREENING_001,HIGH,FAIL,REVIEW,Screening result is not CLEAR while wallet is OPENED,Customer must have a CLEAR screening result and mandatory screening evidence before wallet activation.,"customer_id, screening_status, screening_evidence_present, screening_reference, wallet_status"
F-0068,CUST100316,DORMANT_001,HIGH,FAIL,REVIEW,Dormant account has an OPENED wallet without completed dormant handling,Dormant accounts must have documented required handling completed before wallet activation.,"customer_id, account_status, last_transaction_date, dormant_handling_status, wallet_status"
F-0069,CUST100327,SCREENING_001,HIGH,FAIL,REVIEW,Screening result is not CLEAR while wallet is OPENED,Customer must have a CLEAR screening result and mandatory screening evidence before wallet activation.,"customer_id, screening_status, screening_evidence_present, screening_reference, wallet_status"
F-0070,CUST100329,DORMANT_001,HIGH,FAIL,REVIEW,Dormant account has an OPENED wallet without completed dormant handling,Dormant accounts must have documented required handling completed before wallet activation.,"customer_id, account_status, last_transaction_date, dormant_handling_status, wallet_status"
F-0071,CUST100330,SCREENING_001,HIGH,FAIL,REVIEW,Screening result is not CLEAR while wallet is OPENED,Customer must have a CLEAR screening result and mandatory screening evidence before wallet activation.,"customer_id, screening_status, screening_evidence_present, screening_reference, wallet_status"
F-0072,CUST100331,DORMANT_001,HIGH,FAIL,REVIEW,Dormant account has an OPENED wallet without completed dormant handling,Dormant accounts must have documented required handling completed before wallet activation.,"customer_id, account_status, last_transaction_date, dormant_handling_status, wallet_status"
F-0073,CUST100333,ARABIC_NAME_001,MEDIUM,FAIL,REVIEW,Arabic customer name is missing or contains no Arabic-script characters,Customer record must contain an Arabic-script customer name.,"customer_id, name_ar"
F-0074,CUST100345,DORMANT_001,HIGH,FAIL,REVIEW,Dormant account has an OPENED wallet without completed dormant handling,Dormant accounts must have documented required handling completed before wallet activation.,"customer_id, account_status, last_transaction_date, dormant_handling_status, wallet_status"
F-0075,CUST100351,DORMANT_001,HIGH,FAIL,REVIEW,Dormant account has an OPENED wallet without completed dormant handling,Dormant accounts must have documented required handling completed before wallet activation.,"customer_id, account_status, last_transaction_date, dormant_handling_status, wallet_status"
F-0076,CUST100356,DORMANT_001,HIGH,FAIL,REVIEW,Dormant account has an OPENED wallet without completed dormant handling,Dormant accounts must have documented required handling completed before wallet activation.,"customer_id, account_status, last_transaction_date, dormant_handling_status, wallet_status"
F-0077,CUST100363,DORMANT_001,HIGH,FAIL,REVIEW,Dormant account has an OPENED wallet without completed dormant handling,Dormant accounts must have documented required handling completed before wallet activation.,"customer_id, account_status, last_transaction_date, dormant_handling_status, wallet_status"
F-0078,CUST100372,SCREENING_001,HIGH,FAIL,REVIEW,Screening result is not CLEAR while wallet is OPENED,Customer must have a CLEAR screening result and mandatory screening evidence before wallet activation.,"customer_id, screening_status, screening_evidence_present, screening_reference, wallet_status"
F-0079,CUST100377,SCREENING_001,HIGH,FAIL,REVIEW,Screening result is not CLEAR while wallet is OPENED,Customer must have a CLEAR screening result and mandatory screening evidence before wallet activation.,"customer_id, screening_status, screening_evidence_present, screening_reference, wallet_status"
F-0080,CUST100379,SCREENING_001,HIGH,FAIL,REVIEW,Screening result is not CLEAR while wallet is OPENED,Customer must have a CLEAR screening result and mandatory screening evidence before wallet activation.,"customer_id, screening_status, screening_evidence_present, screening_reference, wallet_status"
F-0081,CUST100381,SCREENING_001,HIGH,FAIL,REVIEW,Screening result is not CLEAR while wallet is OPENED,Customer must have a CLEAR screening result and mandatory screening evidence before wallet activation.,"customer_id, screening_status, screening_evidence_present, screening_reference, wallet_status"
F-0082,CUST100382,SCREENING_001,HIGH,FAIL,REVIEW,Screening result is not CLEAR while wallet is OPENED,Customer must have a CLEAR screening result and mandatory screening evidence before wallet activation.,"customer_id, screening_status, screening_evidence_present, screening_reference, wallet_status"
F-0083,CUST100387,SCREENING_001,HIGH,FAIL,REVIEW,Screening result is not CLEAR while wallet is OPENED,Customer must have a CLEAR screening result and mandatory screening evidence before wallet activation.,"customer_id, screening_status, screening_evidence_present, screening_reference, wallet_status"
F-0084,CUST100389,SCREENING_001,CRITICAL,FAIL,REVIEW,Screening result is not CLEAR while wallet is OPENED,Customer must have a CLEAR screening result and mandatory screening evidence before wallet activation.,"customer_id, screening_status, screening_evidence_present, screening_reference, wallet_status"
F-0085,CUST100392,SCREENING_001,HIGH,FAIL,REVIEW,Screening result is not CLEAR while wallet is OPENED,Customer must have a CLEAR screening result and mandatory screening evidence before wallet activation.,"customer_id, screening_status, screening_evidence_present, screening_reference, wallet_status"
F-0086,CUST100402,ARABIC_NAME_001,MEDIUM,FAIL,REVIEW,Arabic customer name is missing or contains no Arabic-script characters,Customer record must contain an Arabic-script customer name.,"customer_id, name_ar"
F-0087,CUST100403,SCREENING_001,HIGH,FAIL,REVIEW,Screening result is not CLEAR while wallet is OPENED,Customer must have a CLEAR screening result and mandatory screening evidence before wallet activation.,"customer_id, screening_status, screening_evidence_present, screening_reference, wallet_status"
F-0088,CUST100404,SCREENING_001,HIGH,FAIL,REVIEW,Screening result is not CLEAR while wallet is OPENED,Customer must have a CLEAR screening result and mandatory screening evidence before wallet activation.,"customer_id, screening_status, screening_evidence_present, screening_reference, wallet_status"
F-0089,CUST100406,DORMANT_001,HIGH,FAIL,REVIEW,Dormant account has an OPENED wallet without completed dormant handling,Dormant accounts must have documented required handling completed before wallet activation.,"customer_id, account_status, last_transaction_date, dormant_handling_status, wallet_status"
F-0090,CUST100419,SCREENING_001,HIGH,FAIL,REVIEW,Screening result is not CLEAR while wallet is OPENED,Customer must have a CLEAR screening result and mandatory screening evidence before wallet activation.,"customer_id, screening_status, screening_evidence_present, screening_reference, wallet_status"
F-0091,CUST100420,SCREENING_001,HIGH,FAIL,REVIEW,Screening result is not CLEAR while wallet is OPENED,Customer must have a CLEAR screening result and mandatory screening evidence before wallet activation.,"customer_id, screening_status, screening_evidence_present, screening_reference, wallet_status"
F-0092,CUST100427,SCREENING_001,HIGH,FAIL,REVIEW,Screening result is not CLEAR while wallet is OPENED,Customer must have a CLEAR screening result and mandatory screening evidence before wallet activation.,"customer_id, screening_status, screening_evidence_present, screening_reference, wallet_status"
F-0093,CUST100428,SCREENING_001,HIGH,FAIL,REVIEW,Screening result is not CLEAR while wallet is OPENED,Customer must have a CLEAR screening result and mandatory screening evidence before wallet activation.,"customer_id, screening_status, screening_evidence_present, screening_reference, wallet_status"
F-0094,CUST100432,SCREENING_001,HIGH,FAIL,REVIEW,Screening result is not CLEAR while wallet is OPENED,Customer must have a CLEAR screening result and mandatory screening evidence before wallet activation.,"customer_id, screening_status, screening_evidence_present, screening_reference, wallet_status"
F-0095,CUST100443,DORMANT_001,HIGH,FAIL,REVIEW,Dormant account has an OPENED wallet without completed dormant handling,Dormant accounts must have documented required handling completed before wallet activation.,"customer_id, account_status, last_transaction_date, dormant_handling_status, wallet_status"
F-0096,CUST100451,DORMANT_001,HIGH,FAIL,REVIEW,Dormant account has an OPENED wallet without completed dormant handling,Dormant accounts must have documented required handling completed before wallet activation.,"customer_id, account_status, last_transaction_date, dormant_handling_status, wallet_status"
F-0097,CUST100454,SCREENING_001,HIGH,FAIL,REVIEW,Screening result is not CLEAR while wallet is OPENED,Customer must have a CLEAR screening result and mandatory screening evidence before wallet activation.,"customer_id, screening_status, screening_evidence_present, screening_reference, wallet_status"
F-0098,CUST100456,SCREENING_001,HIGH,FAIL,REVIEW,Screening result is not CLEAR while wallet is OPENED,Customer must have a CLEAR screening result and mandatory screening evidence before wallet activation.,"customer_id, screening_status, screening_evidence_present, screening_reference, wallet_status"
F-0099,CUST100463,DORMANT_001,HIGH,FAIL,REVIEW,Dormant account has an OPENED wallet without completed dormant handling,Dormant accounts must have documented required handling completed before wallet activation.,"customer_id, account_status, last_transaction_date, dormant_handling_status, wallet_status"
F-0100,CUST100467,SCREENING_001,HIGH,FAIL,REVIEW,Screening result is not CLEAR while wallet is OPENED,Customer must have a CLEAR screening result and mandatory screening evidence before wallet activation.,"customer_id, screening_status, screening_evidence_present, screening_reference, wallet_status"
F-0101,CUST100468,DORMANT_001,HIGH,FAIL,REVIEW,Dormant account has an OPENED wallet without completed dormant handling,Dormant accounts must have documented required handling completed before wallet activation.,"customer_id, account_status, last_transaction_date, dormant_handling_status, wallet_status"
F-0102,CUST100469,SCREENING_001,HIGH,FAIL,REVIEW,Screening result is not CLEAR while wallet is OPENED,Customer must have a CLEAR screening result and mandatory screening evidence before wallet activation.,"customer_id, screening_status, screening_evidence_present, screening_reference, wallet_status"
F-0103,CUST100477,SCREENING_001,HIGH,FAIL,REVIEW,Screening result is not CLEAR while wallet is OPENED,Customer must have a CLEAR screening result and mandatory screening evidence before wallet activation.,"customer_id, screening_status, screening_evidence_present, screening_reference, wallet_status"
F-0104,CUST100478,SCREENING_001,HIGH,FAIL,REVIEW,Screening result is not CLEAR while wallet is OPENED,Customer must have a CLEAR screening result and mandatory screening evidence before wallet activation.,"customer_id, screening_status, screening_evidence_present, screening_reference, wallet_status"
F-0105,CUST100478,ARABIC_NAME_001,MEDIUM,FAIL,REVIEW,Arabic customer name is missing or contains no Arabic-script characters,Customer record must contain an Arabic-script customer name.,"customer_id, name_ar"
F-0106,CUST100492,SCREENING_001,HIGH,FAIL,REVIEW,Screening result is not CLEAR while wallet is OPENED,Customer must have a CLEAR screening result and mandatory screening evidence before wallet activation.,"customer_id, screening_status, screening_evidence_present, screening_reference, wallet_status"
F-0107,CUST100492,DORMANT_001,HIGH,FAIL,REVIEW,Dormant account has an OPENED wallet without completed dormant handling,Dormant accounts must have documented required handling completed before wallet activation.,"customer_id, account_status, last_transaction_date, dormant_handling_status, wallet_status"
F-0108,CUST100499,SCREENING_001,HIGH,FAIL,REVIEW,Screening result is not CLEAR while wallet is OPENED,Customer must have a CLEAR screening result and mandatory screening evidence before wallet activation.,"customer_id, screening_status, screening_evidence_present, screening_reference, wallet_status"
F-0109,CUST100510,SCREENING_001,HIGH,FAIL,REVIEW,Screening result is not CLEAR while wallet is OPENED,Customer must have a CLEAR screening result and mandatory screening evidence before wallet activation.,"customer_id, screening_status, screening_evidence_present, screening_reference, wallet_status"
F-0110,CUST100511,SCREENING_001,CRITICAL,FAIL,REVIEW,Screening result is not CLEAR while wallet is OPENED,Customer must have a CLEAR screening result and mandatory screening evidence before wallet activation.,"customer_id, screening_status, screening_evidence_present, screening_reference, wallet_status"
F-0111,CUST100513,SCREENING_001,HIGH,FAIL,REVIEW,Screening result is not CLEAR while wallet is OPENED,Customer must have a CLEAR screening result and mandatory screening evidence before wallet activation.,"customer_id, screening_status, screening_evidence_present, screening_reference, wallet_status"
F-0112,CUST100514,SCREENING_001,HIGH,FAIL,REVIEW,Screening result is not CLEAR while wallet is OPENED,Customer must have a CLEAR screening result and mandatory screening evidence before wallet activation.,"customer_id, screening_status, screening_evidence_present, screening_reference, wallet_status"
F-0113,CUST100521,SCREENING_001,HIGH,FAIL,REVIEW,Screening result is not CLEAR while wallet is OPENED,Customer must have a CLEAR screening result and mandatory screening evidence before wallet activation.,"customer_id, screening_status, screening_evidence_present, screening_reference, wallet_status"
F-0114,CUST100547,SCREENING_001,HIGH,FAIL,REVIEW,Screening result is not CLEAR while wallet is OPENED,Customer must have a CLEAR screening result and mandatory screening evidence before wallet activation.,"customer_id, screening_status, screening_evidence_present, screening_reference, wallet_status"
F-0115,CUST100549,SCREENING_001,HIGH,FAIL,REVIEW,Screening result is not CLEAR while wallet is OPENED,Customer must have a CLEAR screening result and mandatory screening evidence before wallet activation.,"customer_id, screening_status, screening_evidence_present, screening_reference, wallet_status"
F-0116,CUST100550,SCREENING_001,HIGH,FAIL,REVIEW,Screening result is not CLEAR while wallet is OPENED,Customer must have a CLEAR screening result and mandatory screening evidence before wallet activation.,"customer_id, screening_status, screening_evidence_present, screening_reference, wallet_status"
F-0117,CUST100557,SCREENING_001,HIGH,FAIL,REVIEW,Screening result is not CLEAR while wallet is OPENED,Customer must have a CLEAR screening result and mandatory screening evidence before wallet activation.,"customer_id, screening_status, screening_evidence_present, screening_reference, wallet_status"
F-0118,CUST100560,DORMANT_001,HIGH,FAIL,REVIEW,Dormant account has an OPENED wallet without completed dormant handling,Dormant accounts must have documented required handling completed before wallet activation.,"customer_id, account_status, last_transaction_date, dormant_handling_status, wallet_status"
F-0119,CUST100564,SCREENING_001,HIGH,FAIL,REVIEW,Screening result is not CLEAR while wallet is OPENED,Customer must have a CLEAR screening result and mandatory screening evidence before wallet activation.,"customer_id, screening_status, screening_evidence_present, screening_reference, wallet_status"
F-0120,CUST100566,SCREENING_001,HIGH,FAIL,REVIEW,Screening result is not CLEAR while wallet is OPENED,Customer must have a CLEAR screening result and mandatory screening evidence before wallet activation.,"customer_id, screening_status, screening_evidence_present, screening_reference, wallet_status"
F-0121,CUST100583,DORMANT_001,HIGH,FAIL,REVIEW,Dormant account has an OPENED wallet without completed dormant handling,Dormant accounts must have documented required handling completed before wallet activation.,"customer_id, account_status, last_transaction_date, dormant_handling_status, wallet_status"
F-0122,CUST100584,SCREENING_001,HIGH,FAIL,REVIEW,Screening result is not CLEAR while wallet is OPENED,Customer must have a CLEAR screening result and mandatory screening evidence before wallet activation.,"customer_id, screening_status, screening_evidence_present, screening_reference, wallet_status"
F-0123,CUST100587,DORMANT_001,HIGH,FAIL,REVIEW,Dormant account has an OPENED wallet without completed dormant handling,Dormant accounts must have documented required handling completed before wallet activation.,"customer_id, account_status, last_transaction_date, dormant_handling_status, wallet_status"
F-0124,CUST100595,SCREENING_001,HIGH,FAIL,REVIEW,Screening result is not CLEAR while wallet is OPENED,Customer must have a CLEAR screening result and mandatory screening evidence before wallet activation.,"customer_id, screening_status, screening_evidence_present, screening_reference, wallet_status"
F-0125,CUST100595,DORMANT_001,HIGH,FAIL,REVIEW,Dormant account has an OPENED wallet without completed dormant handling,Dormant accounts must have documented required handling completed before wallet activation.,"customer_id, account_status, last_transaction_date, dormant_handling_status, wallet_status"
F-0126,CUST100600,DORMANT_001,HIGH,FAIL,REVIEW,Dormant account has an OPENED wallet without completed dormant handling,Dormant accounts must have documented required handling completed before wallet activation.,"customer_id, account_status, last_transaction_date, dormant_handling_status, wallet_status"
F-0127,CUST100601,DORMANT_001,HIGH,FAIL,REVIEW,Dormant account has an OPENED wallet without completed dormant handling,Dormant accounts must have documented required handling completed before wallet activation.,"customer_id, account_status, last_transaction_date, dormant_handling_status, wallet_status"
F-0128,CUST100602,DORMANT_001,HIGH,FAIL,REVIEW,Dormant account has an OPENED wallet without completed dormant handling,Dormant accounts must have documented required handling completed before wallet activation.,"customer_id, account_status, last_transaction_date, dormant_handling_status, wallet_status"
F-0129,CUST100604,SCREENING_001,HIGH,FAIL,REVIEW,Screening result is not CLEAR while wallet is OPENED,Customer must have a CLEAR screening result and mandatory screening evidence before wallet activation.,"customer_id, screening_status, screening_evidence_present, screening_reference, wallet_status"
F-0130,CUST100609,DORMANT_001,HIGH,FAIL,REVIEW,Dormant account has an OPENED wallet without completed dormant handling,Dormant accounts must have documented required handling completed before wallet activation.,"customer_id, account_status, last_transaction_date, dormant_handling_status, wallet_status"
F-0131,CUST100622,ARABIC_NAME_001,MEDIUM,FAIL,REVIEW,Arabic customer name is missing or contains no Arabic-script characters,Customer record must contain an Arabic-script customer name.,"customer_id, name_ar"
F-0132,CUST100631,SCREENING_001,HIGH,FAIL,REVIEW,Screening result is not CLEAR while wallet is OPENED,Customer must have a CLEAR screening result and mandatory screening evidence before wallet activation.,"customer_id, screening_status, screening_evidence_present, screening_reference, wallet_status"
F-0133,CUST100645,DORMANT_001,HIGH,FAIL,REVIEW,Dormant account has an OPENED wallet without completed dormant handling,Dormant accounts must have documented required handling completed before wallet activation.,"customer_id, account_status, last_transaction_date, dormant_handling_status, wallet_status"
F-0134,CUST100646,DORMANT_001,HIGH,FAIL,REVIEW,Dormant account has an OPENED wallet without completed dormant handling,Dormant accounts must have documented required handling completed before wallet activation.,"customer_id, account_status, last_transaction_date, dormant_handling_status, wallet_status"
F-0135,CUST100649,SCREENING_001,HIGH,FAIL,REVIEW,Screening result is not CLEAR while wallet is OPENED,Customer must have a CLEAR screening result and mandatory screening evidence before wallet activation.,"customer_id, screening_status, screening_evidence_present, screening_reference, wallet_status"
F-0136,CUST100661,SCREENING_001,HIGH,FAIL,REVIEW,Screening result is not CLEAR while wallet is OPENED,Customer must have a CLEAR screening result and mandatory screening evidence before wallet activation.,"customer_id, screening_status, screening_evidence_present, screening_reference, wallet_status"
F-0137,CUST100661,DORMANT_001,HIGH,FAIL,REVIEW,Dormant account has an OPENED wallet without completed dormant handling,Dormant accounts must have documented required handling completed before wallet activation.,"customer_id, account_status, last_transaction_date, dormant_handling_status, wallet_status"
F-0138,CUST100675,SCREENING_001,HIGH,FAIL,REVIEW,Screening result is not CLEAR while wallet is OPENED,Customer must have a CLEAR screening result and mandatory screening evidence before wallet activation.,"customer_id, screening_status, screening_evidence_present, screening_reference, wallet_status"
F-0139,CUST100684,DORMANT_001,HIGH,FAIL,REVIEW,Dormant account has an OPENED wallet without completed dormant handling,Dormant accounts must have documented required handling completed before wallet activation.,"customer_id, account_status, last_transaction_date, dormant_handling_status, wallet_status"
F-0140,CUST100687,SCREENING_001,HIGH,FAIL,REVIEW,Screening result is not CLEAR while wallet is OPENED,Customer must have a CLEAR screening result and mandatory screening evidence before wallet activation.,"customer_id, screening_status, screening_evidence_present, screening_reference, wallet_status"
F-0141,CUST100690,SCREENING_001,HIGH,FAIL,REVIEW,Screening result is not CLEAR while wallet is OPENED,Customer must have a CLEAR screening result and mandatory screening evidence before wallet activation.,"customer_id, screening_status, screening_evidence_present, screening_reference, wallet_status"
F-0142,CUST100690,RISK_001,HIGH,FAIL,REVIEW,High-risk customer has an OPENED wallet without an approved exception,High-risk customers must not be activated for standard wallet use unless an approved exception is recorded.,"customer_id, risk_level, risk_exception_approved, risk_exception_reference, risk_exception_reviewer, wallet_status"
F-0143,CUST100710,ARABIC_NAME_001,MEDIUM,FAIL,REVIEW,Arabic customer name is missing or contains no Arabic-script characters,Customer record must contain an Arabic-script customer name.,"customer_id, name_ar"
F-0144,CUST100712,SCREENING_001,HIGH,FAIL,REVIEW,Screening result is not CLEAR while wallet is OPENED,Customer must have a CLEAR screening result and mandatory screening evidence before wallet activation.,"customer_id, screening_status, screening_evidence_present, screening_reference, wallet_status"
F-0145,CUST100714,SCREENING_001,HIGH,FAIL,REVIEW,Screening result is not CLEAR while wallet is OPENED,Customer must have a CLEAR screening result and mandatory screening evidence before wallet activation.,"customer_id, screening_status, screening_evidence_present, screening_reference, wallet_status"
F-0146,CUST100718,SCREENING_001,HIGH,FAIL,REVIEW,Screening result is not CLEAR while wallet is OPENED,Customer must have a CLEAR screening result and mandatory screening evidence before wallet activation.,"customer_id, screening_status, screening_evidence_present, screening_reference, wallet_status"
F-0147,CUST100722,SCREENING_001,HIGH,FAIL,REVIEW,Screening result is not CLEAR while wallet is OPENED,Customer must have a CLEAR screening result and mandatory screening evidence before wallet activation.,"customer_id, screening_status, screening_evidence_present, screening_reference, wallet_status"
F-0148,CUST100726,SCREENING_001,HIGH,FAIL,REVIEW,Screening result is not CLEAR while wallet is OPENED,Customer must have a CLEAR screening result and mandatory screening evidence before wallet activation.,"customer_id, screening_status, screening_evidence_present, screening_reference, wallet_status"
F-0149,CUST100730,SCREENING_001,HIGH,FAIL,REVIEW,Screening result is not CLEAR while wallet is OPENED,Customer must have a CLEAR screening result and mandatory screening evidence before wallet activation.,"customer_id, screening_status, screening_evidence_present, screening_reference, wallet_status"
F-0150,CUST100731,SCREENING_001,HIGH,FAIL,REVIEW,Screening result is not CLEAR while wallet is OPENED,Customer must have a CLEAR screening result and mandatory screening evidence before wallet activation.,"customer_id, screening_status, screening_evidence_present, screening_reference, wallet_status"
F-0151,CUST100731,DORMANT_001,HIGH,FAIL,REVIEW,Dormant account has an OPENED wallet without completed dormant handling,Dormant accounts must have documented required handling completed before wallet activation.,"customer_id, account_status, last_transaction_date, dormant_handling_status, wallet_status"
F-0152,CUST100747,SCREENING_001,HIGH,FAIL,REVIEW,Screening result is not CLEAR while wallet is OPENED,Customer must have a CLEAR screening result and mandatory screening evidence before wallet activation.,"customer_id, screening_status, screening_evidence_present, screening_reference, wallet_status"
F-0153,CUST100754,DORMANT_001,HIGH,FAIL,REVIEW,Dormant account has an OPENED wallet without completed dormant handling,Dormant accounts must have documented required handling completed before wallet activation.,"customer_id, account_status, last_transaction_date, dormant_handling_status, wallet_status"
F-0154,CUST100757,DORMANT_001,HIGH,FAIL,REVIEW,Dormant account has an OPENED wallet without completed dormant handling,Dormant accounts must have documented required handling completed before wallet activation.,"customer_id, account_status, last_transaction_date, dormant_handling_status, wallet_status"
F-0155,CUST100758,SCREENING_001,HIGH,FAIL,REVIEW,Screening result is not CLEAR while wallet is OPENED,Customer must have a CLEAR screening result and mandatory screening evidence before wallet activation.,"customer_id, screening_status, screening_evidence_present, screening_reference, wallet_status"
F-0156,CUST100759,DORMANT_001,HIGH,FAIL,REVIEW,Dormant account has an OPENED wallet without completed dormant handling,Dormant accounts must have documented required handling completed before wallet activation.,"customer_id, account_status, last_transaction_date, dormant_handling_status, wallet_status"
F-0157,CUST100760,SCREENING_001,HIGH,FAIL,REVIEW,Screening result is not CLEAR while wallet is OPENED,Customer must have a CLEAR screening result and mandatory screening evidence before wallet activation.,"customer_id, screening_status, screening_evidence_present, screening_reference, wallet_status"
F-0158,CUST100770,SCREENING_001,HIGH,FAIL,REVIEW,Screening result is not CLEAR while wallet is OPENED,Customer must have a CLEAR screening result and mandatory screening evidence before wallet activation.,"customer_id, screening_status, screening_evidence_present, screening_reference, wallet_status"
F-0159,CUST100771,SCREENING_001,HIGH,FAIL,REVIEW,Screening result is not CLEAR while wallet is OPENED,Customer must have a CLEAR screening result and mandatory screening evidence before wallet activation.,"customer_id, screening_status, screening_evidence_present, screening_reference, wallet_status"
F-0160,CUST100777,SCREENING_001,CRITICAL,FAIL,REVIEW,Screening result is not CLEAR while wallet is OPENED,Customer must have a CLEAR screening result and mandatory screening evidence before wallet activation.,"customer_id, screening_status, screening_evidence_present, screening_reference, wallet_status"
F-0161,CUST100781,DORMANT_001,HIGH,FAIL,REVIEW,Dormant account has an OPENED wallet without completed dormant handling,Dormant accounts must have documented required handling completed before wallet activation.,"customer_id, account_status, last_transaction_date, dormant_handling_status, wallet_status"
F-0162,CUST100782,SCREENING_001,HIGH,FAIL,REVIEW,Screening result is not CLEAR while wallet is OPENED,Customer must have a CLEAR screening result and mandatory screening evidence before wallet activation.,"customer_id, screening_status, screening_evidence_present, screening_reference, wallet_status"
F-0163,CUST100782,DORMANT_001,HIGH,FAIL,REVIEW,Dormant account has an OPENED wallet without completed dormant handling,Dormant accounts must have documented required handling completed before wallet activation.,"customer_id, account_status, last_transaction_date, dormant_handling_status, wallet_status"
F-0164,CUST100784,DORMANT_001,HIGH,FAIL,REVIEW,Dormant account has an OPENED wallet without completed dormant handling,Dormant accounts must have documented required handling completed before wallet activation.,"customer_id, account_status, last_transaction_date, dormant_handling_status, wallet_status"
F-0165,CUST100785,SCREENING_001,HIGH,FAIL,REVIEW,Screening result is not CLEAR while wallet is OPENED,Customer must have a CLEAR screening result and mandatory screening evidence before wallet activation.,"customer_id, screening_status, screening_evidence_present, screening_reference, wallet_status"
F-0166,CUST100786,SCREENING_001,HIGH,FAIL,REVIEW,Screening result is not CLEAR while wallet is OPENED,Customer must have a CLEAR screening result and mandatory screening evidence before wallet activation.,"customer_id, screening_status, screening_evidence_present, screening_reference, wallet_status"
F-0167,CUST100799,ARABIC_NAME_001,MEDIUM,FAIL,REVIEW,Arabic customer name is missing or contains no Arabic-script characters,Customer record must contain an Arabic-script customer name.,"customer_id, name_ar"
F-0168,CUST100808,SCREENING_001,HIGH,FAIL,REVIEW,Screening result is not CLEAR while wallet is OPENED,Customer must have a CLEAR screening result and mandatory screening evidence before wallet activation.,"customer_id, screening_status, screening_evidence_present, screening_reference, wallet_status"
F-0169,CUST100813,DORMANT_001,HIGH,FAIL,REVIEW,Dormant account has an OPENED wallet without completed dormant handling,Dormant accounts must have documented required handling completed before wallet activation.,"customer_id, account_status, last_transaction_date, dormant_handling_status, wallet_status"
F-0170,CUST100819,SCREENING_001,HIGH,FAIL,REVIEW,Screening result is not CLEAR while wallet is OPENED,Customer must have a CLEAR screening result and mandatory screening evidence before wallet activation.,"customer_id, screening_status, screening_evidence_present, screening_reference, wallet_status"
F-0171,CUST100828,SCREENING_001,HIGH,FAIL,REVIEW,Screening result is not CLEAR while wallet is OPENED,Customer must have a CLEAR screening result and mandatory screening evidence before wallet activation.,"customer_id, screening_status, screening_evidence_present, screening_reference, wallet_status"
F-0172,CUST100844,SCREENING_001,HIGH,FAIL,REVIEW,Screening result is not CLEAR while wallet is OPENED,Customer must have a CLEAR screening result and mandatory screening evidence before wallet activation.,"customer_id, screening_status, screening_evidence_present, screening_reference, wallet_status"
F-0173,CUST100844,RISK_001,HIGH,FAIL,REVIEW,High-risk customer has an OPENED wallet without an approved exception,High-risk customers must not be activated for standard wallet use unless an approved exception is recorded.,"customer_id, risk_level, risk_exception_approved, risk_exception_reference, risk_exception_reviewer, wallet_status"
F-0174,CUST100855,DORMANT_001,HIGH,FAIL,REVIEW,Dormant account has an OPENED wallet without completed dormant handling,Dormant accounts must have documented required handling completed before wallet activation.,"customer_id, account_status, last_transaction_date, dormant_handling_status, wallet_status"
F-0175,CUST100864,SCREENING_001,HIGH,FAIL,REVIEW,Screening result is not CLEAR while wallet is OPENED,Customer must have a CLEAR screening result and mandatory screening evidence before wallet activation.,"customer_id, screening_status, screening_evidence_present, screening_reference, wallet_status"
F-0176,CUST100874,SCREENING_001,HIGH,FAIL,REVIEW,Screening result is not CLEAR while wallet is OPENED,Customer must have a CLEAR screening result and mandatory screening evidence before wallet activation.,"customer_id, screening_status, screening_evidence_present, screening_reference, wallet_status"
F-0177,CUST100877,SCREENING_001,HIGH,FAIL,REVIEW,Screening result is not CLEAR while wallet is OPENED,Customer must have a CLEAR screening result and mandatory screening evidence before wallet activation.,"customer_id, screening_status, screening_evidence_present, screening_reference, wallet_status"
F-0178,CUST100881,SCREENING_001,HIGH,FAIL,REVIEW,Screening result is not CLEAR while wallet is OPENED,Customer must have a CLEAR screening result and mandatory screening evidence before wallet activation.,"customer_id, screening_status, screening_evidence_present, screening_reference, wallet_status"
F-0179,CUST100884,SCREENING_001,HIGH,FAIL,REVIEW,Screening result is not CLEAR while wallet is OPENED,Customer must have a CLEAR screening result and mandatory screening evidence before wallet activation.,"customer_id, screening_status, screening_evidence_present, screening_reference, wallet_status"
F-0180,CUST100886,SCREENING_001,HIGH,FAIL,REVIEW,Screening result is not CLEAR while wallet is OPENED,Customer must have a CLEAR screening result and mandatory screening evidence before wallet activation.,"customer_id, screening_status, screening_evidence_present, screening_reference, wallet_status"
F-0181,CUST100888,SCREENING_001,HIGH,FAIL,REVIEW,Screening result is not CLEAR while wallet is OPENED,Customer must have a CLEAR screening result and mandatory screening evidence before wallet activation.,"customer_id, screening_status, screening_evidence_present, screening_reference, wallet_status"
F-0182,CUST100889,DORMANT_001,HIGH,FAIL,REVIEW,Dormant account has an OPENED wallet without completed dormant handling,Dormant accounts must have documented required handling completed before wallet activation.,"customer_id, account_status, last_transaction_date, dormant_handling_status, wallet_status"
F-0183,CUST100901,SCREENING_001,HIGH,FAIL,REVIEW,Screening result is not CLEAR while wallet is OPENED,Customer must have a CLEAR screening result and mandatory screening evidence before wallet activation.,"customer_id, screening_status, screening_evidence_present, screening_reference, wallet_status"
F-0184,CUST100912,SCREENING_001,HIGH,FAIL,REVIEW,Screening result is not CLEAR while wallet is OPENED,Customer must have a CLEAR screening result and mandatory screening evidence before wallet activation.,"customer_id, screening_status, screening_evidence_present, screening_reference, wallet_status"
F-0185,CUST100913,DORMANT_001,HIGH,FAIL,REVIEW,Dormant account has an OPENED wallet without completed dormant handling,Dormant accounts must have documented required handling completed before wallet activation.,"customer_id, account_status, last_transaction_date, dormant_handling_status, wallet_status"
F-0186,CUST100918,DORMANT_001,HIGH,FAIL,REVIEW,Dormant account has an OPENED wallet without completed dormant handling,Dormant accounts must have documented required handling completed before wallet activation.,"customer_id, account_status, last_transaction_date, dormant_handling_status, wallet_status"
F-0187,CUST100920,RISK_001,HIGH,FAIL,REVIEW,High-risk customer has an OPENED wallet without an approved exception,High-risk customers must not be activated for standard wallet use unless an approved exception is recorded.,"customer_id, risk_level, risk_exception_approved, risk_exception_reference, risk_exception_reviewer, wallet_status"
F-0188,CUST100920,DORMANT_001,HIGH,FAIL,REVIEW,Dormant account has an OPENED wallet without completed dormant handling,Dormant accounts must have documented required handling completed before wallet activation.,"customer_id, account_status, last_transaction_date, dormant_handling_status, wallet_status"
F-0189,CUST100921,SCREENING_001,HIGH,FAIL,REVIEW,Screening result is not CLEAR while wallet is OPENED,Customer must have a CLEAR screening result and mandatory screening evidence before wallet activation.,"customer_id, screening_status, screening_evidence_present, screening_reference, wallet_status"
F-0190,CUST100923,SCREENING_001,HIGH,FAIL,REVIEW,Screening result is not CLEAR while wallet is OPENED,Customer must have a CLEAR screening result and mandatory screening evidence before wallet activation.,"customer_id, screening_status, screening_evidence_present, screening_reference, wallet_status"
F-0191,CUST100929,SCREENING_001,HIGH,FAIL,REVIEW,Screening result is not CLEAR while wallet is OPENED,Customer must have a CLEAR screening result and mandatory screening evidence before wallet activation.,"customer_id, screening_status, screening_evidence_present, screening_reference, wallet_status"
F-0192,CUST100943,DORMANT_001,HIGH,FAIL,REVIEW,Dormant account has an OPENED wallet without completed dormant handling,Dormant accounts must have documented required handling completed before wallet activation.,"customer_id, account_status, last_transaction_date, dormant_handling_status, wallet_status"
F-0193,CUST100951,SCREENING_001,HIGH,FAIL,REVIEW,Screening result is not CLEAR while wallet is OPENED,Customer must have a CLEAR screening result and mandatory screening evidence before wallet activation.,"customer_id, screening_status, screening_evidence_present, screening_reference, wallet_status"
F-0194,CUST100952,SCREENING_001,HIGH,FAIL,REVIEW,Screening result is not CLEAR while wallet is OPENED,Customer must have a CLEAR screening result and mandatory screening evidence before wallet activation.,"customer_id, screening_status, screening_evidence_present, screening_reference, wallet_status"
F-0195,CUST100953,DORMANT_001,HIGH,FAIL,REVIEW,Dormant account has an OPENED wallet without completed dormant handling,Dormant accounts must have documented required handling completed before wallet activation.,"customer_id, account_status, last_transaction_date, dormant_handling_status, wallet_status"
F-0196,CUST100956,SCREENING_001,HIGH,FAIL,REVIEW,Screening result is not CLEAR while wallet is OPENED,Customer must have a CLEAR screening result and mandatory screening evidence before wallet activation.,"customer_id, screening_status, screening_evidence_present, screening_reference, wallet_status"
F-0197,CUST100957,SCREENING_001,HIGH,FAIL,REVIEW,Screening result is not CLEAR while wallet is OPENED,Customer must have a CLEAR screening result and mandatory screening evidence before wallet activation.,"customer_id, screening_status, screening_evidence_present, screening_reference, wallet_status"
F-0198,CUST100963,DORMANT_001,HIGH,FAIL,REVIEW,Dormant account has an OPENED wallet without completed dormant handling,Dormant accounts must have documented required handling completed before wallet activation.,"customer_id, account_status, last_transaction_date, dormant_handling_status, wallet_status"
F-0199,CUST100970,SCREENING_001,HIGH,FAIL,REVIEW,Screening result is not CLEAR while wallet is OPENED,Customer must have a CLEAR screening result and mandatory screening evidence before wallet activation.,"customer_id, screening_status, screening_evidence_present, screening_reference, wallet_status"
F-0200,CUST100979,DORMANT_001,HIGH,FAIL,REVIEW,Dormant account has an OPENED wallet without completed dormant handling,Dormant accounts must have documented required handling completed before wallet activation.,"customer_id, account_status, last_transaction_date, dormant_handling_status, wallet_status"
F-0201,CUST100980,DORMANT_001,HIGH,FAIL,REVIEW,Dormant account has an OPENED wallet without completed dormant handling,Dormant accounts must have documented required handling completed before wallet activation.,"customer_id, account_status, last_transaction_date, dormant_handling_status, wallet_status"
F-0202,CUST100989,SCREENING_001,HIGH,FAIL,REVIEW,Screening result is not CLEAR while wallet is OPENED,Customer must have a CLEAR screening result and mandatory screening evidence before wallet activation.,"customer_id, screening_status, screening_evidence_present, screening_reference, wallet_status"
F-0203,CUST100990,SCREENING_001,HIGH,FAIL,REVIEW,Screening result is not CLEAR while wallet is OPENED,Customer must have a CLEAR screening result and mandatory screening evidence before wallet activation.,"customer_id, screening_status, screening_evidence_present, screening_reference, wallet_status"
F-0204,CUST100005,RECON_001,HIGH,FAIL,REVIEW,Final report differs from source data: screening_status,Final report must accurately reflect the approved source population and processing data.,"customer_id, source_values, report_values, mismatched_fields"
F-0205,CUST100031,RECON_001,HIGH,FAIL,REVIEW,Final report differs from source data: risk_level,Final report must accurately reflect the approved source population and processing data.,"customer_id, source_values, report_values, mismatched_fields"
F-0206,CUST100044,RECON_001,HIGH,FAIL,REVIEW,Customer is missing from final report,Final report must accurately reflect the approved source population and processing data.,"customer_id, source_values, report_values, mismatched_fields"
F-0207,CUST100061,RECON_001,HIGH,FAIL,REVIEW,Final report differs from source data: account_status,Final report must accurately reflect the approved source population and processing data.,"customer_id, source_values, report_values, mismatched_fields"
F-0208,CUST100087,RECON_001,HIGH,FAIL,REVIEW,Final report differs from source data: name_ar,Final report must accurately reflect the approved source population and processing data.,"customer_id, source_values, report_values, mismatched_fields"
F-0209,CUST100156,RECON_001,HIGH,FAIL,REVIEW,Final report differs from source data: screening_status,Final report must accurately reflect the approved source population and processing data.,"customer_id, source_values, report_values, mismatched_fields"
F-0210,CUST100222,RECON_001,HIGH,FAIL,REVIEW,Final report differs from source data: account_status,Final report must accurately reflect the approved source population and processing data.,"customer_id, source_values, report_values, mismatched_fields"
F-0211,CUST100271,RECON_001,HIGH,FAIL,REVIEW,Customer is missing from final report,Final report must accurately reflect the approved source population and processing data.,"customer_id, source_values, report_values, mismatched_fields"
F-0212,CUST100389,RECON_001,HIGH,FAIL,REVIEW,Final report differs from source data: screening_status,Final report must accurately reflect the approved source population and processing data.,"customer_id, source_values, report_values, mismatched_fields"
F-0213,CUST100511,RECON_001,HIGH,FAIL,REVIEW,Customer is missing from final report,Final report must accurately reflect the approved source population and processing data.,"customer_id, source_values, report_values, mismatched_fields"
F-0214,CUST100530,RECON_001,HIGH,FAIL,REVIEW,Final report differs from source data: risk_level,Final report must accurately reflect the approved source population and processing data.,"customer_id, source_values, report_values, mismatched_fields"
F-0215,CUST100600,RECON_001,HIGH,FAIL,REVIEW,Final report differs from source data: account_status,Final report must accurately reflect the approved source population and processing data.,"customer_id, source_values, report_values, mismatched_fields"
F-0216,CUST100777,RECON_001,HIGH,FAIL,REVIEW,Final report differs from source data: screening_status,Final report must accurately reflect the approved source population and processing data.,"customer_id, source_values, report_values, mismatched_fields"
F-0217,CUST100844,RECON_001,HIGH,FAIL,REVIEW,Customer is missing from final report,Final report must accurately reflect the approved source population and processing data.,"customer_id, source_values, report_values, mismatched_fields"
F-0218,CUST100920,RECON_001,HIGH,FAIL,REVIEW,Customer is missing from final report,Final report must accurately reflect the approved source population and processing data.,"customer_id, source_values, report_values, mismatched_fields"
F-0219,CUST999999,RECON_001,HIGH,FAIL,REVIEW,Customer appears in final report but not in source customer data,Final report must accurately reflect the approved source population and processing data.,"customer_id, source_values, report_values, mismatched_fields"
F-0220,CUST100930,SCREENING_001,HIGH,FAIL,REVIEW,Screening result is not CLEAR and mandatory screening evidence is missing while wallet is OPENED,Customer must have a CLEAR screening result and mandatory screening evidence before wallet activation.,"customer_id, screening_status, screening_evidence_present, screening_reference, wallet_status"
F-0221,CUST100950,SCREENING_001,HIGH,FAIL,REVIEW,Screening result is not CLEAR and mandatory screening evidence is missing while wallet is OPENED,Customer must have a CLEAR screening result and mandatory screening evidence before wallet activation.,"customer_id, screening_status, screening_evidence_present, screening_reference, wallet_status"
F-0222,CUST100002,RISK_001,HIGH,FAIL,REVIEW,High-risk customer has an OPENED wallet without an approved exception,High-risk customers must not be activated for standard wallet use unless an approved exception is recorded.,"customer_id, risk_level, risk_exception_approved, risk_exception_reference, risk_exception_reviewer, wallet_status"
F-0223,CUST100036,RISK_001,HIGH,FAIL,REVIEW,High-risk customer has an OPENED wallet without an approved exception,High-risk customers must not be activated for standard wallet use unless an approved exception is recorded.,"customer_id, risk_level, risk_exception_approved, risk_exception_reference, risk_exception_reviewer, wallet_status"
