customer_id,name_ar,risk_level,screening_status,account_status,wallet_status,report_status,risk_exception_approved,risk_exception_reference,dormant_handling_status
CUST100000,أحمد يوسف,MEDIUM,CLEAR,ACTIVE,OPENED,OPENED,False,,NOT_REQUIRED
CUST100001,ياسمين عمر,LOW,CLEAR,ACTIVE,OPENED,OPENED,False,,NOT_REQUIRED
CUST100002,مصطفى سالم,HIGH,CLEAR,ACTIVE,OPENED,REVIEW,False,,NOT_REQUIRED
CUST100003,نور كمال,LOW,CLEAR,ACTIVE,OPENED,OPENED,False,,NOT_REQUIRED
CUST100004,نور علي,LOW,CLEAR,ACTIVE,OPENED,OPENED,False,,NOT_REQUIRED
CUST100005,إسراء كمال,MEDIUM,CLEAR,ACTIVE,OPENED,OPENED,False,,NOT_REQUIRED
CUST100006,أحمد يوسف,LOW,CLEAR,ACTIVE,OPENED,OPENED,False,,NOT_REQUIRED
CUST100007,مصطفى إبراهيم,LOW,CLEAR,ACTIVE,OPENED,OPENED,False,,NOT_REQUIRED
CUST100008,يوسف عمر,LOW,CLEAR,ACTIVE,OPENED,OPENED,False,,NOT_REQUIRED
CUST100009,أحمد إبراهيم,LOW,CLEAR,ACTIVE,OPENED,OPENED,False,,NOT_REQUIRED
CUST100010,هبة محمود,LOW,CLEAR,ACTIVE,OPENED,OPENED,False,,NOT_REQUIRED
CUST100011,عبدالرحمن عمر,LOW,HIGH_RISK,ACTIVE,REVIEW,REVIEW,False,,NOT_REQUIRED
CUST100012,,LOW,CLEAR,DORMANT,OPENED,OPENED,False,,COMPLETED
CUST100013,ياسمين محمود,LOW,CLEAR,ACTIVE,OPENED,OPENED,False,,NOT_REQUIRED
CUST100014,خالد إبراهيم,LOW,CLEAR,ACTIVE,OPENED,OPENED,False,,NOT_REQUIRED
CUST100015,ياسمين يوسف,LOW,CLEAR,ACTIVE,OPENED,OPENED,False,,NOT_REQUIRED
CUST100016,هبة محمد,LOW,NO_MATCH,ACTIVE,OPENED,OPENED,False,,NOT_REQUIRED
CUST100017,محمود إبراهيم,LOW,CLEAR,ACTIVE,OPENED,OPENED,False,,NOT_REQUIRED
CUST100018,آية أحمد,LOW,CLEAR,ACTIVE,OPENED,OPENED,False,,NOT_REQUIRED
CUST100019,منى علي,LOW,CLEAR,ACTIVE,OPENED,OPENED,False,,NOT_REQUIRED
CUST100020,هبة أحمد,LOW,CLEAR,ACTIVE,OPENED,OPENED,False,,NOT_REQUIRED
CUST100021,مريم علي,LOW,CLEAR,ACTIVE,OPENED,OPENED,False,,NOT_REQUIRED
CUST100022,عمر كمال,LOW,CLEAR,ACTIVE,OPENED,OPENED,False,,NOT_REQUIRED
CUST100023,عبدالله يوسف,LOW,CLEAR,ACTIVE,OPENED,OPENED,False,,NOT_REQUIRED
CUST100024,ياسمين يوسف,LOW,CLEAR,ACTIVE,OPENED,OPENED,False,,NOT_REQUIRED
CUST100025,كريم أحمد,LOW,CLEAR,DORMANT,OPENED,OPENED,False,,COMPLETED
CUST100026,نور علي,MEDIUM,CLEAR,ACTIVE,OPENED,OPENED,False,,NOT_REQUIRED
CUST100027,آية محمود,LOW,PENDING,ACTIVE,OPENED,OPENED,False,,NOT_REQUIRED
CUST100028,هبة سالم,LOW,CLEAR,ACTIVE,OPENED,OPENED,False,,NOT_REQUIRED
CUST100029,نور محمد,LOW,CLEAR,ACTIVE,OPENED,OPENED,False,,NOT_REQUIRED
CUST100030,منى إبراهيم,LOW,CLEAR,ACTIVE,OPENED,OPENED,False,,NOT_REQUIRED
CUST100031,يوسف حسن,LOW,CLEAR,ACTIVE,OPENED,OPENED,False,,NOT_REQUIRED
CUST100032,أحمد فؤاد,LOW,CLEAR,ACTIVE,OPENED,OPENED,False,,NOT_REQUIRED
CUST100033,دينا محمود,LOW,CLEAR,ACTIVE,OPENED,OPENED,False,,NOT_REQUIRED
CUST100034,إسراء أحمد,LOW,NO_MATCH,ACTIVE,OPENED,OPENED,False,,NOT_REQUIRED
CUST100035,أحمد عمر,MEDIUM,CLEAR,ACTIVE,OPENED,OPENED,False,,NOT_REQUIRED
CUST100036,إسراء كمال,HIGH,CLEAR,ACTIVE,OPENED,REVIEW,False,,NOT_REQUIRED
CUST100037,آية أحمد,LOW,CLEAR,ACTIVE,OPENED,OPENED,False,,NOT_REQUIRED
CUST100038,علي عبدالله,LOW,CLEAR,ACTIVE,OPENED,OPENED,False,,NOT_REQUIRED
CUST100039,كريم يوسف,MEDIUM,CLEAR,ACTIVE,PENDING,PENDING,False,,NOT_REQUIRED
CUST100040,عمر فؤاد,LOW,CLEAR,ACTIVE,OPENED,OPENED,False,,NOT_REQUIRED
CUST100041,ياسمين يوسف,MEDIUM,NO_MATCH,ACTIVE,OPENED,OPENED,False,,NOT_REQUIRED
CUST100042,خالد عبدالله,LOW,CLEAR,ACTIVE,OPENED,OPENED,False,,NOT_REQUIRED
CUST100043,مريم محمد,MEDIUM,CLEAR,DORMANT,OPENED,OPENED,False,,PENDING
CUST100045,عبدالرحمن حسن,LOW,NO_MATCH,ACTIVE,OPENED,OPENED,False,,NOT_REQUIRED
CUST100046,نور حسين,LOW,CLEAR,ACTIVE,OPENED,OPENED,False,,NOT_REQUIRED
CUST100047,إسراء منصور,LOW,CLEAR,ACTIVE,OPENED,OPENED,False,,NOT_REQUIRED
CUST100048,مصطفى فؤاد,LOW,NO_MATCH,ACTIVE,OPENED,OPENED,False,,NOT_REQUIRED
CUST100049,ياسمين علي,LOW,CLEAR,ACTIVE,OPENED,OPENED,False,,NOT_REQUIRED
CUST100050,ياسمين إبراهيم,HIGH,HIGH_RISK,DORMANT,REVIEW,REVIEW,False,,COMPLETED
CUST100051,Omar Mohamed,LOW,CLEAR,ACTIVE,PENDING,PENDING,False,,NOT_REQUIRED
CUST100052,مريم إبراهيم,LOW,CLEAR,ACTIVE,OPENED,OPENED,False,,NOT_REQUIRED
CUST100053,منى مراد,MEDIUM,CLEAR,ACTIVE,OPENED,OPENED,False,,NOT_REQUIRED
CUST100054,منى علي,LOW,CLEAR,ACTIVE,OPENED,OPENED,False,,NOT_REQUIRED
CUST100055,محمد مراد,LOW,CLEAR,ACTIVE,OPENED,OPENED,False,,NOT_REQUIRED
CUST100056,هبة عبدالله,HIGH,CLEAR,ACTIVE,REVIEW,REVIEW,False,,NOT_REQUIRED
CUST100057,عمر عمر,LOW,CLEAR,DORMANT,OPENED,OPENED,False,,PENDING
CUST100058,خالد عبدالله,LOW,CLEAR,ACTIVE,OPENED,OPENED,False,,NOT_REQUIRED
CUST100059,مصطفى محمود,LOW,CLEAR,ACTIVE,OPENED,OPENED,False,,NOT_REQUIRED
CUST100060,عبدالله عمر,HIGH,CLEAR,DORMANT,REVIEW,REVIEW,False,,COMPLETED
CUST100061,خالد فؤاد,LOW,CLEAR,ACTIVE,OPENED,OPENED,False,,COMPLETED
CUST100062,مريم حسن,LOW,CLEAR,ACTIVE,OPENED,OPENED,False,,NOT_REQUIRED
CUST100063,عبدالرحمن فؤاد,LOW,HIGH_RISK,ACTIVE,REVIEW,REVIEW,False,,NOT_REQUIRED
CUST100064,نور عمر,LOW,CLEAR,ACTIVE,OPENED,OPENED,False,,NOT_REQUIRED
CUST100065,سارة محمد,MEDIUM,CLEAR,ACTIVE,OPENED,OPENED,False,,NOT_REQUIRED
CUST100066,عبدالله كمال,LOW,CLEAR,ACTIVE,OPENED,OPENED,False,,NOT_REQUIRED
CUST100067,مريم منصور,HIGH,CLEAR,ACTIVE,REVIEW,REVIEW,False,,NOT_REQUIRED
CUST100068,أحمد محمد,LOW,CLEAR,DORMANT,OPENED,OPENED,False,,PENDING
CUST100069,منى أحمد,LOW,CLEAR,ACTIVE,OPENED,OPENED,False,,NOT_REQUIRED
CUST100070,ياسمين فؤاد,MEDIUM,CLEAR,ACTIVE,OPENED,OPENED,False,,NOT_REQUIRED
CUST100071,عمر حسين,LOW,NO_MATCH,ACTIVE,PENDING,PENDING,False,,NOT_REQUIRED
CUST100072,منى عمر,LOW,CLEAR,ACTIVE,OPENED,OPENED,False,,NOT_REQUIRED
CUST100073,محمود إبراهيم,MEDIUM,PENDING,ACTIVE,OPENED,OPENED,False,,NOT_REQUIRED
CUST100074,مصطفى إبراهيم,LOW,PENDING,ACTIVE,OPENED,OPENED,False,,NOT_REQUIRED
CUST100075,منى حسن,LOW,NO_MATCH,ACTIVE,OPENED,OPENED,False,,NOT_REQUIRED
CUST100076,سارة فؤاد,HIGH,CLEAR,ACTIVE,REVIEW,REVIEW,False,,NOT_REQUIRED
CUST100077,يوسف حسن,LOW,CLEAR,ACTIVE,OPENED,OPENED,False,,NOT_REQUIRED
CUST100078,دينا عبدالله,LOW,CLEAR,ACTIVE,OPENED,OPENED,False,,NOT_REQUIRED
CUST100079,مصطفى يوسف,LOW,CLEAR,ACTIVE,OPENED,OPENED,False,,NOT_REQUIRED
CUST100080,عبدالله كمال,LOW,CLEAR,ACTIVE,OPENED,OPENED,False,,NOT_REQUIRED
CUST100081,نور مراد,LOW,CLEAR,ACTIVE,OPENED,OPENED,False,,NOT_REQUIRED
CUST100082,عمر مراد,LOW,CLEAR,ACTIVE,OPENED,OPENED,False,,NOT_REQUIRED
CUST100083,آية سالم,LOW,CLEAR,ACTIVE,OPENED,OPENED,False,,NOT_REQUIRED
CUST100084,كريم حسين,LOW,CLEAR,ACTIVE,OPENED,OPENED,False,,NOT_REQUIRED
CUST100085,خالد يوسف,LOW,CLEAR,DORMANT,OPENED,OPENED,False,,PENDING
CUST100086,أحمد يوسف,LOW,CLEAR,ACTIVE,OPENED,OPENED,False,,NOT_REQUIRED
CUST100087,Ahmed Hassan,LOW,CLEAR,ACTIVE,OPENED,OPENED,False,,NOT_REQUIRED
CUST100088,ياسمين منصور,LOW,CLEAR,ACTIVE,OPENED,OPENED,False,,NOT_REQUIRED
CUST100089,آية حسن,LOW,NO_MATCH,ACTIVE,OPENED,OPENED,False,,NOT_REQUIRED
CUST100090,نور إبراهيم,LOW,PENDING,ACTIVE,OPENED,OPENED,False,,NOT_REQUIRED
CUST100091,آية عبدالله,MEDIUM,NO_MATCH,ACTIVE,OPENED,OPENED,False,,NOT_REQUIRED
CUST100092,آية يوسف,LOW,PENDING,ACTIVE,OPENED,OPENED,False,,NOT_REQUIRED
CUST100093,مريم محمد,LOW,NO_MATCH,ACTIVE,PENDING,PENDING,False,,NOT_REQUIRED
CUST100094,إسراء محمود,MEDIUM,CLEAR,ACTIVE,OPENED,OPENED,False,,NOT_REQUIRED
CUST100095,علي علي,LOW,CLEAR,ACTIVE,OPENED,OPENED,False,,NOT_REQUIRED
CUST100096,يوسف يوسف,LOW,CLEAR,ACTIVE,OPENED,OPENED,False,,NOT_REQUIRED
CUST100097,مصطفى عمر,LOW,CLEAR,ACTIVE,OPENED,OPENED,False,,NOT_REQUIRED
CUST100098,كريم أحمد,LOW,CLEAR,ACTIVE,OPENED,OPENED,False,,NOT_REQUIRED
CUST100099,محمود عبدالله,LOW,CLEAR,ACTIVE,OPENED,OPENED,False,,NOT_REQUIRED
CUST100100,آية إبراهيم,MEDIUM,NO_MATCH,ACTIVE,OPENED,OPENED,False,,NOT_REQUIRED
CUST100101,عمر إبراهيم,LOW,CLEAR,ACTIVE,PENDING,PENDING,False,,NOT_REQUIRED
CUST100102,آية كمال,MEDIUM,NO_MATCH,ACTIVE,OPENED,OPENED,False,,NOT_REQUIRED
CUST100103,محمد حسن,MEDIUM,CLEAR,ACTIVE,OPENED,OPENED,False,,NOT_REQUIRED
CUST100104,ياسمين محمود,LOW,CLEAR,ACTIVE,OPENED,OPENED,False,,NOT_REQUIRED
CUST100105,ياسمين حسن,LOW,CLEAR,ACTIVE,OPENED,OPENED,False,,NOT_REQUIRED
CUST100106,ياسمين حسين,LOW,CLEAR,ACTIVE,PENDING,PENDING,False,,NOT_REQUIRED
CUST100107,مصطفى كمال,HIGH,CLEAR,ACTIVE,REVIEW,REVIEW,False,,NOT_REQUIRED
CUST100108,منى مراد,LOW,CLEAR,DORMANT,OPENED,OPENED,False,,PENDING
CUST100109,خالد أحمد,LOW,NO_MATCH,ACTIVE,OPENED,OPENED,False,,NOT_REQUIRED
CUST100110,علي منصور,LOW,CLEAR,ACTIVE,PENDING,PENDING,False,,NOT_REQUIRED
CUST100111,ياسمين حسين,LOW,CLEAR,ACTIVE,OPENED,OPENED,False,,NOT_REQUIRED
CUST100112,دينا حسن,LOW,CLEAR,ACTIVE,OPENED,OPENED,False,,NOT_REQUIRED
CUST100113,منى محمود,LOW,CLEAR,ACTIVE,OPENED,OPENED,False,,NOT_REQUIRED
CUST100114,هبة حسن,LOW,CLEAR,ACTIVE,OPENED,OPENED,False,,NOT_REQUIRED
CUST100115,دينا إبراهيم,MEDIUM,CLEAR,ACTIVE,OPENED,OPENED,False,,NOT_REQUIRED
CUST100116,محمد مراد,LOW,CLEAR,ACTIVE,OPENED,OPENED,False,,NOT_REQUIRED
CUST100117,محمود سالم,LOW,CLEAR,ACTIVE,OPENED,OPENED,False,,NOT_REQUIRED
CUST100118,يوسف فؤاد,LOW,CLEAR,ACTIVE,OPENED,OPENED,False,,NOT_REQUIRED
CUST100119,محمود إبراهيم,HIGH,CLEAR,ACTIVE,OPENED,OPENED,True,EXC-100119,NOT_REQUIRED
CUST100120,نور أحمد,LOW,CLEAR,DORMANT,OPENED,OPENED,False,,PENDING
CUST100121,مصطفى علي,LOW,CLEAR,ACTIVE,OPENED,OPENED,False,,NOT_REQUIRED
CUST100122,مصطفى محمود,LOW,CLEAR,ACTIVE,OPENED,OPENED,False,,NOT_REQUIRED
CUST100123,منى حسين,LOW,CLEAR,ACTIVE,OPENED,OPENED,False,,NOT_REQUIRED
CUST100124,إسراء يوسف,LOW,CLEAR,DORMANT,PENDING,PENDING,False,,COMPLETED
CUST100125,دينا يوسف,LOW,CLEAR,ACTIVE,OPENED,OPENED,False,,NOT_REQUIRED
CUST100126,أحمد يوسف,LOW,CLEAR,ACTIVE,OPENED,OPENED,False,,NOT_REQUIRED
CUST100127,ياسمين منصور,LOW,CLEAR,ACTIVE,OPENED,OPENED,False,,NOT_REQUIRED
CUST100128,دينا سالم,LOW,CLEAR,ACTIVE,PENDING,PENDING,False,,NOT_REQUIRED
CUST100129,كريم منصور,LOW,NO_MATCH,ACTIVE,OPENED,OPENED,False,,NOT_REQUIRED
CUST100130,دينا عبدالله,LOW,CLEAR,ACTIVE,OPENED,OPENED,False,,NOT_REQUIRED
CUST100131,دينا فؤاد,MEDIUM,HIGH_RISK,ACTIVE,REVIEW,REVIEW,False,,NOT_REQUIRED
CUST100132,أحمد عمر,HIGH,CLEAR,ACTIVE,REVIEW,REVIEW,False,,NOT_REQUIRED
CUST100133,دينا عمر,MEDIUM,CLEAR,ACTIVE,PENDING,PENDING,False,,NOT_REQUIRED
CUST100134,ياسمين منصور,LOW,CLEAR,ACTIVE,OPENED,OPENED,False,,NOT_REQUIRED
CUST100135,سارة أحمد,LOW,CLEAR,ACTIVE,OPENED,OPENED,False,,NOT_REQUIRED
CUST100136,كريم فؤاد,LOW,PENDING,ACTIVE,OPENED,OPENED,False,,NOT_REQUIRED
CUST100137,محمد محمد,MEDIUM,CLEAR,ACTIVE,OPENED,OPENED,False,,NOT_REQUIRED
CUST100138,سارة عمر,MEDIUM,CLEAR,ACTIVE,PENDING,PENDING,False,,NOT_REQUIRED
CUST100139,نور سالم,MEDIUM,CLEAR,ACTIVE,OPENED,OPENED,False,,NOT_REQUIRED
CUST100140,عبدالرحمن كمال,MEDIUM,CLEAR,ACTIVE,OPENED,OPENED,False,,NOT_REQUIRED
CUST100141,يوسف محمد,LOW,CLEAR,ACTIVE,OPENED,OPENED,False,,NOT_REQUIRED
CUST100142,علي كمال,MEDIUM,NO_MATCH,ACTIVE,OPENED,OPENED,False,,NOT_REQUIRED
CUST100143,نور يوسف,MEDIUM,CLEAR,ACTIVE,OPENED,OPENED,False,,NOT_REQUIRED
CUST100144,عبدالرحمن محمود,LOW,CLEAR,ACTIVE,OPENED,OPENED,False,,NOT_REQUIRED
CUST100145,,MEDIUM,CLEAR,ACTIVE,OPENED,OPENED,False,,NOT_REQUIRED
CUST100146,محمد إبراهيم,LOW,CLEAR,ACTIVE,OPENED,OPENED,False,,NOT_REQUIRED
CUST100147,يوسف عمر,HIGH,CLEAR,ACTIVE,REVIEW,REVIEW,False,,NOT_REQUIRED
CUST100148,آية فؤاد,MEDIUM,PENDING,ACTIVE,OPENED,OPENED,False,,NOT_REQUIRED
CUST100149,أحمد يوسف,LOW,CLEAR,ACTIVE,OPENED,OPENED,False,,NOT_REQUIRED
CUST100150,إسراء محمد,LOW,CLEAR,ACTIVE,OPENED,OPENED,False,,NOT_REQUIRED
CUST100151,علي إبراهيم,LOW,CLEAR,ACTIVE,OPENED,OPENED,False,,NOT_REQUIRED
CUST100152,عبدالله عبدالله,MEDIUM,CLEAR,ACTIVE,OPENED,OPENED,False,,NOT_REQUIRED
CUST100153,علي كمال,MEDIUM,CLEAR,ACTIVE,OPENED,OPENED,False,,NOT_REQUIRED
CUST100154,نور محمود,LOW,CLEAR,ACTIVE,OPENED,OPENED,False,,NOT_REQUIRED
CUST100155,مصطفى سالم,MEDIUM,CLEAR,ACTIVE,OPENED,OPENED,False,,NOT_REQUIRED
CUST100156,محمود علي,LOW,CLEAR,ACTIVE,OPENED,OPENED,False,,NOT_REQUIRED
CUST100157,دينا يوسف,LOW,CLEAR,ACTIVE,OPENED,OPENED,False,,NOT_REQUIRED
CUST100158,هبة محمد,LOW,NO_MATCH,ACTIVE,OPENED,OPENED,False,,NOT_REQUIRED
CUST100159,ياسمين محمد,LOW,CLEAR,ACTIVE,OPENED,OPENED,False,,NOT_REQUIRED
CUST100160,عبدالرحمن سالم,LOW,NO_MATCH,ACTIVE,OPENED,OPENED,False,,NOT_REQUIRED
CUST100161,مصطفى إبراهيم,LOW,NO_MATCH,ACTIVE,PENDING,PENDING,False,,NOT_REQUIRED
CUST100162,نور يوسف,LOW,CLEAR,ACTIVE,OPENED,OPENED,False,,NOT_REQUIRED
CUST100163,نور إبراهيم,LOW,CLEAR,ACTIVE,OPENED,OPENED,False,,NOT_REQUIRED
CUST100164,نور إبراهيم,MEDIUM,CLEAR,ACTIVE,OPENED,OPENED,False,,NOT_REQUIRED
CUST100165,آية علي,LOW,CLEAR,ACTIVE,OPENED,OPENED,False,,NOT_REQUIRED
CUST100166,سارة أحمد,MEDIUM,CLEAR,ACTIVE,OPENED,OPENED,False,,NOT_REQUIRED
CUST100167,عمر محمد,LOW,CLEAR,ACTIVE,OPENED,OPENED,False,,NOT_REQUIRED
CUST100168,سارة مراد,LOW,CLEAR,ACTIVE,OPENED,OPENED,False,,NOT_REQUIRED
CUST100169,محمد كمال,LOW,CLEAR,ACTIVE,OPENED,OPENED,False,,NOT_REQUIRED
CUST100170,محمود منصور,LOW,NO_MATCH,DORMANT,OPENED,OPENED,False,,PENDING
CUST100171,أحمد منصور,LOW,CLEAR,ACTIVE,OPENED,OPENED,False,,NOT_REQUIRED
CUST100172,ياسمين محمد,LOW,CLEAR,DORMANT,OPENED,OPENED,False,,PENDING
CUST100173,خالد حسن,LOW,NO_MATCH,ACTIVE,OPENED,OPENED,False,,NOT_REQUIRED
CUST100174,مصطفى أحمد,LOW,CLEAR,ACTIVE,OPENED,OPENED,False,,NOT_REQUIRED
CUST100175,منى محمد,LOW,CLEAR,ACTIVE,OPENED,OPENED,False,,NOT_REQUIRED
CUST100176,خالد محمود,LOW,PENDING,ACTIVE,OPENED,OPENED,False,,NOT_REQUIRED
CUST100177,عمر حسن,MEDIUM,CLEAR,DORMANT,OPENED,OPENED,False,,PENDING
CUST100178,عبدالله حسين,LOW,CLEAR,ACTIVE,OPENED,OPENED,False,,NOT_REQUIRED
CUST100179,هبة أحمد,HIGH,CLEAR,ACTIVE,REVIEW,REVIEW,False,,NOT_REQUIRED
CUST100180,عبدالله منصور,MEDIUM,NO_MATCH,ACTIVE,OPENED,OPENED,False,,NOT_REQUIRED
CUST100181,عمر كمال,HIGH,CLEAR,ACTIVE,REVIEW,REVIEW,False,,NOT_REQUIRED
CUST100182,منى فؤاد,MEDIUM,CLEAR,ACTIVE,OPENED,OPENED,False,,NOT_REQUIRED
CUST100183,مصطفى عبدالله,LOW,CLEAR,ACTIVE,OPENED,OPENED,False,,NOT_REQUIRED
CUST100184,منى عبدالله,LOW,CLEAR,DORMANT,OPENED,OPENED,False,,PENDING
CUST100185,نور محمود,LOW,CLEAR,ACTIVE,PENDING,PENDING,False,,NOT_REQUIRED
CUST100186,عمر حسن,MEDIUM,CLEAR,ACTIVE,PENDING,PENDING,False,,NOT_REQUIRED
CUST100187,مريم سالم,LOW,PENDING,ACTIVE,OPENED,OPENED,False,,NOT_REQUIRED
CUST100188,يوسف سالم,LOW,CLEAR,ACTIVE,OPENED,OPENED,False,,NOT_REQUIRED
CUST100189,سارة أحمد,MEDIUM,CLEAR,ACTIVE,OPENED,OPENED,False,,NOT_REQUIRED
CUST100190,مصطفى عبدالله,LOW,CLEAR,ACTIVE,OPENED,OPENED,False,,NOT_REQUIRED
CUST100191,كريم محمود,LOW,CLEAR,ACTIVE,OPENED,OPENED,False,,NOT_REQUIRED
CUST100192,كريم حسن,MEDIUM,CLEAR,ACTIVE,OPENED,OPENED,False,,NOT_REQUIRED
CUST100193,مريم فؤاد,LOW,CLEAR,ACTIVE,OPENED,OPENED,False,,NOT_REQUIRED
CUST100194,عبدالرحمن إبراهيم,LOW,CLEAR,ACTIVE,OPENED,OPENED,False,,NOT_REQUIRED
CUST100195,أحمد منصور,MEDIUM,CLEAR,ACTIVE,OPENED,OPENED,False,,NOT_REQUIRED
CUST100196,سارة فؤاد,LOW,CLEAR,ACTIVE,OPENED,OPENED,False,,NOT_REQUIRED
CUST100197,محمود مراد,LOW,CLEAR,ACTIVE,OPENED,OPENED,False,,NOT_REQUIRED
CUST100198,سارة يوسف,LOW,PENDING,ACTIVE,OPENED,OPENED,False,,NOT_REQUIRED
CUST100199,عبدالرحمن منصور,LOW,NO_MATCH,ACTIVE,PENDING,PENDING,False,,NOT_REQUIRED
CUST100200,مريم كمال,LOW,CLEAR,ACTIVE,OPENED,OPENED,False,,NOT_REQUIRED
CUST100201,عبدالله إبراهيم,MEDIUM,NO_MATCH,ACTIVE,OPENED,OPENED,False,,NOT_REQUIRED
CUST100202,منى مراد,MEDIUM,NO_MATCH,ACTIVE,PENDING,PENDING,False,,NOT_REQUIRED
CUST100203,مصطفى عمر,LOW,CLEAR,ACTIVE,OPENED,OPENED,False,,NOT_REQUIRED
CUST100204,منى منصور,LOW,NO_MATCH,ACTIVE,OPENED,OPENED,False,,NOT_REQUIRED
CUST100205,علي كمال,LOW,CLEAR,ACTIVE,OPENED,OPENED,False,,NOT_REQUIRED
CUST100206,ياسمين إبراهيم,LOW,CLEAR,ACTIVE,OPENED,OPENED,False,,NOT_REQUIRED
CUST100207,عبدالرحمن فؤاد,LOW,CLEAR,ACTIVE,OPENED,OPENED,False,,NOT_REQUIRED
CUST100208,علي محمود,HIGH,CLEAR,ACTIVE,OPENED,OPENED,False,,NOT_REQUIRED
CUST100209,ياسمين مراد,LOW,CLEAR,ACTIVE,OPENED,OPENED,False,,NOT_REQUIRED
CUST100210,علي منصور,HIGH,CLEAR,ACTIVE,REVIEW,REVIEW,False,,NOT_REQUIRED
CUST100211,,LOW,CLEAR,ACTIVE,OPENED,OPENED,False,,NOT_REQUIRED
CUST100212,ياسمين عبدالله,MEDIUM,CLEAR,ACTIVE,OPENED,OPENED,False,,NOT_REQUIRED
CUST100213,نور كمال,LOW,CLEAR,ACTIVE,OPENED,OPENED,False,,NOT_REQUIRED
CUST100214,خالد علي,MEDIUM,CLEAR,ACTIVE,OPENED,OPENED,False,,NOT_REQUIRED
CUST100215,علي علي,LOW,CLEAR,ACTIVE,OPENED,OPENED,False,,NOT_REQUIRED
CUST100216,أحمد إبراهيم,LOW,CLEAR,ACTIVE,OPENED,OPENED,False,,NOT_REQUIRED
CUST100217,أحمد فؤاد,MEDIUM,CLEAR,ACTIVE,OPENED,OPENED,False,,NOT_REQUIRED
CUST100218,نور يوسف,HIGH,CLEAR,DORMANT,REVIEW,REVIEW,False,,COMPLETED
CUST100219,عبدالله عبدالله,LOW,CLEAR,ACTIVE,OPENED,OPENED,False,,NOT_REQUIRED
CUST100220,محمود منصور,LOW,CLEAR,ACTIVE,OPENED,OPENED,False,,NOT_REQUIRED
CUST100221,منى سالم,LOW,CLEAR,ACTIVE,PENDING,PENDING,False,,NOT_REQUIRED
CUST100222,خالد مراد,LOW,CLEAR,ACTIVE,OPENED,OPENED,False,,PENDING
CUST100223,يوسف منصور,LOW,CLEAR,ACTIVE,OPENED,OPENED,False,,NOT_REQUIRED
CUST100224,خالد عبدالله,MEDIUM,CLEAR,ACTIVE,OPENED,OPENED,False,,NOT_REQUIRED
CUST100225,سارة مراد,LOW,CLEAR,ACTIVE,OPENED,OPENED,False,,NOT_REQUIRED
CUST100226,آية علي,LOW,CLEAR,ACTIVE,OPENED,OPENED,False,,NOT_REQUIRED
CUST100227,دينا مراد,LOW,CLEAR,ACTIVE,OPENED,OPENED,False,,NOT_REQUIRED
CUST100228,هبة حسن,LOW,CLEAR,ACTIVE,OPENED,OPENED,False,,NOT_REQUIRED
CUST100229,عمر محمود,LOW,CLEAR,ACTIVE,OPENED,OPENED,False,,NOT_REQUIRED
CUST100230,منى يوسف,LOW,CLEAR,DORMANT,OPENED,OPENED,False,,PENDING
CUST100231,إسراء عمر,LOW,CLEAR,ACTIVE,OPENED,OPENED,False,,NOT_REQUIRED
CUST100232,محمد مراد,LOW,CLEAR,ACTIVE,OPENED,OPENED,False,,NOT_REQUIRED
CUST100233,ياسمين عمر,HIGH,CLEAR,ACTIVE,REVIEW,REVIEW,False,,NOT_REQUIRED
CUST100234,منى منصور,MEDIUM,CLEAR,ACTIVE,OPENED,OPENED,False,,NOT_REQUIRED
CUST100235,خالد محمد,MEDIUM,CLEAR,ACTIVE,OPENED,OPENED,False,,NOT_REQUIRED
CUST100236,مصطفى أحمد,LOW,NO_MATCH,ACTIVE,OPENED,OPENED,False,,NOT_REQUIRED
CUST100237,نور علي,LOW,CLEAR,ACTIVE,OPENED,OPENED,False,,NOT_REQUIRED
CUST100238,سارة محمود,LOW,CLEAR,ACTIVE,OPENED,OPENED,False,,NOT_REQUIRED
CUST100239,كريم أحمد,LOW,CLEAR,ACTIVE,OPENED,OPENED,False,,NOT_REQUIRED
CUST100240,محمود إبراهيم,LOW,HIGH_RISK,ACTIVE,REVIEW,REVIEW,False,,NOT_REQUIRED
CUST100241,دينا عمر,LOW,CLEAR,ACTIVE,OPENED,OPENED,False,,NOT_REQUIRED
CUST100242,أحمد مراد,LOW,NO_MATCH,ACTIVE,OPENED,OPENED,False,,NOT_REQUIRED
CUST100243,كريم إبراهيم,LOW,CLEAR,ACTIVE,OPENED,OPENED,False,,NOT_REQUIRED
CUST100244,كريم كمال,LOW,CLEAR,ACTIVE,OPENED,OPENED,False,,NOT_REQUIRED
CUST100245,أحمد مراد,LOW,CLEAR,ACTIVE,PENDING,PENDING,False,,NOT_REQUIRED
CUST100246,ياسمين يوسف,LOW,CLEAR,ACTIVE,OPENED,OPENED,False,,NOT_REQUIRED
CUST100247,نور عبدالله,LOW,CLEAR,ACTIVE,OPENED,OPENED,False,,NOT_REQUIRED
CUST100248,ياسمين محمود,LOW,PENDING,ACTIVE,OPENED,OPENED,False,,NOT_REQUIRED
CUST100249,محمد مراد,LOW,CLEAR,ACTIVE,OPENED,OPENED,False,,NOT_REQUIRED
CUST100250,عمر حسين,LOW,NO_MATCH,ACTIVE,PENDING,PENDING,False,,NOT_REQUIRED
CUST100251,منى عبدالله,MEDIUM,CLEAR,ACTIVE,OPENED,OPENED,False,,NOT_REQUIRED
CUST100252,عمر علي,LOW,CLEAR,ACTIVE,OPENED,OPENED,False,,NOT_REQUIRED
CUST100253,سارة عمر,LOW,CLEAR,ACTIVE,OPENED,OPENED,False,,NOT_REQUIRED
CUST100254,مصطفى منصور,HIGH,CLEAR,ACTIVE,REVIEW,REVIEW,False,,NOT_REQUIRED
CUST100255,محمود علي,LOW,CLEAR,ACTIVE,OPENED,OPENED,False,,NOT_REQUIRED
CUST100256,مصطفى حسين,MEDIUM,CLEAR,ACTIVE,OPENED,OPENED,False,,NOT_REQUIRED
CUST100257,محمود سالم,MEDIUM,CLEAR,ACTIVE,OPENED,OPENED,False,,NOT_REQUIRED
CUST100258,عمر سالم,LOW,CLEAR,DORMANT,OPENED,OPENED,False,,PENDING
CUST100259,دينا يوسف,LOW,CLEAR,ACTIVE,PENDING,PENDING,False,,NOT_REQUIRED
CUST100260,ياسمين حسين,LOW,CLEAR,DORMANT,OPENED,OPENED,False,,PENDING
CUST100261,عمر كمال,HIGH,CLEAR,ACTIVE,REVIEW,REVIEW,False,,NOT_REQUIRED
CUST100262,علي عبدالله,LOW,CLEAR,ACTIVE,OPENED,OPENED,False,,NOT_REQUIRED
CUST100263,عبدالله يوسف,LOW,CLEAR,ACTIVE,OPENED,OPENED,False,,NOT_REQUIRED
CUST100264,عبدالرحمن حسين,LOW,CLEAR,ACTIVE,OPENED,OPENED,False,,NOT_REQUIRED
CUST100265,دينا أحمد,LOW,CLEAR,ACTIVE,OPENED,OPENED,False,,NOT_REQUIRED
CUST100266,نور أحمد,MEDIUM,CLEAR,ACTIVE,OPENED,OPENED,False,,NOT_REQUIRED
CUST100267,سارة محمد,LOW,CLEAR,ACTIVE,OPENED,OPENED,False,,NOT_REQUIRED
CUST100268,كريم مراد,MEDIUM,NO_MATCH,ACTIVE,OPENED,OPENED,False,,NOT_REQUIRED
CUST100269,دينا أحمد,MEDIUM,CLEAR,ACTIVE,OPENED,OPENED,False,,NOT_REQUIRED
CUST100270,علي محمد,LOW,NO_MATCH,DORMANT,OPENED,OPENED,False,,PENDING
CUST100272,عمر كمال,MEDIUM,CLEAR,ACTIVE,OPENED,OPENED,False,,NOT_REQUIRED
CUST100273,عبدالرحمن فؤاد,MEDIUM,CLEAR,ACTIVE,OPENED,OPENED,False,,NOT_REQUIRED
CUST100274,نور عمر,MEDIUM,CLEAR,ACTIVE,OPENED,OPENED,False,,NOT_REQUIRED
CUST100275,منى فؤاد,LOW,CLEAR,ACTIVE,PENDING,PENDING,False,,NOT_REQUIRED
CUST100276,منى منصور,LOW,CLEAR,ACTIVE,OPENED,OPENED,False,,NOT_REQUIRED
CUST100277,ياسمين عمر,LOW,CLEAR,ACTIVE,OPENED,OPENED,False,,NOT_REQUIRED
CUST100278,أحمد أحمد,MEDIUM,CLEAR,ACTIVE,OPENED,OPENED,False,,NOT_REQUIRED
CUST100279,أحمد يوسف,LOW,CLEAR,ACTIVE,OPENED,OPENED,False,,NOT_REQUIRED
CUST100280,علي عمر,LOW,CLEAR,ACTIVE,OPENED,OPENED,False,,NOT_REQUIRED
CUST100281,منى عمر,LOW,CLEAR,ACTIVE,OPENED,OPENED,False,,NOT_REQUIRED
CUST100282,مصطفى محمد,LOW,CLEAR,ACTIVE,OPENED,OPENED,False,,NOT_REQUIRED
CUST100283,منى يوسف,LOW,CLEAR,ACTIVE,OPENED,OPENED,False,,NOT_REQUIRED
CUST100284,نور محمد,LOW,CLEAR,ACTIVE,OPENED,OPENED,False,,NOT_REQUIRED
CUST100285,عبدالله أحمد,LOW,CLEAR,ACTIVE,OPENED,OPENED,False,,NOT_REQUIRED
CUST100286,عمر كمال,MEDIUM,CLEAR,ACTIVE,OPENED,OPENED,False,,NOT_REQUIRED
CUST100287,دينا حسين,MEDIUM,CLEAR,ACTIVE,OPENED,OPENED,False,,NOT_REQUIRED
CUST100288,هبة علي,LOW,CLEAR,DORMANT,OPENED,OPENED,False,,PENDING
CUST100289,منى منصور,LOW,CLEAR,ACTIVE,OPENED,OPENED,False,,NOT_REQUIRED
CUST100290,آية حسين,HIGH,CLEAR,ACTIVE,REVIEW,REVIEW,False,,NOT_REQUIRED
CUST100291,علي يوسف,LOW,CLEAR,ACTIVE,OPENED,OPENED,False,,NOT_REQUIRED
CUST100292,عبدالرحمن عبدالله,LOW,CLEAR,ACTIVE,OPENED,OPENED,False,,NOT_REQUIRED
CUST100293,سارة أحمد,LOW,CLEAR,ACTIVE,OPENED,OPENED,False,,NOT_REQUIRED
CUST100294,هبة مراد,LOW,CLEAR,ACTIVE,OPENED,OPENED,False,,NOT_REQUIRED
CUST100295,هبة إبراهيم,LOW,NO_MATCH,ACTIVE,OPENED,OPENED,False,,NOT_REQUIRED
CUST100296,آية حسين,MEDIUM,CLEAR,ACTIVE,OPENED,OPENED,False,,NOT_REQUIRED
CUST100297,نور فؤاد,LOW,CLEAR,ACTIVE,OPENED,OPENED,False,,NOT_REQUIRED
CUST100298,علي إبراهيم,LOW,CLEAR,ACTIVE,OPENED,OPENED,False,,NOT_REQUIRED
CUST100299,محمد أحمد,MEDIUM,CLEAR,ACTIVE,OPENED,OPENED,False,,NOT_REQUIRED
CUST100300,مريم عمر,HIGH,NO_MATCH,ACTIVE,REVIEW,REVIEW,False,,NOT_REQUIRED
CUST100301,آية عبدالله,MEDIUM,CLEAR,ACTIVE,OPENED,OPENED,False,,NOT_REQUIRED
CUST100302,محمد فؤاد,LOW,CLEAR,DORMANT,OPENED,OPENED,False,,PENDING
CUST100303,إسراء كمال,LOW,NO_MATCH,ACTIVE,OPENED,OPENED,False,,NOT_REQUIRED
CUST100304,هبة منصور,LOW,CLEAR,ACTIVE,OPENED,OPENED,False,,NOT_REQUIRED
CUST100305,محمود فؤاد,LOW,CLEAR,ACTIVE,OPENED,OPENED,False,,NOT_REQUIRED
CUST100306,سارة حسين,LOW,CLEAR,ACTIVE,OPENED,OPENED,False,,NOT_REQUIRED
CUST100307,دينا حسين,LOW,CLEAR,ACTIVE,OPENED,OPENED,False,,NOT_REQUIRED
CUST100308,سارة عبدالله,LOW,CLEAR,DORMANT,PENDING,PENDING,False,,COMPLETED
CUST100309,محمود يوسف,MEDIUM,CLEAR,ACTIVE,OPENED,OPENED,False,,NOT_REQUIRED
CUST100310,مصطفى إبراهيم,HIGH,NO_MATCH,ACTIVE,REVIEW,REVIEW,False,,NOT_REQUIRED
CUST100311,مصطفى محمد,LOW,NO_MATCH,ACTIVE,PENDING,PENDING,False,,NOT_REQUIRED
CUST100312,محمود عمر,LOW,CLEAR,ACTIVE,OPENED,OPENED,False,,NOT_REQUIRED
CUST100313,علي يوسف,LOW,CLEAR,ACTIVE,OPENED,OPENED,False,,NOT_REQUIRED
CUST100314,يوسف كمال,LOW,CLEAR,ACTIVE,OPENED,OPENED,False,,NOT_REQUIRED
CUST100315,مصطفى محمود,LOW,CLEAR,ACTIVE,OPENED,OPENED,False,,NOT_REQUIRED
CUST100316,خالد فؤاد,LOW,CLEAR,DORMANT,OPENED,OPENED,False,,PENDING
CUST100317,خالد سالم,MEDIUM,CLEAR,ACTIVE,OPENED,OPENED,False,,NOT_REQUIRED
CUST100318,عبدالله عبدالله,LOW,CLEAR,ACTIVE,OPENED,OPENED,False,,NOT_REQUIRED
CUST100319,ياسمين محمد,MEDIUM,CLEAR,ACTIVE,OPENED,OPENED,False,,NOT_REQUIRED
CUST100320,سارة علي,LOW,CLEAR,ACTIVE,OPENED,OPENED,False,,NOT_REQUIRED
CUST100321,محمود محمود,LOW,CLEAR,ACTIVE,OPENED,OPENED,False,,NOT_REQUIRED
CUST100322,كريم سالم,LOW,CLEAR,ACTIVE,OPENED,OPENED,False,,NOT_REQUIRED
CUST100323,عبدالله كمال,LOW,CLEAR,ACTIVE,OPENED,OPENED,False,,NOT_REQUIRED
CUST100324,عبدالرحمن يوسف,LOW,CLEAR,ACTIVE,OPENED,OPENED,False,,NOT_REQUIRED
CUST100325,يوسف حسن,HIGH,PENDING,ACTIVE,REVIEW,REVIEW,False,,NOT_REQUIRED
CUST100326,يوسف فؤاد,LOW,CLEAR,ACTIVE,OPENED,OPENED,False,,NOT_REQUIRED
CUST100327,محمد علي,LOW,PENDING,ACTIVE,OPENED,OPENED,False,,NOT_REQUIRED
CUST100328,محمود فؤاد,LOW,CLEAR,ACTIVE,OPENED,OPENED,False,,NOT_REQUIRED
CUST100329,دينا محمد,LOW,CLEAR,DORMANT,OPENED,OPENED,False,,PENDING
CUST100330,هبة عبدالله,LOW,NO_MATCH,ACTIVE,OPENED,OPENED,False,,NOT_REQUIRED
CUST100331,مريم فؤاد,LOW,CLEAR,DORMANT,OPENED,OPENED,False,,PENDING
CUST100332,سارة عبدالله,MEDIUM,CLEAR,ACTIVE,OPENED,OPENED,False,,NOT_REQUIRED
CUST100333,,LOW,CLEAR,ACTIVE,OPENED,OPENED,False,,NOT_REQUIRED
CUST100334,منى سالم,LOW,CLEAR,ACTIVE,OPENED,OPENED,False,,NOT_REQUIRED
CUST100335,آية مراد,LOW,CLEAR,ACTIVE,OPENED,OPENED,False,,NOT_REQUIRED
CUST100336,عبدالرحمن منصور,MEDIUM,CLEAR,ACTIVE,OPENED,OPENED,False,,NOT_REQUIRED
CUST100337,سارة محمود,LOW,HIGH_RISK,ACTIVE,REVIEW,REVIEW,False,,NOT_REQUIRED
CUST100338,يوسف عمر,LOW,CLEAR,ACTIVE,OPENED,OPENED,False,,NOT_REQUIRED
CUST100339,عبدالرحمن عبدالله,LOW,CLEAR,ACTIVE,OPENED,OPENED,False,,NOT_REQUIRED
CUST100340,كريم سالم,LOW,CLEAR,ACTIVE,OPENED,OPENED,False,,NOT_REQUIRED
CUST100341,علي حسن,LOW,CLEAR,ACTIVE,OPENED,OPENED,False,,NOT_REQUIRED
CUST100342,كريم علي,MEDIUM,CLEAR,ACTIVE,OPENED,OPENED,False,,NOT_REQUIRED
CUST100343,هبة سالم,LOW,CLEAR,ACTIVE,OPENED,OPENED,False,,NOT_REQUIRED
CUST100344,عبدالله حسن,MEDIUM,CLEAR,ACTIVE,OPENED,OPENED,False,,NOT_REQUIRED
CUST100345,علي مراد,LOW,CLEAR,DORMANT,OPENED,OPENED,False,,PENDING
CUST100346,عبدالرحمن يوسف,MEDIUM,CLEAR,ACTIVE,OPENED,OPENED,False,,NOT_REQUIRED
CUST100347,عبدالله فؤاد,MEDIUM,CLEAR,ACTIVE,OPENED,OPENED,False,,NOT_REQUIRED
CUST100348,عمر عمر,LOW,CLEAR,ACTIVE,OPENED,OPENED,False,,NOT_REQUIRED
CUST100349,عمر سالم,LOW,CLEAR,ACTIVE,OPENED,OPENED,False,,NOT_REQUIRED
CUST100350,هبة أحمد,LOW,CLEAR,ACTIVE,OPENED,OPENED,False,,NOT_REQUIRED
CUST100351,محمد محمد,MEDIUM,CLEAR,DORMANT,OPENED,OPENED,False,,PENDING
CUST100352,علي إبراهيم,LOW,CLEAR,ACTIVE,PENDING,PENDING,False,,NOT_REQUIRED
CUST100353,نور كمال,LOW,CLEAR,ACTIVE,OPENED,OPENED,False,,NOT_REQUIRED
CUST100354,عبدالرحمن حسين,LOW,CLEAR,ACTIVE,PENDING,PENDING,False,,NOT_REQUIRED
CUST100355,عبدالرحمن إبراهيم,MEDIUM,CLEAR,ACTIVE,OPENED,OPENED,False,,NOT_REQUIRED
CUST100356,عمر محمد,LOW,CLEAR,DORMANT,OPENED,OPENED,False,,PENDING
CUST100357,إسراء حسن,LOW,CLEAR,ACTIVE,OPENED,OPENED,False,,NOT_REQUIRED
CUST100358,أحمد علي,HIGH,CLEAR,ACTIVE,REVIEW,REVIEW,False,,NOT_REQUIRED
CUST100359,خالد محمد,LOW,CLEAR,ACTIVE,OPENED,OPENED,False,,NOT_REQUIRED
CUST100360,آية علي,MEDIUM,CLEAR,ACTIVE,OPENED,OPENED,False,,NOT_REQUIRED
CUST100361,إسراء علي,LOW,CLEAR,ACTIVE,PENDING,PENDING,False,,NOT_REQUIRED
CUST100362,يوسف محمد,LOW,CLEAR,ACTIVE,OPENED,OPENED,False,,NOT_REQUIRED
CUST100363,إسراء حسين,MEDIUM,CLEAR,DORMANT,OPENED,OPENED,False,,PENDING
CUST100364,محمود سالم,LOW,CLEAR,ACTIVE,OPENED,OPENED,False,,NOT_REQUIRED
CUST100365,هبة أحمد,LOW,CLEAR,ACTIVE,OPENED,OPENED,False,,NOT_REQUIRED
CUST100366,منى محمود,LOW,CLEAR,ACTIVE,OPENED,OPENED,False,,NOT_REQUIRED
CUST100367,سارة عبدالله,LOW,CLEAR,ACTIVE,OPENED,OPENED,False,,NOT_REQUIRED
CUST100368,محمد مراد,LOW,CLEAR,ACTIVE,OPENED,OPENED,False,,NOT_REQUIRED
CUST100369,ياسمين منصور,LOW,CLEAR,ACTIVE,OPENED,OPENED,False,,NOT_REQUIRED
CUST100370,سارة كمال,LOW,HIGH_RISK,ACTIVE,REVIEW,REVIEW,False,,NOT_REQUIRED
CUST100371,مصطفى محمد,LOW,CLEAR,ACTIVE,OPENED,OPENED,False,,NOT_REQUIRED
CUST100372,نور عبدالله,LOW,PENDING,ACTIVE,OPENED,OPENED,False,,NOT_REQUIRED
CUST100373,مريم عبدالله,LOW,CLEAR,ACTIVE,OPENED,OPENED,False,,NOT_REQUIRED
CUST100374,إسراء كمال,LOW,CLEAR,ACTIVE,OPENED,OPENED,False,,NOT_REQUIRED
CUST100375,أحمد مراد,LOW,CLEAR,ACTIVE,OPENED,OPENED,False,,NOT_REQUIRED
CUST100376,خالد مراد,MEDIUM,CLEAR,ACTIVE,OPENED,OPENED,False,,NOT_REQUIRED
CUST100377,خالد عمر,LOW,NO_MATCH,ACTIVE,OPENED,OPENED,False,,NOT_REQUIRED
CUST100378,مريم إبراهيم,LOW,CLEAR,ACTIVE,OPENED,OPENED,False,,NOT_REQUIRED
CUST100379,علي سالم,LOW,NO_MATCH,ACTIVE,OPENED,OPENED,False,,NOT_REQUIRED
CUST100380,محمد مراد,MEDIUM,CLEAR,ACTIVE,OPENED,OPENED,False,,NOT_REQUIRED
CUST100381,عبدالله محمود,LOW,PENDING,ACTIVE,OPENED,OPENED,False,,NOT_REQUIRED
CUST100382,عبدالله محمد,LOW,NO_MATCH,ACTIVE,OPENED,OPENED,False,,NOT_REQUIRED
CUST100383,يوسف كمال,LOW,CLEAR,ACTIVE,OPENED,OPENED,False,,NOT_REQUIRED
CUST100384,محمد محمد,LOW,CLEAR,ACTIVE,OPENED,OPENED,False,,NOT_REQUIRED
CUST100385,محمود حسين,MEDIUM,CLEAR,DORMANT,PENDING,PENDING,False,,COMPLETED
CUST100386,أحمد سالم,HIGH,CLEAR,ACTIVE,REVIEW,REVIEW,False,,NOT_REQUIRED
CUST100387,آية محمود,LOW,NO_MATCH,ACTIVE,OPENED,OPENED,False,,NOT_REQUIRED
CUST100388,إسراء كمال,MEDIUM,CLEAR,ACTIVE,OPENED,OPENED,False,,NOT_REQUIRED
CUST100389,عمر كمال,LOW,CLEAR,ACTIVE,OPENED,OPENED,False,,NOT_REQUIRED
CUST100390,خالد محمود,LOW,CLEAR,ACTIVE,OPENED,OPENED,False,,NOT_REQUIRED
CUST100391,عمر إبراهيم,MEDIUM,CLEAR,ACTIVE,OPENED,OPENED,False,,NOT_REQUIRED
CUST100392,مريم مراد,LOW,NO_MATCH,ACTIVE,OPENED,OPENED,False,,NOT_REQUIRED
CUST100393,دينا عمر,LOW,CLEAR,ACTIVE,OPENED,OPENED,False,,NOT_REQUIRED
CUST100394,خالد حسين,LOW,CLEAR,ACTIVE,PENDING,PENDING,False,,NOT_REQUIRED
CUST100395,إسراء سالم,HIGH,NO_MATCH,ACTIVE,REVIEW,REVIEW,False,,NOT_REQUIRED
CUST100396,محمد منصور,LOW,CLEAR,ACTIVE,OPENED,OPENED,False,,NOT_REQUIRED
CUST100397,عمر منصور,LOW,CLEAR,ACTIVE,OPENED,OPENED,False,,NOT_REQUIRED
CUST100398,علي أحمد,LOW,CLEAR,ACTIVE,OPENED,OPENED,False,,NOT_REQUIRED
CUST100399,سارة محمود,LOW,CLEAR,ACTIVE,PENDING,PENDING,False,,NOT_REQUIRED
CUST100400,عبدالرحمن يوسف,LOW,CLEAR,ACTIVE,OPENED,OPENED,False,,NOT_REQUIRED
CUST100401,ياسمين حسين,MEDIUM,CLEAR,ACTIVE,PENDING,PENDING,False,,NOT_REQUIRED
CUST100402,Sara Mahmoud,MEDIUM,CLEAR,ACTIVE,OPENED,OPENED,False,,NOT_REQUIRED
CUST100403,عبدالرحمن محمود,MEDIUM,NO_MATCH,ACTIVE,OPENED,OPENED,False,,NOT_REQUIRED
CUST100404,منى حسن,MEDIUM,PENDING,ACTIVE,OPENED,OPENED,False,,NOT_REQUIRED
CUST100405,هبة حسن,LOW,CLEAR,ACTIVE,OPENED,OPENED,False,,NOT_REQUIRED
CUST100406,نور محمد,LOW,CLEAR,DORMANT,OPENED,OPENED,False,,PENDING
CUST100407,محمود كمال,LOW,CLEAR,ACTIVE,OPENED,OPENED,False,,NOT_REQUIRED
CUST100408,عبدالله أحمد,LOW,CLEAR,ACTIVE,OPENED,OPENED,False,,NOT_REQUIRED
CUST100409,محمد محمود,MEDIUM,CLEAR,ACTIVE,OPENED,OPENED,False,,NOT_REQUIRED
CUST100410,عمر أحمد,LOW,CLEAR,ACTIVE,OPENED,OPENED,False,,NOT_REQUIRED
CUST100411,يوسف سالم,HIGH,CLEAR,ACTIVE,REVIEW,REVIEW,False,,NOT_REQUIRED
CUST100412,علي حسين,LOW,CLEAR,ACTIVE,OPENED,OPENED,False,,NOT_REQUIRED
CUST100413,محمود عمر,LOW,CLEAR,ACTIVE,OPENED,OPENED,False,,NOT_REQUIRED
CUST100414,محمد سالم,LOW,CLEAR,ACTIVE,OPENED,OPENED,False,,NOT_REQUIRED
CUST100415,مصطفى عمر,LOW,CLEAR,ACTIVE,OPENED,OPENED,False,,NOT_REQUIRED
CUST100416,عبدالرحمن منصور,LOW,CLEAR,ACTIVE,OPENED,OPENED,False,,NOT_REQUIRED
CUST100417,محمود عبدالله,LOW,CLEAR,ACTIVE,OPENED,OPENED,False,,NOT_REQUIRED
CUST100418,علي يوسف,LOW,CLEAR,ACTIVE,OPENED,OPENED,False,,NOT_REQUIRED
CUST100419,هبة إبراهيم,MEDIUM,PENDING,ACTIVE,OPENED,OPENED,False,,NOT_REQUIRED
CUST100420,عبدالله مراد,LOW,PENDING,ACTIVE,OPENED,OPENED,False,,NOT_REQUIRED
CUST100421,مصطفى مراد,LOW,CLEAR,ACTIVE,PENDING,PENDING,False,,NOT_REQUIRED
CUST100422,ياسمين سالم,MEDIUM,CLEAR,ACTIVE,OPENED,OPENED,False,,NOT_REQUIRED
CUST100423,دينا فؤاد,LOW,CLEAR,ACTIVE,OPENED,OPENED,False,,NOT_REQUIRED
CUST100424,نور حسين,MEDIUM,CLEAR,ACTIVE,OPENED,OPENED,False,,NOT_REQUIRED
CUST100425,عمر يوسف,MEDIUM,CLEAR,ACTIVE,OPENED,OPENED,False,,NOT_REQUIRED
CUST100426,إسراء فؤاد,LOW,CLEAR,ACTIVE,OPENED,OPENED,False,,NOT_REQUIRED
CUST100427,آية كمال,LOW,PENDING,ACTIVE,OPENED,OPENED,False,,NOT_REQUIRED
CUST100428,محمد محمود,LOW,NO_MATCH,ACTIVE,OPENED,OPENED,False,,NOT_REQUIRED
CUST100429,خالد عمر,MEDIUM,CLEAR,ACTIVE,PENDING,PENDING,False,,NOT_REQUIRED
CUST100430,أحمد إبراهيم,MEDIUM,CLEAR,ACTIVE,OPENED,OPENED,False,,NOT_REQUIRED
CUST100431,خالد حسن,LOW,CLEAR,ACTIVE,OPENED,OPENED,False,,NOT_REQUIRED
CUST100432,آية حسن,LOW,NO_MATCH,ACTIVE,OPENED,OPENED,False,,NOT_REQUIRED
CUST100433,محمود سالم,LOW,CLEAR,ACTIVE,OPENED,OPENED,False,,NOT_REQUIRED
CUST100434,نور محمود,LOW,CLEAR,ACTIVE,OPENED,OPENED,False,,NOT_REQUIRED
CUST100435,محمود علي,HIGH,CLEAR,ACTIVE,REVIEW,REVIEW,False,,NOT_REQUIRED
CUST100436,دينا عبدالله,LOW,CLEAR,ACTIVE,OPENED,OPENED,False,,NOT_REQUIRED
CUST100437,عبدالله منصور,LOW,CLEAR,ACTIVE,OPENED,OPENED,False,,NOT_REQUIRED
CUST100438,أحمد محمود,LOW,CLEAR,ACTIVE,OPENED,OPENED,False,,NOT_REQUIRED
CUST100439,مريم مراد,MEDIUM,CLEAR,ACTIVE,OPENED,OPENED,False,,NOT_REQUIRED
CUST100440,عبدالرحمن عمر,HIGH,CLEAR,ACTIVE,REVIEW,REVIEW,False,,NOT_REQUIRED
CUST100441,سارة إبراهيم,LOW,CLEAR,ACTIVE,OPENED,OPENED,False,,NOT_REQUIRED
CUST100442,محمود مراد,LOW,CLEAR,ACTIVE,OPENED,OPENED,False,,NOT_REQUIRED
CUST100443,منى عبدالله,LOW,CLEAR,DORMANT,OPENED,OPENED,False,,PENDING
CUST100444,هبة حسن,LOW,PENDING,ACTIVE,PENDING,PENDING,False,,NOT_REQUIRED
CUST100445,مصطفى أحمد,LOW,CLEAR,ACTIVE,OPENED,OPENED,False,,NOT_REQUIRED
CUST100446,سارة مراد,LOW,CLEAR,ACTIVE,PENDING,PENDING,False,,NOT_REQUIRED
CUST100447,عبدالرحمن مراد,LOW,CLEAR,ACTIVE,OPENED,OPENED,False,,NOT_REQUIRED
CUST100448,هبة عمر,LOW,CLEAR,ACTIVE,OPENED,OPENED,False,,NOT_REQUIRED
CUST100449,علي علي,LOW,CLEAR,ACTIVE,OPENED,OPENED,False,,NOT_REQUIRED
CUST100450,عبدالرحمن محمود,LOW,CLEAR,ACTIVE,OPENED,OPENED,False,,NOT_REQUIRED
CUST100451,عبدالله أحمد,MEDIUM,CLEAR,DORMANT,OPENED,OPENED,False,,PENDING
CUST100452,منى أحمد,LOW,CLEAR,ACTIVE,OPENED,OPENED,False,,NOT_REQUIRED
CUST100453,محمد حسين,MEDIUM,CLEAR,ACTIVE,PENDING,PENDING,False,,NOT_REQUIRED
CUST100454,دينا سالم,LOW,NO_MATCH,ACTIVE,OPENED,OPENED,False,,NOT_REQUIRED
CUST100455,دينا أحمد,LOW,CLEAR,ACTIVE,OPENED,OPENED,False,,NOT_REQUIRED
CUST100456,محمود مراد,LOW,NO_MATCH,ACTIVE,OPENED,OPENED,False,,NOT_REQUIRED
CUST100457,كريم عبدالله,LOW,HIGH_RISK,ACTIVE,PENDING,PENDING,False,,NOT_REQUIRED
CUST100458,آية حسين,LOW,CLEAR,ACTIVE,OPENED,OPENED,False,,NOT_REQUIRED
CUST100459,محمود إبراهيم,LOW,CLEAR,ACTIVE,OPENED,OPENED,False,,NOT_REQUIRED
CUST100460,خالد عمر,MEDIUM,CLEAR,ACTIVE,PENDING,PENDING,False,,NOT_REQUIRED
CUST100461,محمود محمود,LOW,CLEAR,ACTIVE,OPENED,OPENED,False,,NOT_REQUIRED
CUST100462,خالد أحمد,LOW,CLEAR,ACTIVE,OPENED,OPENED,False,,NOT_REQUIRED
CUST100463,نور أحمد,LOW,CLEAR,DORMANT,OPENED,OPENED,False,,PENDING
CUST100464,محمد يوسف,LOW,CLEAR,ACTIVE,OPENED,OPENED,False,,NOT_REQUIRED
CUST100465,عبدالرحمن علي,MEDIUM,CLEAR,ACTIVE,OPENED,OPENED,False,,NOT_REQUIRED
CUST100466,عمر منصور,MEDIUM,CLEAR,ACTIVE,OPENED,OPENED,False,,NOT_REQUIRED
CUST100467,دينا محمد,LOW,PENDING,ACTIVE,OPENED,OPENED,False,,NOT_REQUIRED
CUST100468,عمر عمر,LOW,CLEAR,DORMANT,OPENED,OPENED,False,,PENDING
CUST100469,عبدالله أحمد,LOW,NO_MATCH,ACTIVE,OPENED,OPENED,False,,NOT_REQUIRED
CUST100470,خالد كمال,LOW,CLEAR,ACTIVE,OPENED,OPENED,False,,NOT_REQUIRED
CUST100471,آية فؤاد,MEDIUM,CLEAR,ACTIVE,PENDING,PENDING,False,,NOT_REQUIRED
CUST100472,نور عبدالله,MEDIUM,CLEAR,ACTIVE,OPENED,OPENED,False,,NOT_REQUIRED
CUST100473,منى حسين,LOW,CLEAR,ACTIVE,OPENED,OPENED,False,,NOT_REQUIRED
CUST100474,كريم مراد,LOW,CLEAR,ACTIVE,OPENED,OPENED,False,,NOT_REQUIRED
CUST100475,ياسمين محمود,LOW,CLEAR,ACTIVE,OPENED,OPENED,False,,NOT_REQUIRED
CUST100476,آية إبراهيم,LOW,CLEAR,ACTIVE,OPENED,OPENED,False,,NOT_REQUIRED
CUST100477,محمد محمد,LOW,NO_MATCH,ACTIVE,OPENED,OPENED,False,,NOT_REQUIRED
CUST100478,,LOW,NO_MATCH,ACTIVE,OPENED,OPENED,False,,NOT_REQUIRED
CUST100479,محمود عبدالله,HIGH,CLEAR,DORMANT,REVIEW,REVIEW,False,,COMPLETED
CUST100480,علي حسن,LOW,CLEAR,ACTIVE,OPENED,OPENED,False,,NOT_REQUIRED
CUST100481,آية أحمد,LOW,CLEAR,ACTIVE,OPENED,OPENED,False,,NOT_REQUIRED
CUST100482,علي محمود,LOW,CLEAR,ACTIVE,OPENED,OPENED,False,,NOT_REQUIRED
CUST100483,ياسمين علي,LOW,CLEAR,ACTIVE,OPENED,OPENED,False,,NOT_REQUIRED
CUST100484,منى عبدالله,MEDIUM,CLEAR,ACTIVE,OPENED,OPENED,False,,NOT_REQUIRED
CUST100485,يوسف يوسف,LOW,CLEAR,ACTIVE,OPENED,OPENED,False,,NOT_REQUIRED
CUST100486,سارة حسن,MEDIUM,CLEAR,ACTIVE,PENDING,PENDING,False,,NOT_REQUIRED
CUST100487,هبة أحمد,MEDIUM,CLEAR,ACTIVE,OPENED,OPENED,False,,NOT_REQUIRED
CUST100488,ياسمين علي,LOW,CLEAR,ACTIVE,OPENED,OPENED,False,,NOT_REQUIRED
CUST100489,كريم إبراهيم,LOW,CLEAR,ACTIVE,OPENED,OPENED,False,,NOT_REQUIRED
CUST100490,عبدالله محمود,HIGH,CLEAR,ACTIVE,REVIEW,REVIEW,False,,NOT_REQUIRED
CUST100491,إسراء إبراهيم,LOW,CLEAR,ACTIVE,OPENED,OPENED,False,,NOT_REQUIRED
CUST100492,ياسمين أحمد,LOW,PENDING,DORMANT,OPENED,OPENED,False,,PENDING
CUST100493,كريم محمود,MEDIUM,CLEAR,ACTIVE,OPENED,OPENED,False,,NOT_REQUIRED
CUST100494,علي عبدالله,MEDIUM,CLEAR,ACTIVE,OPENED,OPENED,False,,NOT_REQUIRED
CUST100495,نور عبدالله,LOW,CLEAR,ACTIVE,OPENED,OPENED,False,,NOT_REQUIRED
CUST100496,محمود سالم,LOW,CLEAR,ACTIVE,OPENED,OPENED,False,,NOT_REQUIRED
CUST100497,مريم عمر,LOW,CLEAR,ACTIVE,OPENED,OPENED,False,,NOT_REQUIRED
CUST100498,عبدالله إبراهيم,MEDIUM,CLEAR,ACTIVE,OPENED,OPENED,False,,NOT_REQUIRED
CUST100499,نور يوسف,LOW,PENDING,ACTIVE,OPENED,OPENED,False,,NOT_REQUIRED
CUST100500,محمود إبراهيم,LOW,CLEAR,ACTIVE,OPENED,OPENED,False,,NOT_REQUIRED
CUST100501,مصطفى حسين,LOW,CLEAR,ACTIVE,OPENED,OPENED,False,,NOT_REQUIRED
CUST100502,عبدالرحمن حسين,HIGH,CLEAR,ACTIVE,REVIEW,REVIEW,False,,NOT_REQUIRED
CUST100503,إسراء محمود,MEDIUM,CLEAR,ACTIVE,OPENED,OPENED,False,,NOT_REQUIRED
CUST100504,علي سالم,LOW,CLEAR,ACTIVE,PENDING,PENDING,False,,NOT_REQUIRED
CUST100505,منى حسين,LOW,CLEAR,ACTIVE,OPENED,OPENED,False,,NOT_REQUIRED
CUST100506,هبة كمال,HIGH,CLEAR,ACTIVE,REVIEW,REVIEW,False,,NOT_REQUIRED
CUST100507,يوسف إبراهيم,MEDIUM,CLEAR,ACTIVE,OPENED,OPENED,False,,NOT_REQUIRED
CUST100508,علي يوسف,LOW,CLEAR,ACTIVE,OPENED,OPENED,False,,NOT_REQUIRED
CUST100509,يوسف فؤاد,LOW,CLEAR,ACTIVE,OPENED,OPENED,False,,NOT_REQUIRED
CUST100510,عبدالرحمن محمد,LOW,NO_MATCH,ACTIVE,OPENED,OPENED,False,,NOT_REQUIRED
CUST100512,آية عمر,LOW,NO_MATCH,ACTIVE,PENDING,PENDING,False,,NOT_REQUIRED
CUST100513,آية محمود,LOW,NO_MATCH,ACTIVE,OPENED,OPENED,False,,NOT_REQUIRED
CUST100514,عبدالرحمن حسين,LOW,NO_MATCH,ACTIVE,OPENED,OPENED,False,,NOT_REQUIRED
CUST100515,محمود كمال,MEDIUM,CLEAR,ACTIVE,PENDING,PENDING,False,,NOT_REQUIRED
CUST100516,إسراء إبراهيم,LOW,CLEAR,ACTIVE,OPENED,OPENED,False,,NOT_REQUIRED
CUST100517,أحمد أحمد,LOW,CLEAR,ACTIVE,OPENED,OPENED,False,,NOT_REQUIRED
CUST100518,منى إبراهيم,LOW,CLEAR,ACTIVE,OPENED,OPENED,False,,NOT_REQUIRED
CUST100519,دينا عبدالله,LOW,CLEAR,ACTIVE,OPENED,OPENED,False,,NOT_REQUIRED
CUST100520,مريم يوسف,LOW,CLEAR,ACTIVE,OPENED,OPENED,False,,NOT_REQUIRED
CUST100521,محمود فؤاد,LOW,PENDING,ACTIVE,OPENED,OPENED,False,,NOT_REQUIRED
CUST100522,عمر حسن,LOW,CLEAR,ACTIVE,OPENED,OPENED,False,,NOT_REQUIRED
CUST100523,آية حسن,LOW,CLEAR,ACTIVE,OPENED,OPENED,False,,NOT_REQUIRED
CUST100524,سارة منصور,MEDIUM,CLEAR,ACTIVE,OPENED,OPENED,False,,NOT_REQUIRED
CUST100525,سارة أحمد,LOW,CLEAR,ACTIVE,OPENED,OPENED,False,,NOT_REQUIRED
CUST100526,عبدالله محمود,MEDIUM,CLEAR,ACTIVE,OPENED,OPENED,False,,NOT_REQUIRED
CUST100527,محمود حسن,MEDIUM,CLEAR,ACTIVE,OPENED,OPENED,False,,NOT_REQUIRED
CUST100528,عبدالله أحمد,MEDIUM,CLEAR,ACTIVE,OPENED,OPENED,False,,NOT_REQUIRED
CUST100529,عبدالله كمال,LOW,CLEAR,ACTIVE,OPENED,OPENED,False,,NOT_REQUIRED
CUST100530,دينا علي,LOW,CLEAR,ACTIVE,OPENED,OPENED,True,EXC-100530,NOT_REQUIRED
CUST100531,عمر أحمد,LOW,CLEAR,ACTIVE,OPENED,OPENED,False,,NOT_REQUIRED
CUST100532,عمر كمال,LOW,CLEAR,ACTIVE,OPENED,OPENED,False,,NOT_REQUIRED
CUST100533,علي حسن,LOW,CLEAR,ACTIVE,PENDING,PENDING,False,,NOT_REQUIRED
CUST100534,دينا يوسف,HIGH,CLEAR,ACTIVE,REVIEW,REVIEW,False,,NOT_REQUIRED
CUST100535,عمر أحمد,LOW,CLEAR,ACTIVE,OPENED,OPENED,False,,NOT_REQUIRED
CUST100536,منى حسن,MEDIUM,CLEAR,ACTIVE,OPENED,OPENED,False,,NOT_REQUIRED
CUST100537,محمود علي,LOW,CLEAR,ACTIVE,OPENED,OPENED,False,,NOT_REQUIRED
CUST100538,هبة فؤاد,LOW,CLEAR,ACTIVE,OPENED,OPENED,False,,NOT_REQUIRED
CUST100539,محمد منصور,LOW,CLEAR,ACTIVE,OPENED,OPENED,False,,NOT_REQUIRED
CUST100540,خالد إبراهيم,LOW,HIGH_RISK,ACTIVE,REVIEW,REVIEW,False,,NOT_REQUIRED
CUST100541,أحمد حسين,LOW,CLEAR,ACTIVE,PENDING,PENDING,False,,NOT_REQUIRED
CUST100542,عمر علي,LOW,HIGH_RISK,DORMANT,REVIEW,REVIEW,False,,COMPLETED
CUST100543,عمر سالم,LOW,CLEAR,ACTIVE,OPENED,OPENED,False,,NOT_REQUIRED
CUST100544,آية حسين,LOW,CLEAR,ACTIVE,OPENED,OPENED,False,,NOT_REQUIRED
CUST100545,أحمد سالم,LOW,CLEAR,ACTIVE,OPENED,OPENED,False,,NOT_REQUIRED
CUST100546,نور فؤاد,HIGH,CLEAR,DORMANT,REVIEW,REVIEW,False,,COMPLETED
CUST100547,دينا يوسف,LOW,NO_MATCH,ACTIVE,OPENED,OPENED,False,,NOT_REQUIRED
CUST100548,هبة إبراهيم,LOW,CLEAR,ACTIVE,OPENED,OPENED,False,,NOT_REQUIRED
CUST100549,مصطفى أحمد,LOW,PENDING,ACTIVE,OPENED,OPENED,False,,NOT_REQUIRED
CUST100550,آية محمود,LOW,PENDING,ACTIVE,OPENED,OPENED,False,,NOT_REQUIRED
CUST100551,مريم يوسف,LOW,CLEAR,ACTIVE,OPENED,OPENED,False,,NOT_REQUIRED
CUST100552,آية إبراهيم,LOW,CLEAR,ACTIVE,OPENED,OPENED,False,,NOT_REQUIRED
CUST100553,سارة منصور,HIGH,CLEAR,ACTIVE,REVIEW,REVIEW,False,,NOT_REQUIRED
CUST100554,عبدالرحمن عبدالله,LOW,CLEAR,ACTIVE,PENDING,PENDING,False,,NOT_REQUIRED
CUST100555,هبة حسن,LOW,CLEAR,ACTIVE,PENDING,PENDING,False,,NOT_REQUIRED
CUST100556,خالد كمال,LOW,CLEAR,ACTIVE,OPENED,OPENED,False,,NOT_REQUIRED
CUST100557,إسراء عمر,LOW,NO_MATCH,ACTIVE,OPENED,OPENED,False,,NOT_REQUIRED
CUST100558,ياسمين مراد,LOW,CLEAR,ACTIVE,OPENED,OPENED,False,,NOT_REQUIRED
CUST100559,إسراء يوسف,LOW,CLEAR,ACTIVE,OPENED,OPENED,False,,NOT_REQUIRED
CUST100560,هبة محمود,LOW,CLEAR,DORMANT,OPENED,OPENED,False,,PENDING
CUST100561,محمد حسين,LOW,CLEAR,ACTIVE,OPENED,OPENED,False,,NOT_REQUIRED
CUST100562,منى حسين,MEDIUM,HIGH_RISK,ACTIVE,REVIEW,REVIEW,False,,NOT_REQUIRED
CUST100563,عمر كمال,LOW,CLEAR,ACTIVE,OPENED,OPENED,False,,NOT_REQUIRED
CUST100564,إسراء سالم,LOW,NO_MATCH,ACTIVE,OPENED,OPENED,False,,NOT_REQUIRED
CUST100565,يوسف عبدالله,LOW,CLEAR,ACTIVE,OPENED,OPENED,False,,NOT_REQUIRED
CUST100566,يوسف مراد,LOW,PENDING,ACTIVE,OPENED,OPENED,False,,NOT_REQUIRED
CUST100567,يوسف منصور,LOW,CLEAR,ACTIVE,OPENED,OPENED,False,,NOT_REQUIRED
CUST100568,كريم كمال,LOW,CLEAR,ACTIVE,OPENED,OPENED,False,,NOT_REQUIRED
CUST100569,دينا مراد,HIGH,CLEAR,ACTIVE,REVIEW,REVIEW,False,,NOT_REQUIRED
CUST100570,عبدالله علي,LOW,CLEAR,ACTIVE,OPENED,OPENED,False,,NOT_REQUIRED
CUST100571,نور محمد,LOW,CLEAR,ACTIVE,PENDING,PENDING,False,,NOT_REQUIRED
CUST100572,علي عمر,MEDIUM,CLEAR,ACTIVE,PENDING,PENDING,False,,NOT_REQUIRED
CUST100573,محمد يوسف,MEDIUM,CLEAR,ACTIVE,OPENED,OPENED,False,,NOT_REQUIRED
CUST100574,محمد حسن,LOW,CLEAR,ACTIVE,OPENED,OPENED,False,,NOT_REQUIRED
CUST100575,مريم محمود,LOW,CLEAR,ACTIVE,OPENED,OPENED,False,,NOT_REQUIRED
CUST100576,عبدالله سالم,LOW,CLEAR,ACTIVE,OPENED,OPENED,False,,NOT_REQUIRED
CUST100577,هبة عمر,MEDIUM,CLEAR,ACTIVE,OPENED,OPENED,False,,NOT_REQUIRED
CUST100578,إسراء علي,LOW,CLEAR,ACTIVE,PENDING,PENDING,False,,NOT_REQUIRED
CUST100579,محمود منصور,MEDIUM,CLEAR,ACTIVE,OPENED,OPENED,False,,NOT_REQUIRED
CUST100580,أحمد محمود,LOW,CLEAR,ACTIVE,OPENED,OPENED,False,,NOT_REQUIRED
CUST100581,آية حسين,MEDIUM,CLEAR,ACTIVE,PENDING,PENDING,False,,NOT_REQUIRED
CUST100582,محمود إبراهيم,LOW,CLEAR,ACTIVE,OPENED,OPENED,False,,NOT_REQUIRED
CUST100583,أحمد عبدالله,LOW,CLEAR,DORMANT,OPENED,OPENED,False,,PENDING
CUST100584,نور منصور,LOW,NO_MATCH,ACTIVE,OPENED,OPENED,False,,NOT_REQUIRED
CUST100585,عبدالله محمود,LOW,CLEAR,ACTIVE,OPENED,OPENED,False,,NOT_REQUIRED
CUST100586,مصطفى يوسف,LOW,CLEAR,ACTIVE,OPENED,OPENED,False,,NOT_REQUIRED
CUST100587,أحمد علي,LOW,CLEAR,DORMANT,OPENED,OPENED,False,,PENDING
CUST100588,آية يوسف,LOW,CLEAR,ACTIVE,OPENED,OPENED,False,,NOT_REQUIRED
CUST100589,آية أحمد,LOW,CLEAR,ACTIVE,OPENED,OPENED,False,,NOT_REQUIRED
CUST100590,آية عمر,MEDIUM,CLEAR,ACTIVE,PENDING,PENDING,False,,NOT_REQUIRED
CUST100591,عبدالله محمد,MEDIUM,CLEAR,ACTIVE,OPENED,OPENED,False,,NOT_REQUIRED
CUST100592,يوسف محمد,LOW,CLEAR,ACTIVE,OPENED,OPENED,False,,NOT_REQUIRED
CUST100593,عبدالرحمن أحمد,LOW,CLEAR,ACTIVE,OPENED,OPENED,False,,NOT_REQUIRED
CUST100594,سارة فؤاد,LOW,CLEAR,ACTIVE,OPENED,OPENED,False,,NOT_REQUIRED
CUST100595,آية حسن,MEDIUM,NO_MATCH,DORMANT,OPENED,OPENED,False,,PENDING
CUST100596,دينا منصور,LOW,PENDING,ACTIVE,PENDING,PENDING,False,,NOT_REQUIRED
CUST100597,ياسمين فؤاد,LOW,HIGH_RISK,ACTIVE,REVIEW,REVIEW,False,,NOT_REQUIRED
CUST100598,كريم يوسف,HIGH,NO_MATCH,ACTIVE,REVIEW,REVIEW,False,,NOT_REQUIRED
CUST100599,كريم فؤاد,HIGH,CLEAR,ACTIVE,REVIEW,REVIEW,False,,NOT_REQUIRED
CUST100600,كريم محمود,LOW,CLEAR,ACTIVE,OPENED,OPENED,False,,PENDING
CUST100601,ياسمين عمر,LOW,CLEAR,DORMANT,OPENED,OPENED,False,,PENDING
CUST100602,خالد يوسف,LOW,CLEAR,DORMANT,OPENED,OPENED,False,,PENDING
CUST100603,محمود محمود,MEDIUM,CLEAR,ACTIVE,OPENED,OPENED,False,,NOT_REQUIRED
CUST100604,آية علي,LOW,NO_MATCH,ACTIVE,OPENED,OPENED,False,,NOT_REQUIRED
CUST100605,هبة كمال,LOW,CLEAR,ACTIVE,OPENED,OPENED,False,,NOT_REQUIRED
CUST100606,سارة حسن,LOW,CLEAR,ACTIVE,OPENED,OPENED,False,,NOT_REQUIRED
CUST100607,هبة سالم,LOW,CLEAR,ACTIVE,OPENED,OPENED,False,,NOT_REQUIRED
CUST100608,عبدالرحمن حسين,LOW,CLEAR,ACTIVE,OPENED,OPENED,False,,NOT_REQUIRED
CUST100609,إسراء علي,LOW,CLEAR,DORMANT,OPENED,OPENED,False,,PENDING
CUST100610,آية عمر,MEDIUM,CLEAR,ACTIVE,OPENED,OPENED,False,,NOT_REQUIRED
CUST100611,منى حسن,MEDIUM,CLEAR,ACTIVE,OPENED,OPENED,False,,NOT_REQUIRED
CUST100612,ياسمين فؤاد,LOW,CLEAR,ACTIVE,OPENED,OPENED,False,,NOT_REQUIRED
CUST100613,مريم فؤاد,MEDIUM,HIGH_RISK,ACTIVE,REVIEW,REVIEW,False,,NOT_REQUIRED
CUST100614,مصطفى أحمد,LOW,CLEAR,ACTIVE,OPENED,OPENED,False,,NOT_REQUIRED
CUST100615,كريم حسن,LOW,CLEAR,ACTIVE,OPENED,OPENED,False,,NOT_REQUIRED
CUST100616,يوسف عمر,LOW,CLEAR,ACTIVE,OPENED,OPENED,False,,NOT_REQUIRED
CUST100617,علي إبراهيم,MEDIUM,CLEAR,ACTIVE,OPENED,OPENED,False,,NOT_REQUIRED
CUST100618,أحمد علي,MEDIUM,CLEAR,ACTIVE,OPENED,OPENED,False,,NOT_REQUIRED
CUST100619,محمود مراد,MEDIUM,NO_MATCH,ACTIVE,PENDING,PENDING,False,,NOT_REQUIRED
CUST100620,نور حسين,MEDIUM,CLEAR,ACTIVE,PENDING,PENDING,False,,NOT_REQUIRED
CUST100621,منى أحمد,HIGH,CLEAR,DORMANT,REVIEW,REVIEW,False,,COMPLETED
CUST100622,,LOW,CLEAR,ACTIVE,OPENED,OPENED,False,,NOT_REQUIRED
CUST100623,نور أحمد,MEDIUM,CLEAR,ACTIVE,OPENED,OPENED,False,,NOT_REQUIRED
CUST100624,كريم سالم,LOW,CLEAR,ACTIVE,PENDING,PENDING,False,,NOT_REQUIRED
CUST100625,يوسف مراد,LOW,CLEAR,ACTIVE,OPENED,OPENED,False,,NOT_REQUIRED
CUST100626,سارة سالم,LOW,HIGH_RISK,ACTIVE,REVIEW,REVIEW,False,,NOT_REQUIRED
CUST100627,مريم سالم,LOW,CLEAR,ACTIVE,PENDING,PENDING,False,,NOT_REQUIRED
CUST100628,هبة محمد,LOW,CLEAR,ACTIVE,OPENED,OPENED,False,,NOT_REQUIRED
CUST100629,مريم علي,LOW,CLEAR,ACTIVE,OPENED,OPENED,False,,NOT_REQUIRED
CUST100630,خالد سالم,LOW,CLEAR,ACTIVE,OPENED,OPENED,False,,NOT_REQUIRED
CUST100631,سارة كمال,LOW,NO_MATCH,ACTIVE,OPENED,OPENED,False,,NOT_REQUIRED
CUST100632,نور علي,MEDIUM,CLEAR,ACTIVE,OPENED,OPENED,False,,NOT_REQUIRED
CUST100633,مريم كمال,LOW,CLEAR,ACTIVE,OPENED,OPENED,False,,NOT_REQUIRED
CUST100634,عمر عبدالله,LOW,CLEAR,ACTIVE,OPENED,OPENED,False,,NOT_REQUIRED
CUST100635,مصطفى سالم,LOW,CLEAR,ACTIVE,OPENED,OPENED,False,,NOT_REQUIRED
CUST100636,يوسف حسن,LOW,CLEAR,ACTIVE,OPENED,OPENED,False,,NOT_REQUIRED
CUST100637,علي منصور,LOW,CLEAR,ACTIVE,OPENED,OPENED,False,,NOT_REQUIRED
CUST100638,ياسمين حسن,MEDIUM,CLEAR,ACTIVE,OPENED,OPENED,False,,NOT_REQUIRED
CUST100639,عبدالله محمود,LOW,CLEAR,ACTIVE,OPENED,OPENED,False,,NOT_REQUIRED
CUST100640,مصطفى فؤاد,LOW,CLEAR,ACTIVE,OPENED,OPENED,False,,NOT_REQUIRED
CUST100641,عبدالله أحمد,MEDIUM,CLEAR,ACTIVE,OPENED,OPENED,False,,NOT_REQUIRED
CUST100642,إسراء عبدالله,LOW,CLEAR,ACTIVE,OPENED,OPENED,False,,NOT_REQUIRED
CUST100643,منى سالم,MEDIUM,CLEAR,ACTIVE,OPENED,OPENED,False,,NOT_REQUIRED
CUST100644,ياسمين علي,LOW,CLEAR,ACTIVE,OPENED,OPENED,False,,NOT_REQUIRED
CUST100645,سارة محمود,MEDIUM,CLEAR,DORMANT,OPENED,OPENED,False,,PENDING
CUST100646,منى محمد,MEDIUM,CLEAR,DORMANT,OPENED,OPENED,False,,PENDING
CUST100647,هبة منصور,MEDIUM,CLEAR,ACTIVE,OPENED,OPENED,False,,NOT_REQUIRED
CUST100648,عبدالرحمن مراد,LOW,CLEAR,ACTIVE,OPENED,OPENED,False,,NOT_REQUIRED
CUST100649,آية يوسف,MEDIUM,PENDING,ACTIVE,OPENED,OPENED,False,,NOT_REQUIRED
CUST100650,منى حسن,HIGH,CLEAR,ACTIVE,REVIEW,REVIEW,False,,NOT_REQUIRED
CUST100651,مصطفى أحمد,LOW,CLEAR,ACTIVE,OPENED,OPENED,False,,NOT_REQUIRED
CUST100652,يوسف أحمد,MEDIUM,CLEAR,ACTIVE,OPENED,OPENED,False,,NOT_REQUIRED
CUST100653,آية سالم,MEDIUM,CLEAR,ACTIVE,OPENED,OPENED,False,,NOT_REQUIRED
CUST100654,دينا حسن,LOW,CLEAR,ACTIVE,OPENED,OPENED,False,,NOT_REQUIRED
CUST100655,هبة حسين,MEDIUM,CLEAR,ACTIVE,OPENED,OPENED,False,,NOT_REQUIRED
CUST100656,ياسمين يوسف,LOW,CLEAR,ACTIVE,OPENED,OPENED,False,,NOT_REQUIRED
CUST100657,كريم كمال,LOW,CLEAR,ACTIVE,PENDING,PENDING,False,,NOT_REQUIRED
CUST100658,أحمد يوسف,LOW,PENDING,ACTIVE,PENDING,PENDING,False,,NOT_REQUIRED
CUST100659,علي حسين,LOW,CLEAR,ACTIVE,OPENED,OPENED,False,,NOT_REQUIRED
CUST100660,عمر منصور,MEDIUM,CLEAR,ACTIVE,OPENED,OPENED,False,,NOT_REQUIRED
CUST100661,خالد منصور,LOW,NO_MATCH,DORMANT,OPENED,OPENED,False,,PENDING
CUST100662,محمد حسن,LOW,HIGH_RISK,ACTIVE,REVIEW,REVIEW,False,,NOT_REQUIRED
CUST100663,يوسف سالم,LOW,CLEAR,ACTIVE,OPENED,OPENED,False,,NOT_REQUIRED
CUST100664,دينا إبراهيم,LOW,CLEAR,ACTIVE,OPENED,OPENED,False,,NOT_REQUIRED
CUST100665,مصطفى محمد,MEDIUM,CLEAR,ACTIVE,OPENED,OPENED,False,,NOT_REQUIRED
CUST100666,هبة عمر,MEDIUM,CLEAR,ACTIVE,OPENED,OPENED,False,,NOT_REQUIRED
CUST100667,إسراء فؤاد,LOW,CLEAR,ACTIVE,OPENED,OPENED,False,,NOT_REQUIRED
CUST100668,عبدالله إبراهيم,LOW,CLEAR,ACTIVE,OPENED,OPENED,False,,NOT_REQUIRED
CUST100669,محمود فؤاد,LOW,CLEAR,ACTIVE,OPENED,OPENED,False,,NOT_REQUIRED
CUST100670,عبدالرحمن عمر,LOW,CLEAR,ACTIVE,OPENED,OPENED,False,,NOT_REQUIRED
CUST100671,كريم سالم,LOW,CLEAR,ACTIVE,OPENED,OPENED,False,,NOT_REQUIRED
CUST100672,كريم محمود,LOW,CLEAR,ACTIVE,OPENED,OPENED,False,,NOT_REQUIRED
CUST100673,أحمد عمر,LOW,CLEAR,ACTIVE,OPENED,OPENED,False,,NOT_REQUIRED
CUST100674,كريم فؤاد,LOW,CLEAR,ACTIVE,OPENED,OPENED,False,,NOT_REQUIRED
CUST100675,خالد مراد,LOW,PENDING,ACTIVE,OPENED,OPENED,False,,NOT_REQUIRED
CUST100676,دينا حسن,LOW,CLEAR,ACTIVE,OPENED,OPENED,False,,NOT_REQUIRED
CUST100677,أحمد عبدالله,MEDIUM,CLEAR,ACTIVE,OPENED,OPENED,False,,NOT_REQUIRED
CUST100678,هبة كمال,MEDIUM,CLEAR,ACTIVE,OPENED,OPENED,False,,NOT_REQUIRED
CUST100679,عبدالله إبراهيم,LOW,CLEAR,ACTIVE,OPENED,OPENED,False,,NOT_REQUIRED
CUST100680,خالد مراد,MEDIUM,CLEAR,DORMANT,PENDING,PENDING,False,,COMPLETED
CUST100681,محمود أحمد,MEDIUM,CLEAR,ACTIVE,OPENED,OPENED,False,,NOT_REQUIRED
CUST100682,عبدالرحمن أحمد,LOW,CLEAR,ACTIVE,OPENED,OPENED,False,,NOT_REQUIRED
CUST100683,عبدالرحمن عمر,LOW,CLEAR,ACTIVE,OPENED,OPENED,False,,NOT_REQUIRED
CUST100684,عمر محمد,LOW,CLEAR,DORMANT,OPENED,OPENED,False,,PENDING
CUST100685,آية إبراهيم,MEDIUM,CLEAR,ACTIVE,OPENED,OPENED,False,,NOT_REQUIRED
CUST100686,نور عبدالله,LOW,CLEAR,ACTIVE,OPENED,OPENED,False,,NOT_REQUIRED
CUST100687,دينا عبدالله,LOW,NO_MATCH,ACTIVE,OPENED,OPENED,False,,NOT_REQUIRED
CUST100688,نور مراد,LOW,CLEAR,ACTIVE,OPENED,OPENED,False,,NOT_REQUIRED
CUST100689,ياسمين علي,LOW,CLEAR,ACTIVE,OPENED,OPENED,False,,NOT_REQUIRED
CUST100690,عبدالرحمن عمر,HIGH,PENDING,ACTIVE,OPENED,OPENED,False,,NOT_REQUIRED
CUST100691,ياسمين كمال,LOW,CLEAR,ACTIVE,OPENED,OPENED,False,,NOT_REQUIRED
CUST100692,عبدالله منصور,MEDIUM,CLEAR,ACTIVE,OPENED,OPENED,False,,NOT_REQUIRED
CUST100693,عبدالله محمد,HIGH,CLEAR,ACTIVE,REVIEW,REVIEW,False,,NOT_REQUIRED
CUST100694,أحمد حسن,MEDIUM,CLEAR,ACTIVE,PENDING,PENDING,False,,NOT_REQUIRED
CUST100695,علي فؤاد,LOW,CLEAR,ACTIVE,OPENED,OPENED,False,,NOT_REQUIRED
CUST100696,خالد إبراهيم,MEDIUM,CLEAR,ACTIVE,OPENED,OPENED,False,,NOT_REQUIRED
CUST100697,دينا حسن,LOW,CLEAR,ACTIVE,OPENED,OPENED,False,,NOT_REQUIRED
CUST100698,أحمد محمد,LOW,CLEAR,ACTIVE,OPENED,OPENED,False,,NOT_REQUIRED
CUST100699,أحمد مراد,MEDIUM,CLEAR,ACTIVE,OPENED,OPENED,False,,NOT_REQUIRED
CUST100700,هبة حسين,LOW,HIGH_RISK,DORMANT,REVIEW,REVIEW,False,,COMPLETED
CUST100701,كريم حسن,LOW,CLEAR,ACTIVE,OPENED,OPENED,False,,NOT_REQUIRED
CUST100702,عمر فؤاد,LOW,CLEAR,ACTIVE,OPENED,OPENED,False,,NOT_REQUIRED
CUST100703,عمر حسن,MEDIUM,CLEAR,ACTIVE,OPENED,OPENED,False,,NOT_REQUIRED
CUST100704,محمود كمال,LOW,CLEAR,ACTIVE,OPENED,OPENED,False,,NOT_REQUIRED
CUST100705,دينا يوسف,LOW,CLEAR,ACTIVE,OPENED,OPENED,False,,NOT_REQUIRED
CUST100706,محمد مراد,MEDIUM,CLEAR,ACTIVE,OPENED,OPENED,False,,NOT_REQUIRED
CUST100707,دينا كمال,LOW,CLEAR,ACTIVE,OPENED,OPENED,False,,NOT_REQUIRED
CUST100708,منى حسين,LOW,CLEAR,ACTIVE,PENDING,PENDING,False,,NOT_REQUIRED
CUST100709,منى حسين,LOW,CLEAR,ACTIVE,OPENED,OPENED,False,,NOT_REQUIRED
CUST100710,Mostafa Mohamed,HIGH,PENDING,ACTIVE,PENDING,PENDING,False,,NOT_REQUIRED
CUST100711,هبة إبراهيم,LOW,CLEAR,ACTIVE,OPENED,OPENED,False,,NOT_REQUIRED
CUST100712,خالد كمال,LOW,NO_MATCH,ACTIVE,OPENED,OPENED,False,,NOT_REQUIRED
CUST100713,ياسمين عمر,LOW,CLEAR,ACTIVE,OPENED,OPENED,False,,NOT_REQUIRED
CUST100714,عبدالله منصور,MEDIUM,PENDING,ACTIVE,OPENED,OPENED,False,,NOT_REQUIRED
CUST100715,ياسمين كمال,LOW,CLEAR,ACTIVE,OPENED,OPENED,False,,NOT_REQUIRED
CUST100716,هبة منصور,LOW,CLEAR,ACTIVE,OPENED,OPENED,False,,NOT_REQUIRED
CUST100717,منى محمد,HIGH,CLEAR,ACTIVE,REVIEW,REVIEW,False,,NOT_REQUIRED
CUST100718,يوسف عبدالله,LOW,NO_MATCH,ACTIVE,OPENED,OPENED,False,,NOT_REQUIRED
CUST100719,دينا إبراهيم,LOW,CLEAR,ACTIVE,OPENED,OPENED,False,,NOT_REQUIRED
CUST100720,محمود علي,LOW,CLEAR,ACTIVE,OPENED,OPENED,False,,NOT_REQUIRED
CUST100721,عبدالله عمر,MEDIUM,CLEAR,ACTIVE,OPENED,OPENED,False,,NOT_REQUIRED
CUST100722,آية منصور,LOW,PENDING,ACTIVE,OPENED,OPENED,False,,NOT_REQUIRED
CUST100723,محمود فؤاد,LOW,CLEAR,ACTIVE,OPENED,OPENED,False,,NOT_REQUIRED
CUST100724,ياسمين سالم,LOW,CLEAR,ACTIVE,OPENED,OPENED,False,,NOT_REQUIRED
CUST100725,محمود عمر,MEDIUM,CLEAR,ACTIVE,OPENED,OPENED,False,,NOT_REQUIRED
CUST100726,خالد مراد,MEDIUM,NO_MATCH,ACTIVE,OPENED,OPENED,False,,NOT_REQUIRED
CUST100727,أحمد سالم,LOW,CLEAR,ACTIVE,OPENED,OPENED,False,,NOT_REQUIRED
CUST100728,منى عبدالله,LOW,CLEAR,ACTIVE,OPENED,OPENED,False,,NOT_REQUIRED
CUST100729,مصطفى علي,MEDIUM,CLEAR,ACTIVE,OPENED,OPENED,False,,NOT_REQUIRED
CUST100730,خالد عمر,LOW,NO_MATCH,ACTIVE,OPENED,OPENED,False,,NOT_REQUIRED
CUST100731,نور كمال,LOW,NO_MATCH,DORMANT,OPENED,OPENED,False,,PENDING
CUST100732,عبدالله فؤاد,LOW,CLEAR,ACTIVE,OPENED,OPENED,False,,NOT_REQUIRED
CUST100733,ياسمين يوسف,LOW,CLEAR,ACTIVE,OPENED,OPENED,False,,NOT_REQUIRED
CUST100734,يوسف يوسف,LOW,CLEAR,ACTIVE,OPENED,OPENED,False,,NOT_REQUIRED
CUST100735,مصطفى عمر,LOW,NO_MATCH,ACTIVE,PENDING,PENDING,False,,NOT_REQUIRED
CUST100736,خالد إبراهيم,LOW,CLEAR,ACTIVE,OPENED,OPENED,False,,NOT_REQUIRED
CUST100737,سارة علي,LOW,CLEAR,ACTIVE,OPENED,OPENED,False,,NOT_REQUIRED
CUST100738,خالد أحمد,LOW,CLEAR,ACTIVE,OPENED,OPENED,False,,NOT_REQUIRED
CUST100739,إسراء حسين,LOW,CLEAR,ACTIVE,OPENED,OPENED,False,,NOT_REQUIRED
CUST100740,آية عبدالله,LOW,CLEAR,ACTIVE,OPENED,OPENED,False,,NOT_REQUIRED
CUST100741,ياسمين عمر,MEDIUM,CLEAR,ACTIVE,OPENED,OPENED,False,,NOT_REQUIRED
CUST100742,كريم عبدالله,LOW,PENDING,ACTIVE,PENDING,PENDING,False,,NOT_REQUIRED
CUST100743,علي أحمد,MEDIUM,CLEAR,ACTIVE,OPENED,OPENED,False,,NOT_REQUIRED
CUST100744,ياسمين حسين,LOW,CLEAR,ACTIVE,OPENED,OPENED,False,,NOT_REQUIRED
CUST100745,مريم مراد,MEDIUM,CLEAR,ACTIVE,OPENED,OPENED,False,,NOT_REQUIRED
CUST100746,هبة مراد,LOW,CLEAR,ACTIVE,OPENED,OPENED,False,,NOT_REQUIRED
CUST100747,سارة محمد,LOW,PENDING,ACTIVE,OPENED,OPENED,False,,NOT_REQUIRED
CUST100748,سارة يوسف,LOW,CLEAR,ACTIVE,OPENED,OPENED,False,,NOT_REQUIRED
CUST100749,عمر فؤاد,LOW,CLEAR,ACTIVE,OPENED,OPENED,False,,NOT_REQUIRED
CUST100750,عبدالرحمن كمال,LOW,CLEAR,ACTIVE,OPENED,OPENED,False,,NOT_REQUIRED
CUST100751,محمود كمال,MEDIUM,CLEAR,ACTIVE,OPENED,OPENED,False,,NOT_REQUIRED
CUST100752,أحمد منصور,MEDIUM,CLEAR,ACTIVE,OPENED,OPENED,False,,NOT_REQUIRED
CUST100753,عبدالله محمد,LOW,CLEAR,ACTIVE,OPENED,OPENED,False,,NOT_REQUIRED
CUST100754,دينا منصور,MEDIUM,CLEAR,DORMANT,OPENED,OPENED,False,,PENDING
CUST100755,نور محمود,MEDIUM,CLEAR,ACTIVE,OPENED,OPENED,False,,NOT_REQUIRED
CUST100756,خالد محمد,MEDIUM,CLEAR,ACTIVE,OPENED,OPENED,False,,NOT_REQUIRED
CUST100757,مريم منصور,LOW,CLEAR,DORMANT,OPENED,OPENED,False,,PENDING
CUST100758,محمود سالم,LOW,NO_MATCH,ACTIVE,OPENED,OPENED,False,,NOT_REQUIRED
CUST100759,خالد سالم,LOW,CLEAR,DORMANT,OPENED,OPENED,False,,PENDING
CUST100760,عمر محمد,LOW,NO_MATCH,ACTIVE,OPENED,OPENED,False,,NOT_REQUIRED
CUST100761,دينا عبدالله,MEDIUM,CLEAR,ACTIVE,OPENED,OPENED,False,,NOT_REQUIRED
CUST100762,عبدالله أحمد,LOW,CLEAR,DORMANT,PENDING,PENDING,False,,COMPLETED
CUST100763,عبدالله منصور,LOW,CLEAR,ACTIVE,OPENED,OPENED,False,,NOT_REQUIRED
CUST100764,مريم سالم,LOW,CLEAR,ACTIVE,OPENED,OPENED,False,,NOT_REQUIRED
CUST100765,ياسمين مراد,HIGH,CLEAR,ACTIVE,REVIEW,REVIEW,False,,NOT_REQUIRED
CUST100766,كريم إبراهيم,LOW,CLEAR,ACTIVE,PENDING,PENDING,False,,NOT_REQUIRED
CUST100767,منى إبراهيم,LOW,CLEAR,ACTIVE,OPENED,OPENED,False,,NOT_REQUIRED
CUST100768,محمود علي,MEDIUM,CLEAR,ACTIVE,PENDING,PENDING,False,,NOT_REQUIRED
CUST100769,مريم حسن,HIGH,CLEAR,ACTIVE,PENDING,PENDING,False,,NOT_REQUIRED
CUST100770,مصطفى محمد,LOW,NO_MATCH,ACTIVE,OPENED,OPENED,False,,NOT_REQUIRED
CUST100771,عبدالرحمن محمد,MEDIUM,NO_MATCH,ACTIVE,OPENED,OPENED,False,,NOT_REQUIRED
CUST100772,محمد محمد,MEDIUM,CLEAR,ACTIVE,OPENED,OPENED,False,,NOT_REQUIRED
CUST100773,خالد محمد,LOW,CLEAR,ACTIVE,PENDING,PENDING,False,,NOT_REQUIRED
CUST100774,آية عمر,MEDIUM,CLEAR,ACTIVE,PENDING,PENDING,False,,NOT_REQUIRED
CUST100775,عبدالرحمن علي,LOW,CLEAR,ACTIVE,OPENED,OPENED,False,,NOT_REQUIRED
CUST100776,نور محمود,LOW,CLEAR,ACTIVE,OPENED,OPENED,False,,NOT_REQUIRED
CUST100777,محمود حسن,LOW,CLEAR,ACTIVE,OPENED,OPENED,False,,NOT_REQUIRED
CUST100778,علي محمود,LOW,CLEAR,ACTIVE,OPENED,OPENED,False,,NOT_REQUIRED
CUST100779,إسراء فؤاد,LOW,NO_MATCH,ACTIVE,PENDING,PENDING,False,,NOT_REQUIRED
CUST100780,إسراء أحمد,LOW,CLEAR,ACTIVE,OPENED,OPENED,False,,NOT_REQUIRED
CUST100781,كريم محمد,LOW,CLEAR,DORMANT,OPENED,OPENED,False,,PENDING
CUST100782,محمود أحمد,LOW,NO_MATCH,DORMANT,OPENED,OPENED,False,,PENDING
CUST100783,محمود مراد,LOW,CLEAR,ACTIVE,OPENED,OPENED,False,,NOT_REQUIRED
CUST100784,منى فؤاد,LOW,CLEAR,DORMANT,OPENED,OPENED,False,,PENDING
CUST100785,دينا حسين,LOW,NO_MATCH,ACTIVE,OPENED,OPENED,False,,NOT_REQUIRED
CUST100786,محمد حسن,LOW,NO_MATCH,ACTIVE,OPENED,OPENED,False,,NOT_REQUIRED
CUST100787,مصطفى علي,LOW,CLEAR,ACTIVE,OPENED,OPENED,False,,NOT_REQUIRED
CUST100788,هبة إبراهيم,MEDIUM,CLEAR,ACTIVE,OPENED,OPENED,False,,NOT_REQUIRED
CUST100789,محمد عمر,LOW,CLEAR,ACTIVE,OPENED,OPENED,False,,NOT_REQUIRED
CUST100790,أحمد سالم,MEDIUM,CLEAR,ACTIVE,OPENED,OPENED,False,,NOT_REQUIRED
CUST100791,منى كمال,LOW,CLEAR,ACTIVE,OPENED,OPENED,False,,NOT_REQUIRED
CUST100792,خالد محمد,MEDIUM,CLEAR,ACTIVE,OPENED,OPENED,False,,NOT_REQUIRED
CUST100793,آية محمود,HIGH,CLEAR,DORMANT,REVIEW,REVIEW,False,,COMPLETED
CUST100794,نور إبراهيم,MEDIUM,CLEAR,ACTIVE,OPENED,OPENED,False,,NOT_REQUIRED
CUST100795,علي حسين,LOW,CLEAR,ACTIVE,OPENED,OPENED,False,,NOT_REQUIRED
CUST100796,عبدالرحمن مراد,LOW,CLEAR,ACTIVE,OPENED,OPENED,False,,NOT_REQUIRED
CUST100797,منى حسن,LOW,CLEAR,ACTIVE,OPENED,OPENED,False,,NOT_REQUIRED
CUST100798,سارة إبراهيم,LOW,CLEAR,ACTIVE,OPENED,OPENED,False,,NOT_REQUIRED
CUST100799,,MEDIUM,CLEAR,ACTIVE,OPENED,OPENED,False,,NOT_REQUIRED
CUST100800,محمد أحمد,HIGH,CLEAR,ACTIVE,REVIEW,REVIEW,False,,NOT_REQUIRED
CUST100801,سارة إبراهيم,LOW,CLEAR,ACTIVE,OPENED,OPENED,False,,NOT_REQUIRED
CUST100802,هبة عبدالله,LOW,CLEAR,ACTIVE,OPENED,OPENED,False,,NOT_REQUIRED
CUST100803,عبدالله حسين,LOW,CLEAR,ACTIVE,OPENED,OPENED,False,,NOT_REQUIRED
CUST100804,خالد علي,LOW,CLEAR,ACTIVE,OPENED,OPENED,False,,NOT_REQUIRED
CUST100805,ياسمين أحمد,LOW,CLEAR,ACTIVE,OPENED,OPENED,False,,NOT_REQUIRED
CUST100806,هبة أحمد,LOW,CLEAR,ACTIVE,OPENED,OPENED,False,,NOT_REQUIRED
CUST100807,محمود إبراهيم,MEDIUM,CLEAR,ACTIVE,OPENED,OPENED,False,,NOT_REQUIRED
CUST100808,مريم علي,LOW,NO_MATCH,ACTIVE,OPENED,OPENED,False,,NOT_REQUIRED
CUST100809,عبدالرحمن مراد,LOW,CLEAR,ACTIVE,OPENED,OPENED,False,,NOT_REQUIRED
CUST100810,محمد حسين,LOW,CLEAR,ACTIVE,OPENED,OPENED,False,,NOT_REQUIRED
CUST100811,إسراء منصور,MEDIUM,CLEAR,ACTIVE,OPENED,OPENED,False,,NOT_REQUIRED
CUST100812,مصطفى فؤاد,LOW,CLEAR,ACTIVE,OPENED,OPENED,False,,NOT_REQUIRED
CUST100813,علي إبراهيم,LOW,CLEAR,DORMANT,OPENED,OPENED,False,,PENDING
CUST100814,ياسمين كمال,LOW,CLEAR,ACTIVE,OPENED,OPENED,False,,NOT_REQUIRED
CUST100815,آية علي,LOW,CLEAR,ACTIVE,OPENED,OPENED,False,,NOT_REQUIRED
CUST100816,محمد حسين,LOW,CLEAR,ACTIVE,OPENED,OPENED,False,,NOT_REQUIRED
CUST100817,محمود حسين,LOW,CLEAR,ACTIVE,OPENED,OPENED,False,,NOT_REQUIRED
CUST100818,مصطفى حسن,LOW,CLEAR,ACTIVE,OPENED,OPENED,False,,NOT_REQUIRED
CUST100819,عبدالرحمن محمود,MEDIUM,PENDING,ACTIVE,OPENED,OPENED,False,,NOT_REQUIRED
CUST100820,محمد محمود,LOW,CLEAR,ACTIVE,OPENED,OPENED,False,,NOT_REQUIRED
CUST100821,مصطفى عمر,LOW,CLEAR,ACTIVE,OPENED,OPENED,False,,NOT_REQUIRED
CUST100822,محمود محمود,LOW,CLEAR,ACTIVE,OPENED,OPENED,False,,NOT_REQUIRED
CUST100823,مصطفى كمال,HIGH,CLEAR,ACTIVE,REVIEW,REVIEW,False,,NOT_REQUIRED
CUST100824,كريم عمر,HIGH,CLEAR,ACTIVE,REVIEW,REVIEW,False,,NOT_REQUIRED
CUST100825,أحمد كمال,MEDIUM,CLEAR,ACTIVE,OPENED,OPENED,False,,NOT_REQUIRED
CUST100826,مصطفى علي,LOW,CLEAR,ACTIVE,OPENED,OPENED,False,,NOT_REQUIRED
CUST100827,إسراء مراد,LOW,CLEAR,ACTIVE,OPENED,OPENED,False,,NOT_REQUIRED
CUST100828,إسراء منصور,MEDIUM,NO_MATCH,ACTIVE,OPENED,OPENED,False,,NOT_REQUIRED
CUST100829,محمد مراد,MEDIUM,CLEAR,ACTIVE,OPENED,OPENED,False,,NOT_REQUIRED
CUST100830,يوسف محمد,LOW,CLEAR,ACTIVE,OPENED,OPENED,False,,NOT_REQUIRED
CUST100831,يوسف مراد,LOW,CLEAR,ACTIVE,OPENED,OPENED,False,,NOT_REQUIRED
CUST100832,منى سالم,LOW,CLEAR,ACTIVE,OPENED,OPENED,False,,NOT_REQUIRED
CUST100833,محمود علي,MEDIUM,CLEAR,ACTIVE,OPENED,OPENED,False,,NOT_REQUIRED
CUST100834,إسراء عبدالله,LOW,CLEAR,ACTIVE,OPENED,OPENED,False,,NOT_REQUIRED
CUST100835,ياسمين حسن,LOW,CLEAR,ACTIVE,OPENED,OPENED,False,,NOT_REQUIRED
CUST100836,آية مراد,LOW,CLEAR,ACTIVE,OPENED,OPENED,False,,NOT_REQUIRED
CUST100837,عمر محمود,LOW,CLEAR,ACTIVE,OPENED,OPENED,False,,NOT_REQUIRED
CUST100838,محمد حسين,LOW,CLEAR,ACTIVE,OPENED,OPENED,False,,NOT_REQUIRED
CUST100839,عبدالله سالم,LOW,CLEAR,ACTIVE,OPENED,OPENED,False,,NOT_REQUIRED
CUST100840,علي عبدالله,MEDIUM,CLEAR,ACTIVE,OPENED,OPENED,False,,NOT_REQUIRED
CUST100841,مصطفى علي,LOW,CLEAR,ACTIVE,OPENED,OPENED,False,,NOT_REQUIRED
CUST100842,عبدالله يوسف,LOW,CLEAR,ACTIVE,OPENED,OPENED,False,,NOT_REQUIRED
CUST100843,محمد يوسف,LOW,CLEAR,ACTIVE,OPENED,OPENED,False,,NOT_REQUIRED
CUST100845,محمد منصور,LOW,CLEAR,ACTIVE,OPENED,OPENED,False,,NOT_REQUIRED
CUST100846,عمر عبدالله,LOW,CLEAR,ACTIVE,OPENED,OPENED,False,,NOT_REQUIRED
CUST100847,أحمد سالم,LOW,CLEAR,ACTIVE,OPENED,OPENED,False,,NOT_REQUIRED
CUST100848,آية إبراهيم,MEDIUM,CLEAR,ACTIVE,OPENED,OPENED,False,,NOT_REQUIRED
CUST100849,كريم حسن,LOW,CLEAR,ACTIVE,OPENED,OPENED,False,,NOT_REQUIRED
CUST100850,عبدالرحمن علي,LOW,CLEAR,ACTIVE,OPENED,OPENED,False,,NOT_REQUIRED
CUST100851,آية حسين,LOW,CLEAR,ACTIVE,OPENED,OPENED,False,,NOT_REQUIRED
CUST100852,عبدالرحمن عبدالله,MEDIUM,CLEAR,ACTIVE,OPENED,OPENED,False,,NOT_REQUIRED
CUST100853,يوسف حسن,LOW,CLEAR,ACTIVE,OPENED,OPENED,False,,NOT_REQUIRED
CUST100854,علي علي,MEDIUM,CLEAR,ACTIVE,OPENED,OPENED,False,,NOT_REQUIRED
CUST100855,آية يوسف,MEDIUM,CLEAR,DORMANT,OPENED,OPENED,False,,PENDING
CUST100856,يوسف محمد,LOW,CLEAR,ACTIVE,OPENED,OPENED,False,,NOT_REQUIRED
CUST100857,أحمد سالم,LOW,CLEAR,ACTIVE,OPENED,OPENED,False,,NOT_REQUIRED
CUST100858,مصطفى إبراهيم,MEDIUM,CLEAR,ACTIVE,OPENED,OPENED,False,,NOT_REQUIRED
CUST100859,آية عمر,LOW,CLEAR,ACTIVE,OPENED,OPENED,False,,NOT_REQUIRED
CUST100860,عبدالرحمن عمر,LOW,CLEAR,ACTIVE,OPENED,OPENED,False,,NOT_REQUIRED
CUST100861,عبدالله محمود,LOW,CLEAR,ACTIVE,OPENED,OPENED,False,,NOT_REQUIRED
CUST100862,محمود يوسف,LOW,CLEAR,ACTIVE,OPENED,OPENED,False,,NOT_REQUIRED
CUST100863,ياسمين محمد,LOW,CLEAR,ACTIVE,OPENED,OPENED,False,,NOT_REQUIRED
CUST100864,آية يوسف,LOW,NO_MATCH,ACTIVE,OPENED,OPENED,False,,NOT_REQUIRED
CUST100865,مصطفى عبدالله,LOW,CLEAR,ACTIVE,OPENED,OPENED,False,,NOT_REQUIRED
CUST100866,آية علي,LOW,CLEAR,ACTIVE,OPENED,OPENED,False,,NOT_REQUIRED
CUST100867,آية عمر,LOW,CLEAR,ACTIVE,OPENED,OPENED,False,,NOT_REQUIRED
CUST100868,نور أحمد,MEDIUM,CLEAR,ACTIVE,OPENED,OPENED,False,,NOT_REQUIRED
CUST100869,محمد عمر,LOW,CLEAR,ACTIVE,OPENED,OPENED,False,,NOT_REQUIRED
CUST100870,منى أحمد,LOW,CLEAR,ACTIVE,OPENED,OPENED,False,,NOT_REQUIRED
CUST100871,يوسف حسين,LOW,CLEAR,ACTIVE,PENDING,PENDING,False,,NOT_REQUIRED
CUST100872,محمود منصور,LOW,CLEAR,ACTIVE,OPENED,OPENED,False,,NOT_REQUIRED
CUST100873,محمود مراد,LOW,CLEAR,ACTIVE,OPENED,OPENED,False,,NOT_REQUIRED
CUST100874,مصطفى عبدالله,LOW,NO_MATCH,ACTIVE,OPENED,OPENED,False,,NOT_REQUIRED
CUST100875,هبة علي,LOW,CLEAR,ACTIVE,OPENED,OPENED,False,,NOT_REQUIRED
CUST100876,هبة حسين,LOW,CLEAR,ACTIVE,OPENED,OPENED,False,,NOT_REQUIRED
CUST100877,خالد كمال,LOW,NO_MATCH,ACTIVE,OPENED,OPENED,False,,NOT_REQUIRED
CUST100878,هبة فؤاد,LOW,CLEAR,ACTIVE,OPENED,OPENED,False,,NOT_REQUIRED
CUST100879,كريم علي,LOW,CLEAR,ACTIVE,OPENED,OPENED,False,,NOT_REQUIRED
CUST100880,أحمد محمد,LOW,CLEAR,ACTIVE,OPENED,OPENED,False,,NOT_REQUIRED
CUST100881,إسراء حسين,LOW,NO_MATCH,ACTIVE,OPENED,OPENED,False,,NOT_REQUIRED
CUST100882,نور حسن,LOW,CLEAR,ACTIVE,OPENED,OPENED,False,,NOT_REQUIRED
CUST100883,عمر يوسف,LOW,CLEAR,ACTIVE,OPENED,OPENED,False,,NOT_REQUIRED
CUST100884,آية منصور,LOW,NO_MATCH,ACTIVE,OPENED,OPENED,False,,NOT_REQUIRED
CUST100885,خالد حسن,LOW,CLEAR,ACTIVE,OPENED,OPENED,False,,NOT_REQUIRED
CUST100886,أحمد منصور,LOW,NO_MATCH,ACTIVE,OPENED,OPENED,False,,NOT_REQUIRED
CUST100887,عمر عبدالله,HIGH,PENDING,ACTIVE,REVIEW,REVIEW,False,,NOT_REQUIRED
CUST100888,محمد أحمد,LOW,NO_MATCH,ACTIVE,OPENED,OPENED,False,,NOT_REQUIRED
CUST100889,علي عبدالله,LOW,CLEAR,DORMANT,OPENED,OPENED,False,,PENDING
CUST100890,أحمد حسن,LOW,CLEAR,ACTIVE,OPENED,OPENED,False,,NOT_REQUIRED
CUST100891,خالد حسين,HIGH,CLEAR,ACTIVE,REVIEW,REVIEW,False,,NOT_REQUIRED
CUST100892,هبة كمال,LOW,CLEAR,ACTIVE,OPENED,OPENED,False,,NOT_REQUIRED
CUST100893,عبدالرحمن فؤاد,LOW,CLEAR,ACTIVE,OPENED,OPENED,False,,NOT_REQUIRED
CUST100894,خالد حسن,HIGH,NO_MATCH,ACTIVE,REVIEW,REVIEW,False,,NOT_REQUIRED
CUST100895,كريم يوسف,LOW,CLEAR,ACTIVE,OPENED,OPENED,False,,NOT_REQUIRED
CUST100896,هبة سالم,HIGH,CLEAR,ACTIVE,REVIEW,REVIEW,False,,NOT_REQUIRED
CUST100897,أحمد كمال,LOW,CLEAR,ACTIVE,OPENED,OPENED,False,,NOT_REQUIRED
CUST100898,أحمد عمر,LOW,CLEAR,ACTIVE,OPENED,OPENED,False,,NOT_REQUIRED
CUST100899,كريم محمد,LOW,CLEAR,ACTIVE,OPENED,OPENED,False,,NOT_REQUIRED
CUST100900,محمد سالم,LOW,CLEAR,ACTIVE,OPENED,OPENED,False,,NOT_REQUIRED
CUST100901,محمد إبراهيم,MEDIUM,PENDING,ACTIVE,OPENED,OPENED,False,,NOT_REQUIRED
CUST100902,يوسف فؤاد,LOW,CLEAR,ACTIVE,PENDING,PENDING,False,,NOT_REQUIRED
CUST100903,إسراء حسين,HIGH,CLEAR,ACTIVE,REVIEW,REVIEW,False,,NOT_REQUIRED
CUST100904,منى محمود,LOW,CLEAR,ACTIVE,OPENED,OPENED,False,,NOT_REQUIRED
CUST100905,خالد حسين,LOW,CLEAR,ACTIVE,OPENED,OPENED,False,,NOT_REQUIRED
CUST100906,نور محمود,HIGH,CLEAR,ACTIVE,REVIEW,REVIEW,False,,NOT_REQUIRED
CUST100907,عمر حسن,LOW,HIGH_RISK,ACTIVE,REVIEW,REVIEW,False,,NOT_REQUIRED
CUST100908,مريم أحمد,MEDIUM,CLEAR,ACTIVE,OPENED,OPENED,False,,NOT_REQUIRED
CUST100909,أحمد مراد,LOW,CLEAR,ACTIVE,OPENED,OPENED,False,,NOT_REQUIRED
CUST100910,ياسمين علي,LOW,CLEAR,ACTIVE,PENDING,PENDING,False,,NOT_REQUIRED
CUST100911,عمر كمال,LOW,CLEAR,ACTIVE,OPENED,OPENED,False,,NOT_REQUIRED
CUST100912,مريم أحمد,LOW,PENDING,ACTIVE,OPENED,OPENED,False,,NOT_REQUIRED
CUST100913,عبدالرحمن عمر,LOW,CLEAR,DORMANT,OPENED,OPENED,False,,PENDING
CUST100914,دينا محمود,LOW,CLEAR,ACTIVE,OPENED,OPENED,False,,NOT_REQUIRED
CUST100915,منى إبراهيم,LOW,CLEAR,ACTIVE,OPENED,OPENED,False,,NOT_REQUIRED
CUST100916,هبة محمود,LOW,CLEAR,ACTIVE,OPENED,OPENED,False,,NOT_REQUIRED
CUST100917,ياسمين إبراهيم,MEDIUM,CLEAR,ACTIVE,OPENED,OPENED,False,,NOT_REQUIRED
CUST100918,علي عبدالله,LOW,CLEAR,DORMANT,OPENED,OPENED,False,,PENDING
CUST100919,كريم إبراهيم,LOW,CLEAR,ACTIVE,OPENED,OPENED,False,,NOT_REQUIRED
CUST100921,دينا سالم,LOW,PENDING,ACTIVE,OPENED,OPENED,False,,NOT_REQUIRED
CUST100922,نور يوسف,LOW,CLEAR,ACTIVE,OPENED,OPENED,False,,NOT_REQUIRED
CUST100923,محمود عبدالله,LOW,NO_MATCH,ACTIVE,OPENED,OPENED,False,,NOT_REQUIRED
CUST100924,يوسف محمد,LOW,CLEAR,ACTIVE,OPENED,OPENED,False,,NOT_REQUIRED
CUST100925,عبدالله علي,LOW,CLEAR,ACTIVE,PENDING,PENDING,False,,NOT_REQUIRED
CUST100926,هبة محمد,LOW,CLEAR,ACTIVE,OPENED,OPENED,False,,NOT_REQUIRED
CUST100927,سارة علي,LOW,CLEAR,ACTIVE,OPENED,OPENED,False,,NOT_REQUIRED
CUST100928,نور حسن,LOW,CLEAR,ACTIVE,OPENED,OPENED,False,,NOT_REQUIRED
CUST100929,دينا مراد,LOW,NO_MATCH,ACTIVE,OPENED,OPENED,False,,NOT_REQUIRED
CUST100930,هبة علي,LOW,CLEAR,ACTIVE,OPENED,OPENED,False,,NOT_REQUIRED
CUST100931,مصطفى إبراهيم,LOW,CLEAR,ACTIVE,OPENED,OPENED,False,,NOT_REQUIRED
CUST100932,علي يوسف,LOW,CLEAR,ACTIVE,OPENED,OPENED,False,,NOT_REQUIRED
CUST100933,كريم مراد,MEDIUM,CLEAR,ACTIVE,OPENED,OPENED,False,,NOT_REQUIRED
CUST100934,نور حسن,LOW,CLEAR,ACTIVE,OPENED,OPENED,False,,NOT_REQUIRED
CUST100935,عبدالله حسن,LOW,CLEAR,ACTIVE,OPENED,OPENED,False,,NOT_REQUIRED
CUST100936,عمر محمد,LOW,CLEAR,ACTIVE,OPENED,OPENED,False,,NOT_REQUIRED
CUST100937,محمود سالم,LOW,CLEAR,ACTIVE,OPENED,OPENED,False,,NOT_REQUIRED
CUST100938,منى مراد,LOW,CLEAR,ACTIVE,OPENED,OPENED,False,,NOT_REQUIRED
CUST100939,هبة حسين,LOW,CLEAR,ACTIVE,OPENED,OPENED,False,,NOT_REQUIRED
CUST100940,مصطفى حسن,HIGH,CLEAR,ACTIVE,REVIEW,REVIEW,False,,NOT_REQUIRED
CUST100941,نور حسين,LOW,CLEAR,ACTIVE,OPENED,OPENED,False,,NOT_REQUIRED
CUST100942,عبدالله كمال,MEDIUM,CLEAR,ACTIVE,OPENED,OPENED,False,,NOT_REQUIRED
CUST100943,منى أحمد,LOW,CLEAR,DORMANT,OPENED,OPENED,False,,PENDING
CUST100944,محمود محمد,LOW,CLEAR,ACTIVE,OPENED,OPENED,False,,NOT_REQUIRED
CUST100945,محمود علي,LOW,HIGH_RISK,ACTIVE,REVIEW,REVIEW,False,,NOT_REQUIRED
CUST100946,عبدالرحمن حسن,LOW,CLEAR,ACTIVE,OPENED,OPENED,False,,NOT_REQUIRED
CUST100947,محمود كمال,MEDIUM,CLEAR,ACTIVE,OPENED,OPENED,False,,NOT_REQUIRED
CUST100948,عبدالله أحمد,HIGH,PENDING,ACTIVE,REVIEW,REVIEW,False,,NOT_REQUIRED
CUST100949,علي محمود,MEDIUM,CLEAR,ACTIVE,OPENED,OPENED,False,,NOT_REQUIRED
CUST100950,أحمد كمال,LOW,CLEAR,ACTIVE,OPENED,OPENED,False,,NOT_REQUIRED
CUST100951,سارة منصور,MEDIUM,NO_MATCH,ACTIVE,OPENED,OPENED,False,,NOT_REQUIRED
CUST100952,كريم علي,LOW,NO_MATCH,ACTIVE,OPENED,OPENED,False,,NOT_REQUIRED
CUST100953,نور عبدالله,MEDIUM,CLEAR,DORMANT,OPENED,OPENED,False,,PENDING
CUST100954,ياسمين مراد,LOW,CLEAR,ACTIVE,OPENED,OPENED,False,,NOT_REQUIRED
CUST100955,كريم عبدالله,LOW,CLEAR,ACTIVE,OPENED,OPENED,False,,NOT_REQUIRED
CUST100956,نور إبراهيم,LOW,NO_MATCH,ACTIVE,OPENED,OPENED,False,,NOT_REQUIRED
CUST100957,كريم إبراهيم,LOW,NO_MATCH,ACTIVE,OPENED,OPENED,False,,NOT_REQUIRED
CUST100958,عبدالرحمن منصور,LOW,CLEAR,ACTIVE,OPENED,OPENED,False,,NOT_REQUIRED
CUST100959,نور حسن,MEDIUM,CLEAR,ACTIVE,OPENED,OPENED,False,,NOT_REQUIRED
CUST100960,عمر يوسف,MEDIUM,CLEAR,ACTIVE,OPENED,OPENED,False,,NOT_REQUIRED
CUST100961,نور مراد,HIGH,CLEAR,ACTIVE,REVIEW,REVIEW,False,,NOT_REQUIRED
CUST100962,آية حسن,LOW,CLEAR,ACTIVE,OPENED,OPENED,False,,NOT_REQUIRED
CUST100963,يوسف يوسف,LOW,CLEAR,DORMANT,OPENED,OPENED,False,,PENDING
CUST100964,عبدالله يوسف,LOW,CLEAR,ACTIVE,OPENED,OPENED,False,,NOT_REQUIRED
CUST100965,دينا عمر,LOW,CLEAR,ACTIVE,OPENED,OPENED,False,,NOT_REQUIRED
CUST100966,كريم محمد,LOW,CLEAR,ACTIVE,OPENED,OPENED,False,,NOT_REQUIRED
CUST100967,سارة إبراهيم,LOW,CLEAR,ACTIVE,OPENED,OPENED,False,,NOT_REQUIRED
CUST100968,عبدالله يوسف,LOW,CLEAR,ACTIVE,OPENED,OPENED,False,,NOT_REQUIRED
CUST100969,محمد حسن,LOW,CLEAR,ACTIVE,OPENED,OPENED,False,,NOT_REQUIRED
CUST100970,علي يوسف,LOW,NO_MATCH,ACTIVE,OPENED,OPENED,False,,NOT_REQUIRED
CUST100971,نور كمال,LOW,CLEAR,ACTIVE,OPENED,OPENED,False,,NOT_REQUIRED
CUST100972,منى فؤاد,LOW,CLEAR,ACTIVE,OPENED,OPENED,False,,NOT_REQUIRED
CUST100973,منى محمد,MEDIUM,CLEAR,ACTIVE,OPENED,OPENED,False,,NOT_REQUIRED
CUST100974,محمود سالم,LOW,CLEAR,ACTIVE,OPENED,OPENED,False,,NOT_REQUIRED
CUST100975,يوسف أحمد,MEDIUM,CLEAR,ACTIVE,PENDING,PENDING,False,,NOT_REQUIRED
CUST100976,أحمد كمال,LOW,CLEAR,ACTIVE,OPENED,OPENED,False,,NOT_REQUIRED
CUST100977,دينا محمد,LOW,CLEAR,ACTIVE,OPENED,OPENED,False,,NOT_REQUIRED
CUST100978,مريم أحمد,LOW,CLEAR,ACTIVE,OPENED,OPENED,False,,NOT_REQUIRED
CUST100979,دينا عمر,MEDIUM,CLEAR,DORMANT,OPENED,OPENED,False,,PENDING
CUST100980,دينا منصور,LOW,CLEAR,DORMANT,OPENED,OPENED,False,,PENDING
CUST100981,خالد منصور,LOW,CLEAR,ACTIVE,OPENED,OPENED,False,,NOT_REQUIRED
CUST100982,هبة أحمد,LOW,CLEAR,ACTIVE,OPENED,OPENED,False,,NOT_REQUIRED
CUST100983,كريم عمر,LOW,CLEAR,ACTIVE,OPENED,OPENED,False,,NOT_REQUIRED
CUST100984,دينا منصور,LOW,CLEAR,ACTIVE,OPENED,OPENED,False,,NOT_REQUIRED
CUST100985,مصطفى عمر,LOW,CLEAR,ACTIVE,OPENED,OPENED,False,,NOT_REQUIRED
CUST100986,كريم يوسف,LOW,CLEAR,ACTIVE,OPENED,OPENED,False,,NOT_REQUIRED
CUST100987,سارة حسين,LOW,CLEAR,ACTIVE,OPENED,OPENED,False,,NOT_REQUIRED
CUST100988,يوسف حسين,LOW,NO_MATCH,DORMANT,PENDING,PENDING,False,,COMPLETED
CUST100989,ياسمين كمال,LOW,NO_MATCH,ACTIVE,OPENED,OPENED,False,,NOT_REQUIRED
CUST100990,سارة إبراهيم,MEDIUM,NO_MATCH,ACTIVE,OPENED,OPENED,False,,NOT_REQUIRED
CUST100991,هبة عبدالله,MEDIUM,CLEAR,ACTIVE,OPENED,OPENED,False,,NOT_REQUIRED
CUST100992,عمر محمود,LOW,CLEAR,ACTIVE,OPENED,OPENED,False,,NOT_REQUIRED
CUST100993,نور منصور,LOW,CLEAR,ACTIVE,OPENED,OPENED,False,,NOT_REQUIRED
CUST100994,هبة عمر,LOW,CLEAR,ACTIVE,OPENED,OPENED,False,,NOT_REQUIRED
CUST100995,كريم أحمد,LOW,CLEAR,ACTIVE,PENDING,PENDING,False,,NOT_REQUIRED
CUST100996,هبة سالم,LOW,CLEAR,ACTIVE,OPENED,OPENED,False,,NOT_REQUIRED
CUST100997,مريم مراد,LOW,CLEAR,ACTIVE,OPENED,OPENED,False,,NOT_REQUIRED
CUST100998,عبدالرحمن محمود,HIGH,CLEAR,ACTIVE,REVIEW,REVIEW,False,,NOT_REQUIRED
CUST100999,هبة محمود,LOW,CLEAR,ACTIVE,OPENED,OPENED,False,,NOT_REQUIRED
CUST999999,عميل تجريبي,LOW,CLEAR,ACTIVE,OPENED,OPENED,False,,NOT_REQUIRED
