customer_id,name_en,national_id,partner_customer_name,requested_wallet
CUST100000,Ahmed Youssef,SYN155856795886,Ahmed Youssef,YES
CUST100001,Yasmine Omar,SYN512435837382,Yasmine Omar,YES
CUST100002,Mostafa Salem,SYN216127051463,Mostafa Salem,YES
CUST100003,Nour Kamal,SYN237094039141,Nour Kamal,YES
CUST100004,Nour Ali,SYN669054531727,Nour Ali,YES
CUST100005,Esraa Kamal,SYN453634652413,Esraa Kamal,YES
CUST100006,Ahmed Youssef,SYN929667205139,Ahmed Youssef,YES
CUST100007,Mostafa Ibrahim,SYN387240845147,Mostafa Ibrahim,YES
CUST100008,Youssef Omar,SYN753562115545,Youssef Omar,YES
CUST100009,Ahmed Ibrahim,SYN514989487139,Ahmed Ibrahim,YES
CUST100010,Heba Mahmoud,SYN693956171016,Heba Mahmoud,YES
CUST100011,Abdelrahman Omar,SYN639725821044,Abdelrahman Omar,YES
CUST100012,Khaled Hussein,SYN525505575483,Khaled Hussein,YES
CUST100013,Yasmine Mahmoud,SYN955054985161,Yasmine Mahmoud,YES
CUST100014,Khaled Ibrahim,SYN408442278479,Khaled Ibrahim,YES
CUST100015,Yasmine Youssef,SYN259511951124,Yasmine Youssef,YES
CUST100016,Heba Mohamed,SYN710284654791,Heba Mohamed,YES
CUST100017,Mahmoud Ibrahim,SYN861406805177,Mehmoud Ibrahim,YES
CUST100018,Aya Ahmed,SYN136228365945,Aya Ahmed,YES
CUST100019,Mona Ali,SYN504669419580,Mona Ali,YES
CUST100020,Heba Ahmed,SYN903238920718,Heba Ahmed,YES
CUST100021,Mariam Ali,SYN774656757030,Mariam Ali,YES
CUST100022,Omar Kamal,SYN992626944847,Omar Kamal,YES
CUST100023,Abdullah Youssef,SYN578272430437,Abdullah Youssef,YES
CUST100024,Yasmine Youssef,SYN693996146921,Yasmine Youssef,YES
CUST100025,Karim Ahmed,SYN372232253024,Karim Ahmed,YES
CUST100026,Nour Ali,SYN952782039699,Nour Ali,YES
CUST100027,Aya Mahmoud,SYN429701939700,Aya Mahmoud,YES
CUST100028,Heba Salem,SYN764659641417,Heba Salem,YES
CUST100029,Nour Mohamed,SYN462826183707,Nour Mohamed,YES
CUST100030,Mona Ibrahim,SYN605637037056,Mona Ibrahim,YES
CUST100031,Youssef Hassan,SYN747804281519,Youssef Hassan,YES
CUST100032,Ahmed Fouad,SYN558040736576,Ahmed Fouad,YES
CUST100033,Dina Mahmoud,SYN916377694218,Dina Mahmoud,YES
CUST100034,Esraa Ahmed,SYN477370889135,Esraa Ahmed,YES
CUST100035,Ahmed Omar,SYN682364618328,Ahmed Omar,YES
CUST100036,Esraa Kamal,SYN408126189970,Esraa Kamal,YES
CUST100037,Aya Ahmed,SYN467341001407,Aya Ahmed,YES
CUST100038,Ali Abdallah,SYN496045097410,Ali Abdallah,YES
CUST100039,Karim Youssef,SYN213226316481,Karim Youssef,YES
CUST100040,Omar Fouad,SYN182551311153,Omar Fouad,YES
CUST100041,Yasmine Youssef,SYN700740930832,Yasmine Youssef,YES
CUST100042,Khaled Abdallah,SYN689965964508,Khaled Abdallah,YES
CUST100043,Mariam Mohamed,SYN696618742789,Mariam Mohamed,YES
CUST100044,Ahmed Fouad,SYN117789800808,Ahmed Fouad,YES
CUST100045,Abdelrahman Hassan,SYN393892158404,Abdelrahman Hassan,YES
CUST100046,Nour Hussein,SYN278028862533,Nour Hussein,YES
CUST100047,Esraa Mansour,SYN800336280289,Esraa Mansour,YES
CUST100048,Mostafa Fouad,SYN874567361256,Mostafa Fouad,YES
CUST100049,Yasmine Ali,SYN322012339503,Yasmine Ali,YES
CUST100050,Yasmine Ibrahim,SYN701064242963,Yasmine Ibrahim,YES
CUST100051,Omar Mohamed,SYN216426523112,Omar Mohamed,YES
CUST100052,Mariam Ibrahim,SYN347637273041,Mariam Ibrahim,YES
CUST100053,Mona Mourad,SYN224789046610,Mona Mourad,YES
CUST100054,Mona Ali,SYN355168689939,Mona Ali,YES
CUST100055,Mohamed Mourad,SYN707262892614,Mohamed Mourad,YES
CUST100056,Heba Abdallah,SYN919294219166,Heba Abdallah,YES
CUST100057,Omar Omar,SYN282270167131,Omar Omar,YES
CUST100058,Khaled Abdallah,SYN587871131455,Khaled Abdallah,YES
CUST100059,Mostafa Mahmoud,SYN731251991119,Mostafa Mahmoud,YES
CUST100060,Abdullah Omar,SYN957630221637,Abdullah Omar,YES
CUST100061,Khaled Fouad,SYN649054434598,Khaled Fouad,YES
CUST100062,Mariam Hassan,SYN329596237924,Mariam Hassan,YES
CUST100063,Abdelrahman Fouad,SYN662930341222,Abdelrahman Fouad,YES
CUST100064,Nour Omar,SYN388442045510,Nour Omar,YES
CUST100065,Sara Mohamed,SYN978515551622,Sara Mohamed,YES
CUST100066,Abdullah Kamal,SYN459708521647,Abdullah Kamal,YES
CUST100067,Mariam Mansour,SYN716884948684,Mariam Mansour,YES
CUST100068,Ahmed Mohamed,SYN120904824112,Ahmed Mohamed,YES
CUST100069,Mona Ahmed,SYN460055301521,Mona Ahmed,YES
CUST100070,Yasmine Fouad,SYN887596851990,Yasmine Fouad,YES
CUST100071,Omar Hussein,SYN649204699989,Omar Hussein,YES
CUST100072,Mona Omar,SYN499548597756,Mona Omar,YES
CUST100073,Mahmoud Ibrahim,SYN942343749492,Mahmoud Ibrahim,YES
CUST100074,Mostafa Ibrahim,SYN868585938532,Mostafa Ibrahim,YES
CUST100075,Mona Hassan,SYN389994106440,Mona Hassan,YES
CUST100076,Sara Fouad,SYN590093561837,Sara Fouad,YES
CUST100077,Youssef Hassan,SYN540841830483,Youssef Hassan,YES
CUST100078,Dina Abdallah,SYN668982250103,Dina Abdallah,YES
CUST100079,Mostafa Youssef,SYN400700140262,Mostafa Youssef,YES
CUST100080,Abdullah Kamal,SYN319784500689,Abdullah Kamal,YES
CUST100081,Nour Mourad,SYN921404651729,Nour Mourad,YES
CUST100082,Omar Mourad,SYN931487049548,Omar Mourad,YES
CUST100083,Aya Salem,SYN858990597185,Aya Salem,YES
CUST100084,Karim Hussein,SYN980383987688,Karim Hussein,YES
CUST100085,Khaled Youssef,SYN770492373201,Khaled Youssef,YES
CUST100086,Ahmed Youssef,SYN788200505705,Ahmed Youssef,YES
CUST100087,Sara Mourad,SYN786331082766,Sara Mourad,YES
CUST100088,Yasmine Mansour,SYN532546867848,Yasmine Mansour,YES
CUST100089,Aya Hassan,SYN510806975062,Aya Hassan,YES
CUST100090,Nour Ibrahim,SYN316203648534,Nour Ibrahim,YES
CUST100091,Aya Abdallah,SYN680337274923,Aya Abdallah,YES
CUST100092,Aya Youssef,SYN360388122492,Aya Youssef,YES
CUST100093,Mariam Mohamed,SYN332027568732,Mariam Mohamed,YES
CUST100094,Esraa Mahmoud,SYN627365236686,Esraa Mahmoud,YES
CUST100095,Ali Ali,SYN468984149402,Ali Ali,YES
CUST100096,Youssef Youssef,SYN296970947915,Youssef Youssef,YES
CUST100097,Mostafa Omar,SYN834450415077,Mostafa Omar,YES
CUST100098,Karim Ahmed,SYN874512927364,Karim Ahmed,YES
CUST100099,Mahmoud Abdallah,SYN250929567710,Mahmoud Abdallah,YES
CUST100100,Aya Ibrahim,SYN106756329519,Aya Ibrahim,YES
CUST100101,Omar Ibrahim,SYN402516971676,Omar Ibrahim,YES
CUST100102,Aya Kamal,SYN817759752112,Aya Kamal,YES
CUST100103,Mohamed Hassan,SYN855256479610,Mohemed Hassan,YES
CUST100104,Yasmine Mahmoud,SYN224496163104,Yasmine Mahmoud,YES
CUST100105,Yasmine Hassan,SYN796902311064,Yasmine Hassan,YES
CUST100106,Yasmine Hussein,SYN204133750578,Yasmine Hussein,YES
CUST100107,Mostafa Kamal,SYN451056331140,Mostafa Kamal,YES
CUST100108,Mona Mourad,SYN998748563510,Mona Mourad,YES
CUST100109,Khaled Ahmed,SYN273331740907,Khaled Ahmed,YES
CUST100110,Ali Mansour,SYN238567224319,Ali Mansour,YES
CUST100111,Yasmine Hussein,SYN480520299292,Yasmine Hussein,YES
CUST100112,Dina Hassan,SYN657701673372,Dina Hassan,YES
CUST100113,Mona Mahmoud,SYN939610704171,Mona Mahmoud,YES
CUST100114,Heba Hassan,SYN982739030979,Heba Hassan,YES
CUST100115,Dina Ibrahim,SYN162676572932,Dina Ibrahim,YES
CUST100116,Mohamed Mourad,SYN224197765613,Mohamed Mourad,YES
CUST100117,Mahmoud Salem,SYN811664176506,Mahmoud Salem,YES
CUST100118,Youssef Fouad,SYN343568937043,Youssef Fouad,YES
CUST100119,Mahmoud Ibrahim,SYN896364153555,Mahmoud Ibrahim,YES
CUST100120,Nour Ahmed,SYN697107931506,Nour Ahmed,YES
CUST100121,Mostafa Ali,SYN200660322142,Mostafa Ali,YES
CUST100122,Mostafa Mahmoud,SYN849276356431,Mostafa Mahmoud,YES
CUST100123,Mona Hussein,SYN258720742007,Mona Hussein,YES
CUST100124,Esraa Youssef,SYN481145855211,Esraa Youssef,YES
CUST100125,Dina Youssef,SYN596966435703,Dina Youssef,YES
CUST100126,Ahmed Youssef,SYN550689534172,Ahmed Youssef,YES
CUST100127,Yasmine Mansour,SYN717546624053,Yasmine Mansour,YES
CUST100128,Dina Salem,SYN687418061382,Dina Salem,YES
CUST100129,Karim Mansour,SYN992837804975,Karim Mansour,YES
CUST100130,Dina Abdallah,SYN999479718301,Dina Abdallah,YES
CUST100131,Dina Fouad,SYN564813462372,Dina Fouad,YES
CUST100132,Ahmed Omar,SYN185679178264,Ahmed Omar,YES
CUST100133,Dina Omar,SYN755058969071,Dina Omar,YES
CUST100134,Yasmine Mansour,SYN978997670394,Yasmine Mansour,YES
CUST100135,Sara Ahmed,SYN386493748866,Sara Ahmed,YES
CUST100136,Karim Fouad,SYN515087997253,Karim Fouad,YES
CUST100137,Mohamed Mohamed,SYN482299232333,Mohamed Mohamed,YES
CUST100138,Sara Omar,SYN146277239101,Sara Omar,YES
CUST100139,Nour Salem,SYN705037988101,Nour Salem,YES
CUST100140,Abdelrahman Kamal,SYN418003925561,Abdelrahman Kamal,YES
CUST100141,Youssef Mohamed,SYN808717487168,Youssef Mohamed,YES
CUST100142,Ali Kamal,SYN848908067753,Ali Kamal,YES
CUST100143,Nour Youssef,SYN839107707938,Nour Youssef,YES
CUST100144,Abdelrahman Mahmoud,SYN474999398235,Abdelrahman Mahmoud,YES
CUST100145,Esraa Ibrahim,SYN389391114016,Esraa Ibrahim,YES
CUST100146,Mohamed Ibrahim,SYN773938701700,Mohamed Ibrahim,YES
CUST100147,Youssef Omar,SYN821250490458,Youssef Omar,YES
CUST100148,Aya Fouad,SYN542131701752,Aya Fouad,YES
CUST100149,Ahmed Youssef,SYN903727917582,Ahmed Youssef,YES
CUST100150,Esraa Mohamed,SYN229517826470,Esraa Mohamed,YES
CUST100151,Ali Ibrahim,SYN891161901693,Ali Ibrahim,YES
CUST100152,Abdullah Abdallah,SYN186485709674,Abdullah Abdallah,YES
CUST100153,Ali Kamal,SYN238172969849,Ali Kamal,YES
CUST100154,Nour Mahmoud,SYN580456011946,Nour Mahmoud,YES
CUST100155,Mostafa Salem,SYN160766632168,Mostafa Salem,YES
CUST100156,Mahmoud Ali,SYN147526391260,Mahmoud Ali,YES
CUST100157,Dina Youssef,SYN100466869749,Dina Youssef,YES
CUST100158,Heba Mohamed,SYN492684993724,Heba Mohamed,YES
CUST100159,Yasmine Mohamed,SYN797161493163,Yasmine Mohamed,YES
CUST100160,Abdelrahman Salem,SYN131354515251,Abdelrahman Salem,YES
CUST100161,Mostafa Ibrahim,SYN687031845819,Mostafa Ibrahim,YES
CUST100162,Nour Youssef,SYN840814585674,Nour Youssef,YES
CUST100163,Nour Ibrahim,SYN251200763720,Nour Ibrahim,YES
CUST100164,Nour Ibrahim,SYN232177361339,Nour Ibrahim,YES
CUST100165,Aya Ali,SYN874720876258,Aya Ali,YES
CUST100166,Sara Ahmed,SYN840812148955,Sara Ahmed,YES
CUST100167,Omar Mohamed,SYN585047589637,Omar Mohamed,YES
CUST100168,Sara Mourad,SYN837279891364,Sara Mourad,YES
CUST100169,Mohamed Kamal,SYN183480469682,Mohamed Kamal,YES
CUST100170,Mahmoud Mansour,SYN455033366144,Mahmoud Mansour,YES
CUST100171,Ahmed Mansour,SYN764017800495,Ahmed Mansour,YES
CUST100172,Yasmine Mohamed,SYN331706763391,Yasmine Mohamed,YES
CUST100173,Khaled Hassan,SYN777096022990,Khaled Hassan,YES
CUST100174,Mostafa Ahmed,SYN553760743951,Mostafa Ahmed,YES
CUST100175,Mona Mohamed,SYN775239389153,Mona Mohamed,YES
CUST100176,Khaled Mahmoud,SYN518211674071,Khaled Mahmoud,YES
CUST100177,Omar Hassan,SYN431113906199,Omar Hassan,YES
CUST100178,Abdullah Hussein,SYN297270294830,Abdullah Hussein,YES
CUST100179,Heba Ahmed,SYN287541407291,Heba Ahmed,YES
CUST100180,Abdullah Mansour,SYN776341729514,Abdullah Mansour,YES
CUST100181,Omar Kamal,SYN207019313230,Omar Kamal,YES
CUST100182,Mona Fouad,SYN177384115099,Mona Fouad,YES
CUST100183,Mostafa Abdallah,SYN258662228519,Mostafa Abdallah,YES
CUST100184,Mona Abdallah,SYN257811860308,Mona Abdallah,YES
CUST100185,Nour Mahmoud,SYN840796860526,Nour Mahmoud,YES
CUST100186,Omar Hassan,SYN458655961126,Omar Hassan,YES
CUST100187,Mariam Salem,SYN991349611624,Mariam Salem,YES
CUST100188,Youssef Salem,SYN223490132011,Youssef Salem,YES
CUST100189,Sara Ahmed,SYN688185843124,Sara Ahmed,YES
CUST100190,Mostafa Abdallah,SYN503856556481,Mostafa Abdallah,YES
CUST100191,Karim Mahmoud,SYN453626359027,Karim Mahmoud,YES
CUST100192,Karim Hassan,SYN887575779148,Karim Hassan,YES
CUST100193,Mariam Fouad,SYN978036081245,Mariam Fouad,YES
CUST100194,Abdelrahman Ibrahim,SYN885573062896,Abdelrahman Ibrahim,YES
CUST100195,Ahmed Mansour,SYN273070611131,Ahmed Mansour,YES
CUST100196,Sara Fouad,SYN298718129088,Sara Fouad,YES
CUST100197,Mahmoud Mourad,SYN690466491185,Mahmoud Mourad,YES
CUST100198,Sara Youssef,SYN360175223474,Sara Youssef,YES
CUST100199,Abdelrahman Mansour,SYN761252617702,Abdelrahman Mansour,YES
CUST100200,Mariam Kamal,SYN609778585728,Mariam Kamal,YES
CUST100201,Abdullah Ibrahim,SYN595817891641,Abdullah Ibrahim,YES
CUST100202,Mona Mourad,SYN845692232354,Mona Mourad,YES
CUST100203,Mostafa Omar,SYN739479494568,Mostafa Omar,YES
CUST100204,Mona Mansour,SYN123919988497,Mona Mansour,YES
CUST100205,Ali Kamal,SYN144513223431,Ali Kamal,YES
CUST100206,Yasmine Ibrahim,SYN641402607210,Yasmine Ibrahim,YES
CUST100207,Abdelrahman Fouad,SYN537572868060,Abdelrahman Fouad,YES
CUST100208,Ali Mahmoud,SYN334166189808,Ali Mahmoud,YES
CUST100209,Yasmine Mourad,SYN476790478583,Yasmine Mourad,YES
CUST100210,Ali Mansour,SYN782119286859,Ali Mansour,YES
CUST100211,Khaled Omar,SYN843950336192,Khaled Omar,YES
CUST100212,Yasmine Abdallah,SYN605100761101,Yasmine Abdallah,YES
CUST100213,Nour Kamal,SYN446832532771,Nour Kamal,YES
CUST100214,Khaled Ali,SYN343627085345,Khaled Ali,YES
CUST100215,Ali Ali,SYN569726623692,Ali Ali,YES
CUST100216,Ahmed Ibrahim,SYN383274656707,Ahmed Ibrahim,YES
CUST100217,Ahmed Fouad,SYN607685623342,Ahmed Fouad,YES
CUST100218,Nour Youssef,SYN708987144258,Nour Youssef,YES
CUST100219,Abdullah Abdallah,SYN159471289827,Abdullah Abdallah,YES
CUST100220,Mahmoud Mansour,SYN100960718520,Mahmoud Mansour,YES
CUST100221,Mona Salem,SYN291049424956,Mona Salem,YES
CUST100222,Khaled Mourad,SYN905060347946,Khaled Mourad,YES
CUST100223,Youssef Mansour,SYN681661686905,Youssef Mansour,YES
CUST100224,Khaled Abdallah,SYN254764316743,Khaled Abdallah,YES
CUST100225,Sara Mourad,SYN901237565641,Sara Mourad,YES
CUST100226,Aya Ali,SYN522960346258,Aya Ali,YES
CUST100227,Dina Mourad,SYN528482581010,Dina Mourad,YES
CUST100228,Heba Hassan,SYN941987749458,Heba Hassan,YES
CUST100229,Omar Mahmoud,SYN153538022965,Omar Mahmoud,YES
CUST100230,Mona Youssef,SYN293660447165,Mona Youssef,YES
CUST100231,Esraa Omar,SYN627194192639,Esraa Omar,YES
CUST100232,Mohamed Mourad,SYN275937858623,Mohamed Mourad,YES
CUST100233,Yasmine Omar,SYN711574308288,Yasmine Omar,YES
CUST100234,Mona Mansour,SYN292683060403,Mona Mansour,YES
CUST100235,Khaled Mohamed,SYN189241273538,Khaled Mohamed,YES
CUST100236,Mostafa Ahmed,SYN286286643676,Mostafa Ahmed,YES
CUST100237,Nour Ali,SYN480460630844,Nour Ali,YES
CUST100238,Sara Mahmoud,SYN258524469255,Sara Mahmoud,YES
CUST100239,Karim Ahmed,SYN221222822431,Karim Ahmed,YES
CUST100240,Mahmoud Ibrahim,SYN874253697597,Mahmoud Ibrahim,YES
CUST100241,Dina Omar,SYN388357483237,Dina Omar,YES
CUST100242,Ahmed Mourad,SYN424682817866,Ahmed Mourad,YES
CUST100243,Karim Ibrahim,SYN149743368551,Karim Ibrahim,YES
CUST100244,Karim Kamal,SYN421632661151,Karim Kamal,YES
CUST100245,Ahmed Mourad,SYN338326459589,Ahmed Mourad,YES
CUST100246,Yasmine Youssef,SYN649436560607,Yasmine Youssef,YES
CUST100247,Nour Abdallah,SYN284851267905,Nour Abdallah,YES
CUST100248,Yasmine Mahmoud,SYN899528907756,Yasmine Mahmoud,YES
CUST100249,Mohamed Mourad,SYN936699958827,Mohamed Mourad,YES
CUST100250,Omar Hussein,SYN189847951459,Omar Hussein,YES
CUST100251,Mona Abdallah,SYN196662660659,Mona Abdallah,YES
CUST100252,Omar Ali,SYN203793794299,Omar Ali,YES
CUST100253,Sara Omar,SYN657612330679,Sara Omar,YES
CUST100254,Mostafa Mansour,SYN209772067788,Mostafa Mansour,YES
CUST100255,Mahmoud Ali,SYN867144086137,Mahmoud Ali,YES
CUST100256,Mostafa Hussein,SYN778844363444,Mostafa Hussein,YES
CUST100257,Mahmoud Salem,SYN837827972414,Mahmoud Salem,YES
CUST100258,Omar Salem,SYN573454474197,Omar Salem,YES
CUST100259,Dina Youssef,SYN997009490367,Dina Youssef,YES
CUST100260,Yasmine Hussein,SYN139757592649,Yasmine Hussein,YES
CUST100261,Omar Kamal,SYN461138467767,Omar Kamal,YES
CUST100262,Ali Abdallah,SYN391543002043,Ali Abdallah,YES
CUST100263,Abdullah Youssef,SYN953780948841,Abdullah Youssef,YES
CUST100264,Abdelrahman Hussein,SYN619174862647,Abdelrahman Hussein,YES
CUST100265,Dina Ahmed,SYN825571868900,Dina Ahmed,YES
CUST100266,Nour Ahmed,SYN253307074292,Nour Ahmed,YES
CUST100267,Sara Mohamed,SYN980770729510,Sara Mohamed,YES
CUST100268,Karim Mourad,SYN548775592188,Karim Mourad,YES
CUST100269,Dina Ahmed,SYN544304868643,Dina Ahmed,YES
CUST100270,Ali Mohamed,SYN973796255691,Ali Mohamed,YES
CUST100271,Mohamed Ali,SYN442659125095,Mohamed Ali,YES
CUST100272,Omar Kamal,SYN457772522099,Omar Kamal,YES
CUST100273,Abdelrahman Fouad,SYN626277432524,Abdelrahman Fouad,YES
CUST100274,Nour Omar,SYN215247349493,Nour Omar,YES
CUST100275,Mona Fouad,SYN388977063770,Mona Fouad,YES
CUST100276,Mona Mansour,SYN273887490200,Mona Mansour,YES
CUST100277,Yasmine Omar,SYN192955131196,Yasmine Omar,YES
CUST100278,Ahmed Ahmed,SYN879530145697,Ahmed Ahmed,YES
CUST100279,Ahmed Youssef,SYN630398049514,Ahmed Youssef,YES
CUST100280,Ali Omar,SYN422805512375,Ali Omar,YES
CUST100281,Mona Omar,SYN467802439630,Mona Omar,YES
CUST100282,Mostafa Mohamed,SYN488367103318,Mostafa Mohamed,YES
CUST100283,Mona Youssef,SYN669834263930,Mona Youssef,YES
CUST100284,Nour Mohamed,SYN934092452340,Nour Mohamed,YES
CUST100285,Abdullah Ahmed,SYN939501657691,Abdullah Ahmed,YES
CUST100286,Omar Kamal,SYN452342781577,Omar Kamal,YES
CUST100287,Dina Hussein,SYN396336213637,Dine Hussein,YES
CUST100288,Heba Ali,SYN505941850166,Heba Ali,YES
CUST100289,Mona Mansour,SYN611140807385,Mona Mansour,YES
CUST100290,Aya Hussein,SYN515636120304,Aya Hussein,YES
CUST100291,Ali Youssef,SYN692878068835,Ali Youssef,YES
CUST100292,Abdelrahman Abdallah,SYN598959121041,Abdelrahman Abdallah,YES
CUST100293,Sara Ahmed,SYN388643992024,Sara Ahmed,YES
CUST100294,Heba Mourad,SYN411157725186,Heba Mourad,YES
CUST100295,Heba Ibrahim,SYN440733508803,Heba Ibrahim,YES
CUST100296,Aya Hussein,SYN185175791424,Aya Hussein,YES
CUST100297,Nour Fouad,SYN249456369172,Nour Fouad,YES
CUST100298,Ali Ibrahim,SYN750802421930,Ali Ibrahim,YES
CUST100299,Mohamed Ahmed,SYN450187040369,Mohamed Ahmed,YES
CUST100300,Mariam Omar,SYN293085075304,Mariam Omar,YES
CUST100301,Aya Abdallah,SYN606405169517,Aya Abdallah,YES
CUST100302,Mohamed Fouad,SYN779985588226,Mohamed Fouad,YES
CUST100303,Esraa Kamal,SYN331680126110,Esraa Kamal,YES
CUST100304,Heba Mansour,SYN844110893731,Heba Mansour,YES
CUST100305,Mahmoud Fouad,SYN934754373662,Mahmoud Fouad,YES
CUST100306,Sara Hussein,SYN637655076166,Sara Hussein,YES
CUST100307,Dina Hussein,SYN702052893092,Dina Hussein,YES
CUST100308,Sara Abdallah,SYN147318391290,Sara Abdallah,YES
CUST100309,Mahmoud Youssef,SYN950967901919,Mahmoud Youssef,YES
CUST100310,Mostafa Ibrahim,SYN453236260838,Mostafa Ibrahim,YES
CUST100311,Mostafa Mohamed,SYN931510360490,Mostafa Mohamed,YES
CUST100312,Mahmoud Omar,SYN621079772275,Mahmoud Omar,YES
CUST100313,Ali Youssef,SYN104156918958,Ali Youssef,YES
CUST100314,Youssef Kamal,SYN134687799391,Youssef Kamal,YES
CUST100315,Mostafa Mahmoud,SYN712376925102,Mostafa Mahmoud,YES
CUST100316,Khaled Fouad,SYN606401212448,Khaled Fouad,YES
CUST100317,Khaled Salem,SYN123879193485,Khaled Salem,YES
CUST100318,Abdullah Abdallah,SYN769113965100,Abdullah Abdallah,YES
CUST100319,Yasmine Mohamed,SYN866930803362,Yasmine Mohamed,YES
CUST100320,Sara Ali,SYN546775734195,Sara Ali,YES
CUST100321,Mahmoud Mahmoud,SYN519181696321,Mahmoud Mahmoud,YES
CUST100322,Karim Salem,SYN104925797951,Karim Salem,YES
CUST100323,Abdullah Kamal,SYN807984741244,Abdullah Kamal,YES
CUST100324,Abdelrahman Youssef,SYN397644460071,Abdelrahman Youssef,YES
CUST100325,Youssef Hassan,SYN890887257804,Youssef Hassan,YES
CUST100326,Youssef Fouad,SYN435754528802,Youssef Fouad,YES
CUST100327,Mohamed Ali,SYN608570119567,Mohamed Ali,YES
CUST100328,Mahmoud Fouad,SYN343307609379,Mahmoud Fouad,YES
CUST100329,Dina Mohamed,SYN244529481326,Dina Mohamed,YES
CUST100330,Heba Abdallah,SYN797417113043,Heba Abdallah,YES
CUST100331,Mariam Fouad,SYN546931430961,Mariam Fouad,YES
CUST100332,Sara Abdallah,SYN582839131377,Sara Abdallah,YES
CUST100333,Aya Youssef,SYN968874358133,Aya Youssef,YES
CUST100334,Mona Salem,SYN967221920999,Mona Salem,YES
CUST100335,Aya Mourad,SYN870077909532,Aya Mourad,YES
CUST100336,Abdelrahman Mansour,SYN268848363488,Abdelrahman Mansour,YES
CUST100337,Sara Mahmoud,SYN634845424871,Sara Mahmoud,YES
CUST100338,Youssef Omar,SYN890332682189,Youssef Omar,YES
CUST100339,Abdelrahman Abdallah,SYN437017542804,Abdelrahman Abdallah,YES
CUST100340,Karim Salem,SYN190995549342,Karim Salem,YES
CUST100341,Ali Hassan,SYN829866612015,Ali Hassan,YES
CUST100342,Karim Ali,SYN533587196225,Karim Ali,YES
CUST100343,Heba Salem,SYN607953412323,Heba Salem,YES
CUST100344,Abdullah Hassan,SYN983929866686,Abdullah Hassan,YES
CUST100345,Ali Mourad,SYN646490287444,Ali Mourad,YES
CUST100346,Abdelrahman Youssef,SYN482481447099,Abdelrahman Youssef,YES
CUST100347,Abdullah Fouad,SYN432985931062,Abdullah Fouad,YES
CUST100348,Omar Omar,SYN475857363388,Omar Omar,YES
CUST100349,Omar Salem,SYN206559174860,Omar Salem,YES
CUST100350,Heba Ahmed,SYN815275502575,Heba Ahmed,YES
CUST100351,Mohamed Mohamed,SYN853945172368,Mohamed Mohamed,YES
CUST100352,Ali Ibrahim,SYN355957421116,Ali Ibrahim,YES
CUST100353,Nour Kamal,SYN373416956568,Nour Kamal,YES
CUST100354,Abdelrahman Hussein,SYN886900830701,Abdelrahman Hussein,YES
CUST100355,Abdelrahman Ibrahim,SYN121573319975,Abdelrahman Ibrahim,YES
CUST100356,Omar Mohamed,SYN568411699390,Omar Mohamed,YES
CUST100357,Esraa Hassan,SYN517308143213,Esraa Hassan,YES
CUST100358,Ahmed Ali,SYN721114092620,Ahmed Ali,YES
CUST100359,Khaled Mohamed,SYN247052530134,Khaled Mohamed,YES
CUST100360,Aya Ali,SYN701497666715,Aya Ali,YES
CUST100361,Esraa Ali,SYN439060607087,Esraa Ali,YES
CUST100362,Youssef Mohamed,SYN656843300352,Youssef Mohamed,YES
CUST100363,Esraa Hussein,SYN136085508885,Esraa Hussein,YES
CUST100364,Mahmoud Salem,SYN515554477466,Mahmoud Salem,YES
CUST100365,Heba Ahmed,SYN570025804584,Heba Ahmed,YES
CUST100366,Mona Mahmoud,SYN292893762569,Mona Mahmoud,YES
CUST100367,Sara Abdallah,SYN225661288761,Sara Abdallah,YES
CUST100368,Mohamed Mourad,SYN269626872711,Mohamed Mourad,YES
CUST100369,Yasmine Mansour,SYN409726970257,Yasmine Mansour,YES
CUST100370,Sara Kamal,SYN187129134374,Sara Kamal,YES
CUST100371,Mostafa Mohamed,SYN952587816156,Mostafa Mohamed,YES
CUST100372,Nour Abdallah,SYN464494655346,Nour Abdallah,YES
CUST100373,Mariam Abdallah,SYN828072642256,Mariam Abdallah,YES
CUST100374,Esraa Kamal,SYN976975410797,Esraa Kamal,YES
CUST100375,Ahmed Mourad,SYN172661752002,Ahmed Mourad,YES
CUST100376,Khaled Mourad,SYN686502521141,Khaled Mourad,YES
CUST100377,Khaled Omar,SYN884268178067,Khaled Omar,YES
CUST100378,Mariam Ibrahim,SYN670810990570,Mariam Ibrahim,YES
CUST100379,Ali Salem,SYN486123509221,Ali Salem,YES
CUST100380,Mohamed Mourad,SYN487968721874,Mohamed Mourad,YES
CUST100381,Abdullah Mahmoud,SYN132308997406,Abdullah Mahmoud,YES
CUST100382,Abdullah Mohamed,SYN581140676160,Abdullah Mohamed,YES
CUST100383,Youssef Kamal,SYN994188697108,Youssef Kamal,YES
CUST100384,Mohamed Mohamed,SYN962836773374,Mohamed Mohamed,YES
CUST100385,Mahmoud Hussein,SYN136359305957,Mahmoud Hussein,YES
CUST100386,Ahmed Salem,SYN735217303266,Ahmed Salem,YES
CUST100387,Aya Mahmoud,SYN371588380027,Aya Mahmoud,YES
CUST100388,Esraa Kamal,SYN912690238065,Esraa Kamal,YES
CUST100389,Omar Kamal,SYN140603271138,Omar Kamal,YES
CUST100390,Khaled Mahmoud,SYN942286691809,Khaled Mahmoud,YES
CUST100391,Omar Ibrahim,SYN853728169408,Omar Ibrahim,YES
CUST100392,Mariam Mourad,SYN205753944027,Mariam Mourad,YES
CUST100393,Dina Omar,SYN153841903585,Dina Omar,YES
CUST100394,Khaled Hussein,SYN851236897894,Khaled Hussein,YES
CUST100395,Esraa Salem,SYN240181903877,Esraa Salem,YES
CUST100396,Mohamed Mansour,SYN581408337678,Mohamed Mansour,YES
CUST100397,Omar Mansour,SYN924170372090,Omar Mansour,YES
CUST100398,Ali Ahmed,SYN610703302194,Ali Ahmed,YES
CUST100399,Sara Mahmoud,SYN457509971325,Sara Mahmoud,YES
CUST100400,Abdelrahman Youssef,SYN500514449368,Abdelrahman Youssef,YES
CUST100401,Yasmine Hussein,SYN156805453633,Yasmine Hussein,YES
CUST100402,Sara Mahmoud,SYN971877089225,Sara Mahmoud,YES
CUST100403,Abdelrahman Mahmoud,SYN379588766572,Abdelrahman Mahmoud,YES
CUST100404,Mona Hassan,SYN270427142505,Mona Hassan,YES
CUST100405,Heba Hassan,SYN357442571656,Heba Hassan,YES
CUST100406,Nour Mohamed,SYN967935875402,Nour Mohamed,YES
CUST100407,Mahmoud Kamal,SYN184857448139,Mahmoud Kamal,YES
CUST100408,Abdullah Ahmed,SYN880572736451,Abdullah Ahmed,YES
CUST100409,Mohamed Mahmoud,SYN737059504961,Mohamed Mahmoud,YES
CUST100410,Omar Ahmed,SYN847017261243,Omar Ahmed,YES
CUST100411,Youssef Salem,SYN978307786331,Youssef Salem,YES
CUST100412,Ali Hussein,SYN857939189965,Ali Hussein,YES
CUST100413,Mahmoud Omar,SYN949044116150,Mahmoud Omar,YES
CUST100414,Mohamed Salem,SYN214241731111,Mohamed Salem,YES
CUST100415,Mostafa Omar,SYN816209708650,Mostafa Omar,YES
CUST100416,Abdelrahman Mansour,SYN591108124672,Abdelrahman Mansour,YES
CUST100417,Mahmoud Abdallah,SYN589146035571,Mahmoud Abdallah,YES
CUST100418,Ali Youssef,SYN909029418688,Ali Youssef,YES
CUST100419,Heba Ibrahim,SYN974623436782,Heba Ibrahim,YES
CUST100420,Abdullah Mourad,SYN734354490738,Abdullah Mourad,YES
CUST100421,Mostafa Mourad,SYN534644550524,Mostafa Mourad,YES
CUST100422,Yasmine Salem,SYN510763472111,Yasmine Salem,YES
CUST100423,Dina Fouad,SYN447707311500,Dina Fouad,YES
CUST100424,Nour Hussein,SYN425439126615,Nour Hussein,YES
CUST100425,Omar Youssef,SYN452356157515,Omar Youssef,YES
CUST100426,Esraa Fouad,SYN180777911726,Esraa Fouad,YES
CUST100427,Aya Kamal,SYN169692476734,Aya Kamal,YES
CUST100428,Mohamed Mahmoud,SYN801882859485,Mohamed Mahmoud,YES
CUST100429,Khaled Omar,SYN501465603628,Khaled Omar,YES
CUST100430,Ahmed Ibrahim,SYN937616039690,Ahmed Ibrahim,YES
CUST100431,Khaled Hassan,SYN650998907734,Khaled Hassan,YES
CUST100432,Aya Hassan,SYN131658383965,Aya Hassan,YES
CUST100433,Mahmoud Salem,SYN241771007185,Mahmoud Salem,YES
CUST100434,Nour Mahmoud,SYN285237813711,Nour Mahmoud,YES
CUST100435,Mahmoud Ali,SYN978162421950,Mahmoud Ali,YES
CUST100436,Dina Abdallah,SYN296833803536,Dina Abdallah,YES
CUST100437,Abdullah Mansour,SYN564180108659,Abdullah Mansour,YES
CUST100438,Ahmed Mahmoud,SYN942559238476,Ahmed Mahmoud,YES
CUST100439,Mariam Mourad,SYN979473456922,Mariam Mourad,YES
CUST100440,Abdelrahman Omar,SYN312724391845,Abdelrahman Omar,YES
CUST100441,Sara Ibrahim,SYN144205879375,Sara Ibrahim,YES
CUST100442,Mahmoud Mourad,SYN238241649283,Mahmoud Mourad,YES
CUST100443,Mona Abdallah,SYN156995630832,Mona Abdallah,YES
CUST100444,Heba Hassan,SYN275611816983,Heba Hassan,YES
CUST100445,Mostafa Ahmed,SYN611712743233,Mostafa Ahmed,YES
CUST100446,Sara Mourad,SYN921203916666,Sara Mourad,YES
CUST100447,Abdelrahman Mourad,SYN583496995324,Abdelrahman Mourad,YES
CUST100448,Heba Omar,SYN663390601029,Heba Omar,YES
CUST100449,Ali Ali,SYN281680526448,Ali Ali,YES
CUST100450,Abdelrahman Mahmoud,SYN820525258606,Abdelrahman Mahmoud,YES
CUST100451,Abdullah Ahmed,SYN656010017655,Abdullah Ahmed,YES
CUST100452,Mona Ahmed,SYN877723146273,Mona Ahmed,YES
CUST100453,Mohamed Hussein,SYN953958796305,Mohamed Hussein,YES
CUST100454,Dina Salem,SYN413110698180,Dina Salem,YES
CUST100455,Dina Ahmed,SYN181521152681,Dina Ahmed,YES
CUST100456,Mahmoud Mourad,SYN303336062125,Mahmoud Mourad,YES
CUST100457,Karim Abdallah,SYN494057409108,Karim Abdallah,YES
CUST100458,Aya Hussein,SYN951124286642,Aya Hussein,YES
CUST100459,Mahmoud Ibrahim,SYN440478840136,Mahmoud Ibrahim,YES
CUST100460,Khaled Omar,SYN793695892298,Khaled Omar,YES
CUST100461,Mahmoud Mahmoud,SYN586429022953,Mahmoud Mahmoud,YES
CUST100462,Khaled Ahmed,SYN264527893387,Khaled Ahmed,YES
CUST100463,Nour Ahmed,SYN388660707058,Nour Ahmed,YES
CUST100464,Mohamed Youssef,SYN687872696520,Mohamed Youssef,YES
CUST100465,Abdelrahman Ali,SYN705568055216,Abdelrahman Ali,YES
CUST100466,Omar Mansour,SYN491283772128,Omar Mansour,YES
CUST100467,Dina Mohamed,SYN305781042395,Dina Mohamed,YES
CUST100468,Omar Omar,SYN749716101561,Omar Omar,YES
CUST100469,Abdullah Ahmed,SYN251985737451,Abdullah Ahmed,YES
CUST100470,Khaled Kamal,SYN943002722678,Khaled Kamal,YES
CUST100471,Aya Fouad,SYN269113221132,Aya Fouad,YES
CUST100472,Nour Abdallah,SYN196581126549,Nour Abdallah,YES
CUST100473,Mona Hussein,SYN547882932128,Mona Hussein,YES
CUST100474,Karim Mourad,SYN567594638298,Karim Mourad,YES
CUST100475,Yasmine Mahmoud,SYN557373623300,Yasmine Mahmoud,YES
CUST100476,Aya Ibrahim,SYN493000740404,Aya Ibrahim,YES
CUST100477,Mohamed Mohamed,SYN995333403546,Mohamed Mohamed,YES
CUST100478,Mostafa Hussein,SYN537652551403,Mostafa Hussein,YES
CUST100479,Mahmoud Abdallah,SYN530151922665,Mahmoud Abdallah,YES
CUST100480,Ali Hassan,SYN479589456443,Ali Hassan,YES
CUST100481,Aya Ahmed,SYN160143179231,Aya Ahmed,YES
CUST100482,Ali Mahmoud,SYN633660968034,Ali Mahmoud,YES
CUST100483,Yasmine Ali,SYN305170995000,Yasmine Ali,YES
CUST100484,Mona Abdallah,SYN673848082206,Mona Abdallah,YES
CUST100485,Youssef Youssef,SYN145750115753,Youssef Youssef,YES
CUST100486,Sara Hassan,SYN983248391127,Sara Hassan,YES
CUST100487,Heba Ahmed,SYN522104571111,Heba Ahmed,YES
CUST100488,Yasmine Ali,SYN907079834431,Yasmine Ali,YES
CUST100489,Karim Ibrahim,SYN528005055909,Karim Ibrahim,YES
CUST100490,Abdullah Mahmoud,SYN154297736716,Abdullah Mahmoud,YES
CUST100491,Esraa Ibrahim,SYN839992191484,Esraa Ibrahim,YES
CUST100492,Yasmine Ahmed,SYN683365356700,Yasmine Ahmed,YES
CUST100493,Karim Mahmoud,SYN803581342816,Karim Mahmoud,YES
CUST100494,Ali Abdallah,SYN485352877157,Ali Abdallah,YES
CUST100495,Nour Abdallah,SYN674143069821,Nour Abdallah,YES
CUST100496,Mahmoud Salem,SYN870606103416,Mahmoud Salem,YES
CUST100497,Mariam Omar,SYN667958898584,Mariam Omar,YES
CUST100498,Abdullah Ibrahim,SYN412906271352,Abdullah Ibrahim,YES
CUST100499,Nour Youssef,SYN696276634929,Nour Youssef,YES
CUST100500,Mahmoud Ibrahim,SYN704668769752,Mahmoud Ibrahim,YES
CUST100501,Mostafa Hussein,SYN964528266255,Mostafa Hussein,YES
CUST100502,Abdelrahman Hussein,SYN433821089387,Abdelrahman Hussein,YES
CUST100503,Esraa Mahmoud,SYN482573590762,Esraa Mahmoud,YES
CUST100504,Ali Salem,SYN830910665068,Ali Salem,YES
CUST100505,Mona Hussein,SYN555186083268,Mona Hussein,YES
CUST100506,Heba Kamal,SYN762915783804,Heba Kamal,YES
CUST100507,Youssef Ibrahim,SYN513738518008,Youssef Ibrahim,YES
CUST100508,Ali Youssef,SYN293945627631,Ali Youssef,YES
CUST100509,Youssef Fouad,SYN770683458502,Youssef Fouad,YES
CUST100510,Abdelrahman Mohamed,SYN218039652266,Abdelrahman Mohamed,YES
CUST100511,Khaled Hussein,SYN278725297178,Khaled Hussein,YES
CUST100512,Aya Omar,SYN664142484505,Aya Omar,YES
CUST100513,Aya Mahmoud,SYN772542820172,Aya Mahmoud,YES
CUST100514,Abdelrahman Hussein,SYN905219098181,Abdelrahman Hussein,YES
CUST100515,Mahmoud Kamal,SYN345327847674,Mahmoud Kamal,YES
CUST100516,Esraa Ibrahim,SYN199651832740,Esraa Ibrahim,YES
CUST100517,Ahmed Ahmed,SYN960441993570,Ahmed Ahmed,YES
CUST100518,Mona Ibrahim,SYN238980779219,Mona Ibrahim,YES
CUST100519,Dina Abdallah,SYN277900284029,Dina Abdallah,YES
CUST100520,Mariam Youssef,SYN362196508202,Mariam Youssef,YES
CUST100521,Mahmoud Fouad,SYN576452218623,Mahmoud Fouad,YES
CUST100522,Omar Hassan,SYN894543009430,Omar Hassan,YES
CUST100523,Aya Hassan,SYN784491420456,Aya Hassan,YES
CUST100524,Sara Mansour,SYN737341798458,Sara Mansour,YES
CUST100525,Sara Ahmed,SYN257662511070,Sara Ahmed,YES
CUST100526,Abdullah Mahmoud,SYN421914368373,Abdullah Mahmoud,YES
CUST100527,Mahmoud Hassan,SYN530564433478,Mahmoud Hassan,YES
CUST100528,Abdullah Ahmed,SYN232683358137,Abdullah Ahmed,YES
CUST100529,Abdullah Kamal,SYN346086731914,Abdullah Kamal,YES
CUST100530,Dina Ali,SYN377499883557,Dina Ali,YES
CUST100531,Omar Ahmed,SYN214548578496,Omar Ahmed,YES
CUST100532,Omar Kamal,SYN595215722717,Omar Kamal,YES
CUST100533,Ali Hassan,SYN734525376871,Ali Hassan,YES
CUST100534,Dina Youssef,SYN162938468329,Dina Youssef,YES
CUST100535,Omar Ahmed,SYN533010791586,Omar Ahmed,YES
CUST100536,Mona Hassan,SYN803990075741,Mona Hassan,YES
CUST100537,Mahmoud Ali,SYN773191116057,Mahmoud Ali,YES
CUST100538,Heba Fouad,SYN833565786596,Heba Fouad,YES
CUST100539,Mohamed Mansour,SYN503416569853,Mohamed Mansour,YES
CUST100540,Khaled Ibrahim,SYN838501374375,Khaled Ibrahim,YES
CUST100541,Ahmed Hussein,SYN316677764092,Ahmed Hussein,YES
CUST100542,Omar Ali,SYN424729505275,Omar Ali,YES
CUST100543,Omar Salem,SYN258720018776,Omar Salem,YES
CUST100544,Aya Hussein,SYN520736085485,Aya Hussein,YES
CUST100545,Ahmed Salem,SYN452854020173,Ahmed Salem,YES
CUST100546,Nour Fouad,SYN316834404772,Nour Fouad,YES
CUST100547,Dina Youssef,SYN776602638307,Dina Youssef,YES
CUST100548,Heba Ibrahim,SYN382462094900,Heba Ibrahim,YES
CUST100549,Mostafa Ahmed,SYN345523897131,Mostafa Ahmed,YES
CUST100550,Aya Mahmoud,SYN217801297765,Aya Mahmoud,YES
CUST100551,Mariam Youssef,SYN494939531621,Mariam Youssef,YES
CUST100552,Aya Ibrahim,SYN372668165953,Aya Ibrahim,YES
CUST100553,Sara Mansour,SYN432345557206,Sara Mansour,YES
CUST100554,Abdelrahman Abdallah,SYN312397536358,Abdelrahman Abdallah,YES
CUST100555,Heba Hassan,SYN786839940837,Heba Hassan,YES
CUST100556,Khaled Kamal,SYN937003012619,Khaled Kamal,YES
CUST100557,Esraa Omar,SYN548138667509,Esraa Omar,YES
CUST100558,Yasmine Mourad,SYN678698581006,Yasmine Mourad,YES
CUST100559,Esraa Youssef,SYN880455048946,Esraa Youssef,YES
CUST100560,Heba Mahmoud,SYN998946673600,Heba Mahmoud,YES
CUST100561,Mohamed Hussein,SYN652164836256,Mohamed Hussein,YES
CUST100562,Mona Hussein,SYN900801519885,Mona Hussein,YES
CUST100563,Omar Kamal,SYN917747421900,Omar Kamal,YES
CUST100564,Esraa Salem,SYN812306339026,Esraa Salem,YES
CUST100565,Youssef Abdallah,SYN514838251965,Youssef Abdallah,YES
CUST100566,Youssef Mourad,SYN173038600381,Youssef Mourad,YES
CUST100567,Youssef Mansour,SYN114224999896,Youssef Mansour,YES
CUST100568,Karim Kamal,SYN529480569954,Karim Kamal,YES
CUST100569,Dina Mourad,SYN544883080181,Dina Mourad,YES
CUST100570,Abdullah Ali,SYN466626149076,Abdullah Ali,YES
CUST100571,Nour Mohamed,SYN611350616162,Nour Mohamed,YES
CUST100572,Ali Omar,SYN596946432973,Ali Omar,YES
CUST100573,Mohamed Youssef,SYN852951736929,Mohamed Youssef,YES
CUST100574,Mohamed Hassan,SYN197791392936,Mohamed Hassan,YES
CUST100575,Mariam Mahmoud,SYN302659899494,Mariam Mahmoud,YES
CUST100576,Abdullah Salem,SYN813704481063,Abdullah Salem,YES
CUST100577,Heba Omar,SYN863053180501,Heba Omar,YES
CUST100578,Esraa Ali,SYN995341792258,Esraa Ali,YES
CUST100579,Mahmoud Mansour,SYN885620814748,Mahmoud Mansour,YES
CUST100580,Ahmed Mahmoud,SYN900909106365,Ahmed Mahmoud,YES
CUST100581,Aya Hussein,SYN382913148366,Aya Hussein,YES
CUST100582,Mahmoud Ibrahim,SYN461495470608,Mahmoud Ibrahim,YES
CUST100583,Ahmed Abdallah,SYN341276594338,Ahmed Abdallah,YES
CUST100584,Nour Mansour,SYN645669458373,Nour Mansour,YES
CUST100585,Abdullah Mahmoud,SYN944924818786,Abdullah Mahmoud,YES
CUST100586,Mostafa Youssef,SYN410176797860,Mostafa Youssef,YES
CUST100587,Ahmed Ali,SYN601301603693,Ahmed Ali,YES
CUST100588,Aya Youssef,SYN366669667408,Aya Youssef,YES
CUST100589,Aya Ahmed,SYN252819976395,Aya Ahmed,YES
CUST100590,Aya Omar,SYN275666976836,Aya Omar,YES
CUST100591,Abdullah Mohamed,SYN152150810084,Abdullah Mohamed,YES
CUST100592,Youssef Mohamed,SYN954364170708,Youssef Mohamed,YES
CUST100593,Abdelrahman Ahmed,SYN462591647656,Abdelrahman Ahmed,YES
CUST100594,Sara Fouad,SYN850708802801,Sara Fouad,YES
CUST100595,Aya Hassan,SYN713196525420,Aya Hassan,YES
CUST100596,Dina Mansour,SYN272729045269,Dina Mansour,YES
CUST100597,Yasmine Fouad,SYN257916021921,Yasmine Fouad,YES
CUST100598,Karim Youssef,SYN830789381359,Karim Youssef,YES
CUST100599,Karim Fouad,SYN338240539557,Karim Fouad,YES
CUST100600,Karim Mahmoud,SYN921956665331,Karim Mahmoud,YES
CUST100601,Yasmine Omar,SYN226049864220,Yasmine Omar,YES
CUST100602,Khaled Youssef,SYN709937753009,Khaled Youssef,YES
CUST100603,Mahmoud Mahmoud,SYN833026488427,Mahmoud Mahmoud,YES
CUST100604,Aya Ali,SYN311730749574,Aya Ali,YES
CUST100605,Heba Kamal,SYN348586627110,Heba Kamal,YES
CUST100606,Sara Hassan,SYN968066997525,Sara Hassan,YES
CUST100607,Heba Salem,SYN338137844811,Heba Salem,YES
CUST100608,Abdelrahman Hussein,SYN486961344910,Abdelrahman Hussein,YES
CUST100609,Esraa Ali,SYN489264033918,Esraa Ali,YES
CUST100610,Aya Omar,SYN327731274936,Aya Omar,YES
CUST100611,Mona Hassan,SYN798211977793,Mona Hassan,YES
CUST100612,Yasmine Fouad,SYN794664408906,Yasmine Fouad,YES
CUST100613,Mariam Fouad,SYN440486212801,Mariam Fouad,YES
CUST100614,Mostafa Ahmed,SYN851613211972,Mostafa Ahmed,YES
CUST100615,Karim Hassan,SYN291767440959,Karim Hassan,YES
CUST100616,Youssef Omar,SYN103875198100,Youssef Omar,YES
CUST100617,Ali Ibrahim,SYN614050625850,Ali Ibrahim,YES
CUST100618,Ahmed Ali,SYN994669995207,Ahmed Ali,YES
CUST100619,Mahmoud Mourad,SYN134779878844,Mahmoud Mourad,YES
CUST100620,Nour Hussein,SYN287198266337,Nour Hussein,YES
CUST100621,Mona Ahmed,SYN567023178238,Mona Ahmed,YES
CUST100622,Omar Kamal,SYN828946662800,Omar Kamal,YES
CUST100623,Nour Ahmed,SYN180137804567,Nour Ahmed,YES
CUST100624,Karim Salem,SYN455711188383,Karim Salem,YES
CUST100625,Youssef Mourad,SYN772368220566,Youssef Mourad,YES
CUST100626,Sara Salem,SYN434388887565,Sara Salem,YES
CUST100627,Mariam Salem,SYN269952778428,Mariam Salem,YES
CUST100628,Heba Mohamed,SYN275946244656,Heba Mohamed,YES
CUST100629,Mariam Ali,SYN469043908223,Mariam Ali,YES
CUST100630,Khaled Salem,SYN531475367325,Khaled Salem,YES
CUST100631,Sara Kamal,SYN875632976034,Sara Kamal,YES
CUST100632,Nour Ali,SYN678027176711,Nour Ali,YES
CUST100633,Mariam Kamal,SYN721361759063,Mariam Kamal,YES
CUST100634,Omar Abdallah,SYN984688454382,Omar Abdallah,YES
CUST100635,Mostafa Salem,SYN470659096270,Mostafa Salem,YES
CUST100636,Youssef Hassan,SYN463018962924,Youssef Hassan,YES
CUST100637,Ali Mansour,SYN931012270953,Ali Mansour,YES
CUST100638,Yasmine Hassan,SYN321288028304,Yasmine Hassan,YES
CUST100639,Abdullah Mahmoud,SYN756833721672,Abdullah Mahmoud,YES
CUST100640,Mostafa Fouad,SYN779115824396,Mostafa Fouad,YES
CUST100641,Abdullah Ahmed,SYN188009197700,Abdullah Ahmed,YES
CUST100642,Esraa Abdallah,SYN521408265124,Esraa Abdallah,YES
CUST100643,Mona Salem,SYN280506224189,Mona Salem,YES
CUST100644,Yasmine Ali,SYN266837745522,Yasmine Ali,YES
CUST100645,Sara Mahmoud,SYN517445299416,Sara Mahmoud,YES
CUST100646,Mona Mohamed,SYN360486736757,Mona Mohamed,YES
CUST100647,Heba Mansour,SYN816454402863,Heba Mansour,YES
CUST100648,Abdelrahman Mourad,SYN916844402251,Abdelrahman Mourad,YES
CUST100649,Aya Youssef,SYN822448544759,Aya Youssef,YES
CUST100650,Mona Hassan,SYN339427785359,Mona Hassan,YES
CUST100651,Mostafa Ahmed,SYN346720954319,Mostafa Ahmed,YES
CUST100652,Youssef Ahmed,SYN329255515105,Youssef Ahmed,YES
CUST100653,Aya Salem,SYN221534286450,Aya Salem,YES
CUST100654,Dina Hassan,SYN949418531293,Dina Hassan,YES
CUST100655,Heba Hussein,SYN461843018341,Heba Hussein,YES
CUST100656,Yasmine Youssef,SYN302220527091,Yasmine Youssef,YES
CUST100657,Karim Kamal,SYN862003945457,Karim Kamal,YES
CUST100658,Ahmed Youssef,SYN459275772392,Ahmed Youssef,YES
CUST100659,Ali Hussein,SYN131605129998,Ali Hussein,YES
CUST100660,Omar Mansour,SYN245747413224,Omar Mansour,YES
CUST100661,Khaled Mansour,SYN675325306320,Khaled Mansour,YES
CUST100662,Mohamed Hassan,SYN804614746754,Mohamed Hassan,YES
CUST100663,Youssef Salem,SYN289840949639,Youssef Salem,YES
CUST100664,Dina Ibrahim,SYN925656030339,Dina Ibrahim,YES
CUST100665,Mostafa Mohamed,SYN865897408046,Mostafa Mohamed,YES
CUST100666,Heba Omar,SYN863542678654,Heba Omar,YES
CUST100667,Esraa Fouad,SYN304895032119,Esraa Fouad,YES
CUST100668,Abdullah Ibrahim,SYN145482389785,Abdullah Ibrahim,YES
CUST100669,Mahmoud Fouad,SYN880681185534,Mahmoud Fouad,YES
CUST100670,Abdelrahman Omar,SYN375220205864,Abdelrahman Omar,YES
CUST100671,Karim Salem,SYN657024743056,Karim Salem,YES
CUST100672,Karim Mahmoud,SYN783970195330,Karim Mahmoud,YES
CUST100673,Ahmed Omar,SYN215463932660,Ahmed Omar,YES
CUST100674,Karim Fouad,SYN802754519067,Karim Fouad,YES
CUST100675,Khaled Mourad,SYN944660313064,Khaled Mourad,YES
CUST100676,Dina Hassan,SYN755537469171,Dina Hassan,YES
CUST100677,Ahmed Abdallah,SYN497100473632,Ahmed Abdallah,YES
CUST100678,Heba Kamal,SYN889010324876,Heba Kamal,YES
CUST100679,Abdullah Ibrahim,SYN574711867065,Abdullah Ibrahim,YES
CUST100680,Khaled Mourad,SYN770293835035,Khaled Mourad,YES
CUST100681,Mahmoud Ahmed,SYN838455349472,Mahmoud Ahmed,YES
CUST100682,Abdelrahman Ahmed,SYN774417575529,Abdelrahman Ahmed,YES
CUST100683,Abdelrahman Omar,SYN359069388443,Abdelrahman Omar,YES
CUST100684,Omar Mohamed,SYN206059510815,Omar Mohamed,YES
CUST100685,Aya Ibrahim,SYN314504676425,Aya Ibrahim,YES
CUST100686,Nour Abdallah,SYN552587443282,Nour Abdallah,YES
CUST100687,Dina Abdallah,SYN554749230063,Dina Abdallah,YES
CUST100688,Nour Mourad,SYN624379914383,Nour Mourad,YES
CUST100689,Yasmine Ali,SYN455591653793,Yasmine Ali,YES
CUST100690,Abdelrahman Omar,SYN808202243305,Abdelrahman Omar,YES
CUST100691,Yasmine Kamal,SYN921838375312,Yasmine Kamal,YES
CUST100692,Abdullah Mansour,SYN322052548131,Abdullah Mansour,YES
CUST100693,Abdullah Mohamed,SYN762870895931,Abdullah Mohamed,YES
CUST100694,Ahmed Hassan,SYN710174667290,Ahmed Hassan,YES
CUST100695,Ali Fouad,SYN570781449351,Ali Fouad,YES
CUST100696,Khaled Ibrahim,SYN269677210486,Khaled Ibrahim,YES
CUST100697,Dina Hassan,SYN815709032724,Dina Hassan,YES
CUST100698,Ahmed Mohamed,SYN964563657065,Ahmed Mohamed,YES
CUST100699,Ahmed Mourad,SYN749652699010,Ahmed Moured,YES
CUST100700,Heba Hussein,SYN926073996963,Heba Hussein,YES
CUST100701,Karim Hassan,SYN985766738453,Karim Hassan,YES
CUST100702,Omar Fouad,SYN416845606815,Omar Fouad,YES
CUST100703,Omar Hassan,SYN674401197633,Omar Hassan,YES
CUST100704,Mahmoud Kamal,SYN526539463874,Mahmoud Kamal,YES
CUST100705,Dina Youssef,SYN987965872176,Dina Youssef,YES
CUST100706,Mohamed Mourad,SYN184427041606,Mohamed Mourad,YES
CUST100707,Dina Kamal,SYN471137422867,Dina Kamal,YES
CUST100708,Mona Hussein,SYN887985140074,Mona Hussein,YES
CUST100709,Mona Hussein,SYN355646179473,Mona Hussein,YES
CUST100710,Mostafa Mohamed,SYN809013565574,Mostafa Mohamed,YES
CUST100711,Heba Ibrahim,SYN444504846502,Heba Ibrahim,YES
CUST100712,Khaled Kamal,SYN981980685901,Khaled Kamal,YES
CUST100713,Yasmine Omar,SYN895176852781,Yasmine Omar,YES
CUST100714,Abdullah Mansour,SYN371188321896,Abdullah Mansour,YES
CUST100715,Yasmine Kamal,SYN793173802184,Yasmine Kamal,YES
CUST100716,Heba Mansour,SYN403170889449,Heba Mansour,YES
CUST100717,Mona Mohamed,SYN645726556193,Mona Mohamed,YES
CUST100718,Youssef Abdallah,SYN692632691553,Youssef Abdallah,YES
CUST100719,Dina Ibrahim,SYN846635868177,Dina Ibrahim,YES
CUST100720,Mahmoud Ali,SYN122005756793,Mahmoud Ali,YES
CUST100721,Abdullah Omar,SYN298142102037,Abdullah Omar,YES
CUST100722,Aya Mansour,SYN740726029529,Aya Mansour,YES
CUST100723,Mahmoud Fouad,SYN607170913272,Mahmoud Fouad,YES
CUST100724,Yasmine Salem,SYN546044570381,Yasmine Salem,YES
CUST100725,Mahmoud Omar,SYN149688961037,Mahmoud Omar,YES
CUST100726,Khaled Mourad,SYN413448295115,Khaled Mourad,YES
CUST100727,Ahmed Salem,SYN878590208719,Ahmed Salem,YES
CUST100728,Mona Abdallah,SYN127803553332,Mona Abdallah,YES
CUST100729,Mostafa Ali,SYN456792611828,Mostafa Ali,YES
CUST100730,Khaled Omar,SYN950633458903,Khaled Omar,YES
CUST100731,Nour Kamal,SYN145792661090,Nour Kamal,YES
CUST100732,Abdullah Fouad,SYN774735175940,Abdullah Fouad,YES
CUST100733,Yasmine Youssef,SYN331851354563,Yasmine Youssef,YES
CUST100734,Youssef Youssef,SYN879947948938,Youssef Youssef,YES
CUST100735,Mostafa Omar,SYN771461181063,Mostafa Omar,YES
CUST100736,Khaled Ibrahim,SYN897134653772,Khaled Ibrahim,YES
CUST100737,Sara Ali,SYN294332311388,Sara Ali,YES
CUST100738,Khaled Ahmed,SYN578163479336,Khaled Ahmed,YES
CUST100739,Esraa Hussein,SYN801342949217,Esraa Hussein,YES
CUST100740,Aya Abdallah,SYN321129768695,Aya Abdallah,YES
CUST100741,Yasmine Omar,SYN307671674740,Yasmine Omar,YES
CUST100742,Karim Abdallah,SYN124463920147,Karim Abdallah,YES
CUST100743,Ali Ahmed,SYN962663764577,Ali Ahmed,YES
CUST100744,Yasmine Hussein,SYN739015192049,Yasmine Hussein,YES
CUST100745,Mariam Mourad,SYN672004318609,Mariam Mourad,YES
CUST100746,Heba Mourad,SYN769595250425,Heba Mourad,YES
CUST100747,Sara Mohamed,SYN578451626825,Sara Mohamed,YES
CUST100748,Sara Youssef,SYN528520438981,Sara Youssef,YES
CUST100749,Omar Fouad,SYN504579017011,Omar Fouad,YES
CUST100750,Abdelrahman Kamal,SYN676395290893,Abdelrahman Kamal,YES
CUST100751,Mahmoud Kamal,SYN281381477853,Mahmoud Kamal,YES
CUST100752,Ahmed Mansour,SYN899252825513,Ahmed Mansour,YES
CUST100753,Abdullah Mohamed,SYN830577134097,Abdullah Mohamed,YES
CUST100754,Dina Mansour,SYN414607250306,Dina Mansour,YES
CUST100755,Nour Mahmoud,SYN620748367131,Nour Mahmoud,YES
CUST100756,Khaled Mohamed,SYN226924569955,Khaled Mohamed,YES
CUST100757,Mariam Mansour,SYN975111623140,Mariam Mansour,YES
CUST100758,Mahmoud Salem,SYN912603418867,Mahmoud Salem,YES
CUST100759,Khaled Salem,SYN929707755849,Khaled Salem,YES
CUST100760,Omar Mohamed,SYN398946742933,Omar Mohamed,YES
CUST100761,Dina Abdallah,SYN252221236644,Dina Abdallah,YES
CUST100762,Abdullah Ahmed,SYN290594947119,Abdullah Ahmed,YES
CUST100763,Abdullah Mansour,SYN181001251940,Abdullah Mansour,YES
CUST100764,Mariam Salem,SYN208099567091,Mariam Salem,YES
CUST100765,Yasmine Mourad,SYN164174080766,Yasmine Mourad,YES
CUST100766,Karim Ibrahim,SYN990840762284,Karim Ibrahim,YES
CUST100767,Mona Ibrahim,SYN166651915032,Mona Ibrahim,YES
CUST100768,Mahmoud Ali,SYN219287872856,Mahmoud Ali,YES
CUST100769,Mariam Hassan,SYN844529136031,Mariam Hassan,YES
CUST100770,Mostafa Mohamed,SYN622216195068,Mostafa Mohamed,YES
CUST100771,Abdelrahman Mohamed,SYN796975484112,Abdelrahman Mohamed,YES
CUST100772,Mohamed Mohamed,SYN667820806995,Mohamed Mohamed,YES
CUST100773,Khaled Mohamed,SYN893957563296,Khaled Mohamed,YES
CUST100774,Aya Omar,SYN674620774988,Aya Omar,YES
CUST100775,Abdelrahman Ali,SYN569912583612,Abdelrahman Ali,YES
CUST100776,Nour Mahmoud,SYN741474724385,Nour Mahmoud,YES
CUST100777,Mahmoud Hassan,SYN502653476612,Mahmoud Hassan,YES
CUST100778,Ali Mahmoud,SYN411457440614,Ali Mahmoud,YES
CUST100779,Esraa Fouad,SYN520887207205,Esraa Fouad,YES
CUST100780,Esraa Ahmed,SYN252742694588,Esraa Ahmed,YES
CUST100781,Karim Mohamed,SYN816914556822,Karim Mohamed,YES
CUST100782,Mahmoud Ahmed,SYN334633403202,Mahmoud Ahmed,YES
CUST100783,Mahmoud Mourad,SYN238178391703,Mahmoud Mourad,YES
CUST100784,Mona Fouad,SYN321717017604,Mona Fouad,YES
CUST100785,Dina Hussein,SYN857863136595,Dina Hussein,YES
CUST100786,Mohamed Hassan,SYN397181166037,Mohamed Hassan,YES
CUST100787,Mostafa Ali,SYN717444882555,Mostafa Ali,YES
CUST100788,Heba Ibrahim,SYN870768667590,Heba Ibrahim,YES
CUST100789,Mohamed Omar,SYN169970200232,Mohamed Omar,YES
CUST100790,Ahmed Salem,SYN788521964660,Ahmed Salem,YES
CUST100791,Mona Kamal,SYN376898919741,Mona Kamal,YES
CUST100792,Khaled Mohamed,SYN294960127765,Khaled Mohamed,YES
CUST100793,Aya Mahmoud,SYN720011307207,Aya Mahmoud,YES
CUST100794,Nour Ibrahim,SYN918816960459,Nour Ibrahim,YES
CUST100795,Ali Hussein,SYN365517287841,Ali Hussein,YES
CUST100796,Abdelrahman Mourad,SYN611950424845,Abdelrahman Mourad,YES
CUST100797,Mona Hassan,SYN360850702464,Mona Hassan,YES
CUST100798,Sara Ibrahim,SYN598857027153,Sara Ibrahim,YES
CUST100799,Nour Ibrahim,SYN659675827588,Nour Ibrahim,YES
CUST100800,Mohamed Ahmed,SYN649301849911,Mohamed Ahmed,YES
CUST100801,Sara Ibrahim,SYN661191732678,Sara Ibrahim,YES
CUST100802,Heba Abdallah,SYN221571812995,Heba Abdallah,YES
CUST100803,Abdullah Hussein,SYN724186422628,Abdullah Hussein,YES
CUST100804,Khaled Ali,SYN707275320742,Khaled Ali,YES
CUST100805,Yasmine Ahmed,SYN714329309995,Yasmine Ahmed,YES
CUST100806,Heba Ahmed,SYN166663497464,Heba Ahmed,YES
CUST100807,Mahmoud Ibrahim,SYN502154958172,Mahmoud Ibrahim,YES
CUST100808,Mariam Ali,SYN468131618841,Mariam Ali,YES
CUST100809,Abdelrahman Mourad,SYN178040335278,Abdelrahman Mourad,YES
CUST100810,Mohamed Hussein,SYN300131135107,Mohamed Hussein,YES
CUST100811,Esraa Mansour,SYN496866368618,Esraa Mansour,YES
CUST100812,Mostafa Fouad,SYN768615678872,Mostafa Fouad,YES
CUST100813,Ali Ibrahim,SYN313355869286,Ali Ibrahim,YES
CUST100814,Yasmine Kamal,SYN846774919112,Yasmine Kamal,YES
CUST100815,Aya Ali,SYN591218457165,Aya Ali,YES
CUST100816,Mohamed Hussein,SYN784379516666,Mohamed Hussein,YES
CUST100817,Mahmoud Hussein,SYN525300385003,Mahmoud Hussein,YES
CUST100818,Mostafa Hassan,SYN549274802880,Mostafa Hassan,YES
CUST100819,Abdelrahman Mahmoud,SYN657747450441,Abdelrahman Mahmoud,YES
CUST100820,Mohamed Mahmoud,SYN935173547349,Mohamed Mahmoud,YES
CUST100821,Mostafa Omar,SYN542631323271,Mostefa Omar,YES
CUST100822,Mahmoud Mahmoud,SYN575791784297,Mahmoud Mahmoud,YES
CUST100823,Mostafa Kamal,SYN641797267174,Mostafa Kamal,YES
CUST100824,Karim Omar,SYN763763623567,Karim Omar,YES
CUST100825,Ahmed Kamal,SYN164665301937,Ahmed Kamal,YES
CUST100826,Mostafa Ali,SYN564118694669,Mostafa Ali,YES
CUST100827,Esraa Mourad,SYN533432430285,Esraa Mourad,YES
CUST100828,Esraa Mansour,SYN929516485813,Esraa Mansour,YES
CUST100829,Mohamed Mourad,SYN544155922392,Mohamed Mourad,YES
CUST100830,Youssef Mohamed,SYN521488481224,Youssef Mohamed,YES
CUST100831,Youssef Mourad,SYN965979989681,Youssef Mourad,YES
CUST100832,Mona Salem,SYN505518817240,Mona Salem,YES
CUST100833,Mahmoud Ali,SYN262795987289,Mahmoud Ali,YES
CUST100834,Esraa Abdallah,SYN295224510525,Esraa Abdallah,YES
CUST100835,Yasmine Hassan,SYN185668784503,Yasmine Hassan,YES
CUST100836,Aya Mourad,SYN100511316333,Aya Mourad,YES
CUST100837,Omar Mahmoud,SYN488751094900,Omar Mahmoud,YES
CUST100838,Mohamed Hussein,SYN792318323168,Mohamed Hussein,YES
CUST100839,Abdullah Salem,SYN760119798519,Abdullah Salem,YES
CUST100840,Ali Abdallah,SYN128934179022,Ali Abdallah,YES
CUST100841,Mostafa Ali,SYN612984613234,Mostafa Ali,YES
CUST100842,Abdullah Youssef,SYN238854812872,Abdullah Youssef,YES
CUST100843,Mohamed Youssef,SYN946968656288,Mohamed Youssef,YES
CUST100844,Mohamed Omar,SYN250628499679,Mohamed Omar,YES
CUST100845,Mohamed Mansour,SYN663975295927,Mohamed Mansour,YES
CUST100846,Omar Abdallah,SYN393614525947,Omar Abdallah,YES
CUST100847,Ahmed Salem,SYN677405193367,Ahmed Salem,YES
CUST100848,Aya Ibrahim,SYN471032736817,Aya Ibrahim,YES
CUST100849,Karim Hassan,SYN783678747075,Karim Hassan,YES
CUST100850,Abdelrahman Ali,SYN307611212795,Abdelrahman Ali,YES
CUST100851,Aya Hussein,SYN915212667622,Aya Hussein,YES
CUST100852,Abdelrahman Abdallah,SYN550188684382,Abdelrahman Abdallah,YES
CUST100853,Youssef Hassan,SYN780483832941,Youssef Hassan,YES
CUST100854,Ali Ali,SYN864757172261,Ali Ali,YES
CUST100855,Aya Youssef,SYN998945749859,Aya Youssef,YES
CUST100856,Youssef Mohamed,SYN301551099034,Youssef Mohamed,YES
CUST100857,Ahmed Salem,SYN358203172207,Ahmed Salem,YES
CUST100858,Mostafa Ibrahim,SYN325389778058,Mostafa Ibrahim,YES
CUST100859,Aya Omar,SYN336584198943,Aya Omar,YES
CUST100860,Abdelrahman Omar,SYN624200267385,Abdelrahman Omar,YES
CUST100861,Abdullah Mahmoud,SYN994170270831,Abdullah Mahmoud,YES
CUST100862,Mahmoud Youssef,SYN991250278383,Mahmoud Youssef,YES
CUST100863,Yasmine Mohamed,SYN574095908226,Yasmine Mohamed,YES
CUST100864,Aya Youssef,SYN675124489238,Aya Youssef,YES
CUST100865,Mostafa Abdallah,SYN873973489331,Mostafa Abdallah,YES
CUST100866,Aya Ali,SYN939640112608,Aya Ali,YES
CUST100867,Aya Omar,SYN283474564596,Aya Omar,YES
CUST100868,Nour Ahmed,SYN575687556048,Nour Ahmed,YES
CUST100869,Mohamed Omar,SYN849553349195,Mohamed Omar,YES
CUST100870,Mona Ahmed,SYN372881868971,Mona Ahmed,YES
CUST100871,Youssef Hussein,SYN495828138232,Youssef Hussein,YES
CUST100872,Mahmoud Mansour,SYN987058991360,Mahmoud Mansour,YES
CUST100873,Mahmoud Mourad,SYN986542027048,Mahmoud Mourad,YES
CUST100874,Mostafa Abdallah,SYN915496129688,Mostafa Abdallah,YES
CUST100875,Heba Ali,SYN818603510345,Heba Ali,YES
CUST100876,Heba Hussein,SYN342217450650,Heba Hussein,YES
CUST100877,Khaled Kamal,SYN388765066660,Khaled Kamal,YES
CUST100878,Heba Fouad,SYN592554557084,Heba Fouad,YES
CUST100879,Karim Ali,SYN604699637105,Karim Ali,YES
CUST100880,Ahmed Mohamed,SYN554952537421,Ahmed Mohamed,YES
CUST100881,Esraa Hussein,SYN673003251924,Esraa Hussein,YES
CUST100882,Nour Hassan,SYN467490720369,Nour Hassan,YES
CUST100883,Omar Youssef,SYN774256741583,Omar Youssef,YES
CUST100884,Aya Mansour,SYN400194933830,Aya Mansour,YES
CUST100885,Khaled Hassan,SYN397609297251,Khaled Hassan,YES
CUST100886,Ahmed Mansour,SYN214503365702,Ahmed Mansour,YES
CUST100887,Omar Abdallah,SYN269840989026,Omar Abdallah,YES
CUST100888,Mohamed Ahmed,SYN865468791029,Mohamed Ahmed,YES
CUST100889,Ali Abdallah,SYN501654104722,Ali Abdallah,YES
CUST100890,Ahmed Hassan,SYN305081007897,Ahmed Hassan,YES
CUST100891,Khaled Hussein,SYN783406990020,Khaled Hussein,YES
CUST100892,Heba Kamal,SYN598583013235,Heba Kamal,YES
CUST100893,Abdelrahman Fouad,SYN119040410280,Abdelrahman Fouad,YES
CUST100894,Khaled Hassan,SYN384725311603,Khaled Hassan,YES
CUST100895,Karim Youssef,SYN259301270009,Karim Youssef,YES
CUST100896,Heba Salem,SYN690285574884,Heba Salem,YES
CUST100897,Ahmed Kamal,SYN347527936567,Ahmed Kamal,YES
CUST100898,Ahmed Omar,SYN158452101288,Ahmed Omar,YES
CUST100899,Karim Mohamed,SYN149441490277,Karim Mohamed,YES
CUST100900,Mohamed Salem,SYN623554568162,Mohamed Salem,YES
CUST100901,Mohamed Ibrahim,SYN119551110133,Mohamed Ibrahim,YES
CUST100902,Youssef Fouad,SYN863912901822,Youssef Fouad,YES
CUST100903,Esraa Hussein,SYN239857407331,Esraa Hussein,YES
CUST100904,Mona Mahmoud,SYN645909701675,Mona Mahmoud,YES
CUST100905,Khaled Hussein,SYN500219225209,Khaled Hussein,YES
CUST100906,Nour Mahmoud,SYN498566369108,Nour Mahmoud,YES
CUST100907,Omar Hassan,SYN164617428124,Omar Hassan,YES
CUST100908,Mariam Ahmed,SYN822477025190,Mariam Ahmed,YES
CUST100909,Ahmed Mourad,SYN903747236277,Ahmed Mourad,YES
CUST100910,Yasmine Ali,SYN109915000645,Yasmine Ali,YES
CUST100911,Omar Kamal,SYN260743758127,Omar Kamal,YES
CUST100912,Mariam Ahmed,SYN913513769915,Mariam Ahmed,YES
CUST100913,Abdelrahman Omar,SYN594544251520,Abdelrahman Omar,YES
CUST100914,Dina Mahmoud,SYN235035620423,Dina Mahmoud,YES
CUST100915,Mona Ibrahim,SYN282511407348,Mona Ibrahim,YES
CUST100916,Heba Mahmoud,SYN693987619813,Heba Mahmoud,YES
CUST100917,Yasmine Ibrahim,SYN752335140022,Yasmine Ibrahim,YES
CUST100918,Ali Abdallah,SYN639484127721,Ali Abdallah,YES
CUST100919,Karim Ibrahim,SYN957833541921,Karim Ibrahim,YES
CUST100920,Esraa Mohamed,SYN544657243295,Esraa Mohamed,YES
CUST100921,Dina Salem,SYN370244720928,Dina Salem,YES
CUST100922,Nour Youssef,SYN529509618978,Nour Youssef,YES
CUST100923,Mahmoud Abdallah,SYN423699664299,Mahmoud Abdallah,YES
CUST100924,Youssef Mohamed,SYN301974303407,Youssef Mohamed,YES
CUST100925,Abdullah Ali,SYN141366924406,Abdullah Ali,YES
CUST100926,Heba Mohamed,SYN416991244208,Heba Mohamed,YES
CUST100927,Sara Ali,SYN740268412938,Sara Ali,YES
CUST100928,Nour Hassan,SYN116594022587,Nour Hassan,YES
CUST100929,Dina Mourad,SYN495260661885,Dina Mourad,YES
CUST100930,Heba Ali,SYN679608461304,Heba Ali,YES
CUST100931,Mostafa Ibrahim,SYN649363698256,Mostafa Ibrahim,YES
CUST100932,Ali Youssef,SYN798983592299,Ali Youssef,YES
CUST100933,Karim Mourad,SYN829467744093,Karim Mourad,YES
CUST100934,Nour Hassan,SYN740535238827,Nour Hassan,YES
CUST100935,Abdullah Hassan,SYN192517926530,Abdullah Hassan,YES
CUST100936,Omar Mohamed,SYN527520199603,Omar Mohamed,YES
CUST100937,Mahmoud Salem,SYN643065361738,Mahmoud Salem,YES
CUST100938,Mona Mourad,SYN321009434928,Mona Mourad,YES
CUST100939,Heba Hussein,SYN138296635882,Heba Hussein,YES
CUST100940,Mostafa Hassan,SYN301231288788,Mostafa Hassan,YES
CUST100941,Nour Hussein,SYN509404961559,Nour Hussein,YES
CUST100942,Abdullah Kamal,SYN472537287149,Abdullah Kamal,YES
CUST100943,Mona Ahmed,SYN259000283194,Mona Ahmed,YES
CUST100944,Mahmoud Mohamed,SYN841973988415,Mahmoud Mohamed,YES
CUST100945,Mahmoud Ali,SYN933118001863,Mahmoud Ali,YES
CUST100946,Abdelrahman Hassan,SYN281213487147,Abdelrahman Hassan,YES
CUST100947,Mahmoud Kamal,SYN936615624010,Mahmoud Kamal,YES
CUST100948,Abdullah Ahmed,SYN116074863257,Abdullah Ahmed,YES
CUST100949,Ali Mahmoud,SYN932466225436,Ali Mahmoud,YES
CUST100950,Ahmed Kamal,SYN956735911072,Ahmed Kamal,YES
CUST100951,Sara Mansour,SYN110846676714,Sara Mansour,YES
CUST100952,Karim Ali,SYN786717367099,Karim Ali,YES
CUST100953,Nour Abdallah,SYN973181415312,Nour Abdallah,YES
CUST100954,Yasmine Mourad,SYN915311996936,Yasmine Mourad,YES
CUST100955,Karim Abdallah,SYN973639145076,Karim Abdallah,YES
CUST100956,Nour Ibrahim,SYN595291155127,Nour Ibrahim,YES
CUST100957,Karim Ibrahim,SYN170340525896,Karim Ibrahim,YES
CUST100958,Abdelrahman Mansour,SYN864810278024,Abdelrahman Mansour,YES
CUST100959,Nour Hassan,SYN652445430228,Nour Hassan,YES
CUST100960,Omar Youssef,SYN653263069769,Omar Youssef,YES
CUST100961,Nour Mourad,SYN475528248872,Nour Mourad,YES
CUST100962,Aya Hassan,SYN614657778868,Aya Hassan,YES
CUST100963,Youssef Youssef,SYN238221801177,Youssef Youssef,YES
CUST100964,Abdullah Youssef,SYN765793023909,Abdullah Youssef,YES
CUST100965,Dina Omar,SYN167515576616,Dina Omar,YES
CUST100966,Karim Mohamed,SYN756802690339,Karim Mohamed,YES
CUST100967,Sara Ibrahim,SYN864080580362,Sara Ibrahim,YES
CUST100968,Abdullah Youssef,SYN525221809808,Abdullah Youssef,YES
CUST100969,Mohamed Hassan,SYN558847329451,Mohamed Hassan,YES
CUST100970,Ali Youssef,SYN380992845629,Ali Youssef,YES
CUST100971,Nour Kamal,SYN972512725353,Nour Kamal,YES
CUST100972,Mona Fouad,SYN759812027103,Mona Fouad,YES
CUST100973,Mona Mohamed,SYN432089697970,Mona Mohamed,YES
CUST100974,Mahmoud Salem,SYN257326647609,Mahmoud Salem,YES
CUST100975,Youssef Ahmed,SYN297621632981,Youssef Ahmed,YES
CUST100976,Ahmed Kamal,SYN517530057499,Ahmed Kamal,YES
CUST100977,Dina Mohamed,SYN948311560282,Dina Mohamed,YES
CUST100978,Mariam Ahmed,SYN760731711184,Mariam Ahmed,YES
CUST100979,Dina Omar,SYN293719373361,Dina Omar,YES
CUST100980,Dina Mansour,SYN873605020077,Dina Mansour,YES
CUST100981,Khaled Mansour,SYN440380470708,Khaled Mansour,YES
CUST100982,Heba Ahmed,SYN866549964477,Heba Ahmed,YES
CUST100983,Karim Omar,SYN317529638183,Karim Omar,YES
CUST100984,Dina Mansour,SYN656794550742,Dina Mansour,YES
CUST100985,Mostafa Omar,SYN934003439273,Mostafa Omar,YES
CUST100986,Karim Youssef,SYN332104608233,Karim Youssef,YES
CUST100987,Sara Hussein,SYN723633931527,Sara Hussein,YES
CUST100988,Youssef Hussein,SYN988581357961,Youssef Hussein,YES
CUST100989,Yasmine Kamal,SYN235538458518,Yasmine Kamal,YES
CUST100990,Sara Ibrahim,SYN179562061630,Sara Ibrahim,YES
CUST100991,Heba Abdallah,SYN706775673200,Heba Abdallah,YES
CUST100992,Omar Mahmoud,SYN405762352974,Omar Mahmoud,YES
CUST100993,Nour Mansour,SYN164120029629,Nour Mansour,YES
CUST100994,Heba Omar,SYN527775056095,Heba Omar,YES
CUST100995,Karim Ahmed,SYN778393611679,Karim Ahmed,YES
CUST100996,Heba Salem,SYN356610160373,Heba Salem,YES
CUST100997,Mariam Mourad,SYN401542189754,Mariam Mourad,YES
CUST100998,Abdelrahman Mahmoud,SYN861129460582,Abdelrahman Mahmoud,YES
CUST100999,Heba Mahmoud,SYN568064721035,Heba Mahmoud,YES
CUST100055,Mohamed Mourad,SYN707262892614,Mohamed Mourad Duplicate,YES
CUST100055,Mohamed Mourad,SYN707262892614,Mohamed Mourad Duplicate,YES
CUST100300,Mariam Omar,SYN293085075304,Mariam Omar Duplicate,YES
