customer_id,screening_status,screening_date,screening_reference,screening_evidence_present
CUST100000,CLEAR,2026-08-01,SCR-CUST100000,True
CUST100001,CLEAR,2026-08-01,SCR-CUST100001,True
CUST100002,CLEAR,2026-08-01,SCR-CUST100002,True
CUST100003,CLEAR,2026-08-01,SCR-CUST100003,True
CUST100004,CLEAR,2026-08-01,SCR-CUST100004,True
CUST100005,HIGH_RISK,2026-08-01,SCR-CUST100005,True
CUST100006,CLEAR,2026-08-01,SCR-CUST100006,True
CUST100007,CLEAR,2026-08-01,SCR-CUST100007,True
CUST100008,CLEAR,2026-08-01,SCR-CUST100008,True
CUST100009,CLEAR,2026-08-01,SCR-CUST100009,True
CUST100010,CLEAR,2026-08-01,SCR-CUST100010,True
CUST100011,HIGH_RISK,2026-08-01,SCR-CUST100011,True
CUST100012,CLEAR,2026-08-01,SCR-CUST100012,True
CUST100013,CLEAR,2026-08-01,SCR-CUST100013,True
CUST100014,CLEAR,2026-08-01,SCR-CUST100014,True
CUST100015,CLEAR,2026-08-01,SCR-CUST100015,True
CUST100016,NO_MATCH,2026-08-01,SCR-CUST100016,True
CUST100017,CLEAR,2026-08-01,SCR-CUST100017,True
CUST100018,CLEAR,2026-08-01,SCR-CUST100018,True
CUST100019,CLEAR,2026-08-01,SCR-CUST100019,True
CUST100020,CLEAR,2026-08-01,SCR-CUST100020,True
CUST100021,CLEAR,2026-08-01,SCR-CUST100021,True
CUST100022,CLEAR,2026-08-01,SCR-CUST100022,True
CUST100023,CLEAR,2026-08-01,SCR-CUST100023,True
CUST100024,CLEAR,2026-08-01,SCR-CUST100024,True
CUST100025,CLEAR,2026-08-01,SCR-CUST100025,True
CUST100026,CLEAR,2026-08-01,SCR-CUST100026,True
CUST100027,PENDING,2026-08-01,SCR-CUST100027,True
CUST100028,CLEAR,2026-08-01,SCR-CUST100028,True
CUST100029,CLEAR,2026-08-01,SCR-CUST100029,True
CUST100030,CLEAR,2026-08-01,SCR-CUST100030,True
CUST100031,CLEAR,2026-08-01,SCR-CUST100031,True
CUST100032,CLEAR,2026-08-01,SCR-CUST100032,True
CUST100033,CLEAR,2026-08-01,SCR-CUST100033,True
CUST100034,NO_MATCH,2026-08-01,SCR-CUST100034,True
CUST100035,CLEAR,2026-08-01,SCR-CUST100035,True
CUST100036,CLEAR,2026-08-01,SCR-CUST100036,True
CUST100037,CLEAR,2026-08-01,SCR-CUST100037,True
CUST100038,CLEAR,2026-08-01,SCR-CUST100038,True
CUST100039,CLEAR,2026-08-01,SCR-CUST100039,True
CUST100040,CLEAR,2026-08-01,SCR-CUST100040,True
CUST100041,NO_MATCH,2026-08-01,SCR-CUST100041,True
CUST100042,CLEAR,2026-08-01,SCR-CUST100042,True
CUST100043,CLEAR,2026-08-01,SCR-CUST100043,True
CUST100044,HIGH_RISK,2026-08-01,SCR-CUST100044,True
CUST100045,NO_MATCH,2026-08-01,SCR-CUST100045,True
CUST100046,CLEAR,2026-08-01,SCR-CUST100046,True
CUST100047,CLEAR,2026-08-01,SCR-CUST100047,True
CUST100048,NO_MATCH,2026-08-01,SCR-CUST100048,True
CUST100049,CLEAR,2026-08-01,SCR-CUST100049,True
CUST100050,HIGH_RISK,2026-08-01,SCR-CUST100050,True
CUST100051,CLEAR,2026-08-01,SCR-CUST100051,True
CUST100052,CLEAR,2026-08-01,SCR-CUST100052,True
CUST100053,CLEAR,2026-08-01,SCR-CUST100053,True
CUST100054,CLEAR,2026-08-01,SCR-CUST100054,True
CUST100055,CLEAR,2026-08-01,SCR-CUST100055,True
CUST100056,CLEAR,2026-08-01,SCR-CUST100056,True
CUST100057,CLEAR,2026-08-01,SCR-CUST100057,True
CUST100058,CLEAR,2026-08-01,SCR-CUST100058,True
CUST100059,CLEAR,2026-08-01,SCR-CUST100059,True
CUST100060,CLEAR,2026-08-01,SCR-CUST100060,True
CUST100061,CLEAR,2026-08-01,SCR-CUST100061,True
CUST100062,CLEAR,2026-08-01,SCR-CUST100062,True
CUST100063,HIGH_RISK,2026-08-01,SCR-CUST100063,True
CUST100064,CLEAR,2026-08-01,SCR-CUST100064,True
CUST100065,CLEAR,2026-08-01,SCR-CUST100065,True
CUST100066,CLEAR,2026-08-01,SCR-CUST100066,True
CUST100067,CLEAR,2026-08-01,SCR-CUST100067,True
CUST100068,CLEAR,2026-08-01,SCR-CUST100068,True
CUST100069,CLEAR,2026-08-01,SCR-CUST100069,True
CUST100070,CLEAR,2026-08-01,SCR-CUST100070,True
CUST100071,NO_MATCH,2026-08-01,SCR-CUST100071,True
CUST100072,CLEAR,2026-08-01,SCR-CUST100072,True
CUST100073,PENDING,2026-08-01,,False
CUST100074,PENDING,2026-08-01,SCR-CUST100074,True
CUST100075,NO_MATCH,2026-08-01,SCR-CUST100075,True
CUST100076,CLEAR,2026-08-01,SCR-CUST100076,True
CUST100077,CLEAR,2026-08-01,SCR-CUST100077,True
CUST100078,CLEAR,2026-08-01,SCR-CUST100078,True
CUST100079,CLEAR,2026-08-01,SCR-CUST100079,True
CUST100080,CLEAR,2026-08-01,SCR-CUST100080,True
CUST100081,CLEAR,2026-08-01,SCR-CUST100081,True
CUST100082,CLEAR,2026-08-01,SCR-CUST100082,True
CUST100083,CLEAR,2026-08-01,SCR-CUST100083,True
CUST100084,CLEAR,2026-08-01,SCR-CUST100084,True
CUST100085,CLEAR,2026-08-01,SCR-CUST100085,True
CUST100086,CLEAR,2026-08-01,SCR-CUST100086,True
CUST100087,CLEAR,2026-08-01,SCR-CUST100087,True
CUST100088,CLEAR,2026-08-01,SCR-CUST100088,True
CUST100089,NO_MATCH,2026-08-01,SCR-CUST100089,True
CUST100090,PENDING,2026-08-01,SCR-CUST100090,True
CUST100091,NO_MATCH,2026-08-01,SCR-CUST100091,True
CUST100092,PENDING,2026-08-01,SCR-CUST100092,True
CUST100093,NO_MATCH,2026-08-01,SCR-CUST100093,True
CUST100094,CLEAR,2026-08-01,SCR-CUST100094,True
CUST100095,CLEAR,2026-08-01,SCR-CUST100095,True
CUST100096,CLEAR,2026-08-01,SCR-CUST100096,True
CUST100097,CLEAR,2026-08-01,SCR-CUST100097,True
CUST100098,CLEAR,2026-08-01,SCR-CUST100098,True
CUST100099,CLEAR,2026-08-01,SCR-CUST100099,True
CUST100100,NO_MATCH,2026-08-01,SCR-CUST100100,True
CUST100101,CLEAR,2026-08-01,SCR-CUST100101,True
CUST100102,NO_MATCH,2026-08-01,SCR-CUST100102,True
CUST100103,CLEAR,2026-08-01,SCR-CUST100103,True
CUST100104,CLEAR,2026-08-01,SCR-CUST100104,True
CUST100105,CLEAR,2026-08-01,SCR-CUST100105,True
CUST100106,CLEAR,2026-08-01,SCR-CUST100106,True
CUST100107,CLEAR,2026-08-01,SCR-CUST100107,True
CUST100108,CLEAR,2026-08-01,SCR-CUST100108,True
CUST100109,NO_MATCH,2026-08-01,SCR-CUST100109,True
CUST100110,CLEAR,2026-08-01,SCR-CUST100110,True
CUST100111,CLEAR,2026-08-01,SCR-CUST100111,True
CUST100112,CLEAR,2026-08-01,SCR-CUST100112,True
CUST100113,CLEAR,2026-08-01,SCR-CUST100113,True
CUST100114,CLEAR,2026-08-01,SCR-CUST100114,True
CUST100115,CLEAR,2026-08-01,SCR-CUST100115,True
CUST100116,CLEAR,2026-08-01,SCR-CUST100116,True
CUST100117,CLEAR,2026-08-01,SCR-CUST100117,True
CUST100118,CLEAR,2026-08-01,SCR-CUST100118,True
CUST100119,CLEAR,2026-08-01,SCR-CUST100119,True
CUST100120,CLEAR,2026-08-01,SCR-CUST100120,True
CUST100121,CLEAR,2026-08-01,SCR-CUST100121,True
CUST100122,CLEAR,2026-08-01,SCR-CUST100122,True
CUST100123,CLEAR,2026-08-01,SCR-CUST100123,True
CUST100124,CLEAR,2026-08-01,SCR-CUST100124,True
CUST100125,CLEAR,2026-08-01,SCR-CUST100125,True
CUST100126,CLEAR,2026-08-01,SCR-CUST100126,True
CUST100127,CLEAR,2026-08-01,SCR-CUST100127,True
CUST100128,CLEAR,2026-08-01,SCR-CUST100128,True
CUST100129,NO_MATCH,2026-08-01,SCR-CUST100129,True
CUST100130,CLEAR,2026-08-01,SCR-CUST100130,True
CUST100131,HIGH_RISK,2026-08-01,SCR-CUST100131,True
CUST100132,CLEAR,2026-08-01,SCR-CUST100132,True
CUST100133,CLEAR,2026-08-01,SCR-CUST100133,True
CUST100134,CLEAR,2026-08-01,SCR-CUST100134,True
CUST100135,CLEAR,2026-08-01,SCR-CUST100135,True
CUST100136,PENDING,2026-08-01,SCR-CUST100136,True
CUST100137,CLEAR,2026-08-01,SCR-CUST100137,True
CUST100138,CLEAR,2026-08-01,SCR-CUST100138,True
CUST100139,CLEAR,2026-08-01,SCR-CUST100139,True
CUST100140,CLEAR,2026-08-01,SCR-CUST100140,True
CUST100141,CLEAR,2026-08-01,SCR-CUST100141,True
CUST100142,NO_MATCH,2026-08-01,SCR-CUST100142,True
CUST100143,CLEAR,2026-08-01,SCR-CUST100143,True
CUST100144,CLEAR,2026-08-01,SCR-CUST100144,True
CUST100145,CLEAR,2026-08-01,SCR-CUST100145,True
CUST100146,CLEAR,2026-08-01,SCR-CUST100146,True
CUST100147,CLEAR,2026-08-01,SCR-CUST100147,True
CUST100148,PENDING,2026-08-01,SCR-CUST100148,True
CUST100149,CLEAR,2026-08-01,SCR-CUST100149,True
CUST100150,CLEAR,2026-08-01,SCR-CUST100150,True
CUST100151,CLEAR,2026-08-01,SCR-CUST100151,True
CUST100152,CLEAR,2026-08-01,SCR-CUST100152,True
CUST100153,CLEAR,2026-08-01,SCR-CUST100153,True
CUST100154,CLEAR,2026-08-01,SCR-CUST100154,True
CUST100155,CLEAR,2026-08-01,SCR-CUST100155,True
CUST100156,HIGH_RISK,2026-08-01,SCR-CUST100156,True
CUST100157,CLEAR,2026-08-01,SCR-CUST100157,True
CUST100158,NO_MATCH,2026-08-01,SCR-CUST100158,True
CUST100159,CLEAR,2026-08-01,SCR-CUST100159,True
CUST100160,NO_MATCH,2026-08-01,SCR-CUST100160,True
CUST100161,NO_MATCH,2026-08-01,SCR-CUST100161,True
CUST100162,CLEAR,2026-08-01,SCR-CUST100162,True
CUST100163,CLEAR,2026-08-01,SCR-CUST100163,True
CUST100164,CLEAR,2026-08-01,SCR-CUST100164,True
CUST100165,CLEAR,2026-08-01,SCR-CUST100165,True
CUST100166,CLEAR,2026-08-01,SCR-CUST100166,True
CUST100167,CLEAR,2026-08-01,SCR-CUST100167,True
CUST100168,CLEAR,2026-08-01,SCR-CUST100168,True
CUST100169,CLEAR,2026-08-01,SCR-CUST100169,True
CUST100170,NO_MATCH,2026-08-01,SCR-CUST100170,True
CUST100171,CLEAR,2026-08-01,SCR-CUST100171,True
CUST100172,CLEAR,2026-08-01,SCR-CUST100172,True
CUST100173,NO_MATCH,2026-08-01,SCR-CUST100173,True
CUST100174,CLEAR,2026-08-01,SCR-CUST100174,True
CUST100175,CLEAR,2026-08-01,SCR-CUST100175,True
CUST100176,PENDING,2026-08-01,SCR-CUST100176,True
CUST100177,CLEAR,2026-08-01,SCR-CUST100177,True
CUST100178,CLEAR,2026-08-01,SCR-CUST100178,True
CUST100179,CLEAR,2026-08-01,SCR-CUST100179,True
CUST100180,NO_MATCH,2026-08-01,SCR-CUST100180,True
CUST100181,CLEAR,2026-08-01,SCR-CUST100181,True
CUST100182,CLEAR,2026-08-01,SCR-CUST100182,True
CUST100183,CLEAR,2026-08-01,SCR-CUST100183,True
CUST100184,CLEAR,2026-08-01,SCR-CUST100184,True
CUST100185,CLEAR,2026-08-01,SCR-CUST100185,True
CUST100186,CLEAR,2026-08-01,SCR-CUST100186,True
CUST100187,PENDING,2026-08-01,SCR-CUST100187,True
CUST100188,CLEAR,2026-08-01,SCR-CUST100188,True
CUST100189,CLEAR,2026-08-01,SCR-CUST100189,True
CUST100190,CLEAR,2026-08-01,SCR-CUST100190,True
CUST100191,CLEAR,2026-08-01,SCR-CUST100191,True
CUST100192,CLEAR,2026-08-01,SCR-CUST100192,True
CUST100193,CLEAR,2026-08-01,SCR-CUST100193,True
CUST100194,CLEAR,2026-08-01,SCR-CUST100194,True
CUST100195,CLEAR,2026-08-01,SCR-CUST100195,True
CUST100196,CLEAR,2026-08-01,SCR-CUST100196,True
CUST100197,CLEAR,2026-08-01,SCR-CUST100197,True
CUST100198,PENDING,2026-08-01,,False
CUST100199,NO_MATCH,2026-08-01,SCR-CUST100199,True
CUST100200,CLEAR,2026-08-01,SCR-CUST100200,True
CUST100201,NO_MATCH,2026-08-01,SCR-CUST100201,True
CUST100202,NO_MATCH,2026-08-01,SCR-CUST100202,True
CUST100203,CLEAR,2026-08-01,SCR-CUST100203,True
CUST100204,NO_MATCH,2026-08-01,SCR-CUST100204,True
CUST100205,CLEAR,2026-08-01,SCR-CUST100205,True
CUST100206,CLEAR,2026-08-01,SCR-CUST100206,True
CUST100207,CLEAR,2026-08-01,SCR-CUST100207,True
CUST100208,CLEAR,2026-08-01,SCR-CUST100208,True
CUST100209,CLEAR,2026-08-01,SCR-CUST100209,True
CUST100210,CLEAR,2026-08-01,SCR-CUST100210,True
CUST100211,CLEAR,2026-08-01,SCR-CUST100211,True
CUST100212,CLEAR,2026-08-01,SCR-CUST100212,True
CUST100213,CLEAR,2026-08-01,SCR-CUST100213,True
CUST100214,CLEAR,2026-08-01,SCR-CUST100214,True
CUST100215,CLEAR,2026-08-01,SCR-CUST100215,True
CUST100216,CLEAR,2026-08-01,SCR-CUST100216,True
CUST100217,CLEAR,2026-08-01,SCR-CUST100217,True
CUST100218,CLEAR,2026-08-01,SCR-CUST100218,True
CUST100219,CLEAR,2026-08-01,SCR-CUST100219,True
CUST100220,CLEAR,2026-08-01,SCR-CUST100220,True
CUST100221,CLEAR,2026-08-01,SCR-CUST100221,True
CUST100222,CLEAR,2026-08-01,SCR-CUST100222,True
CUST100223,CLEAR,2026-08-01,SCR-CUST100223,True
CUST100224,CLEAR,2026-08-01,SCR-CUST100224,True
CUST100225,CLEAR,2026-08-01,SCR-CUST100225,True
CUST100226,CLEAR,2026-08-01,SCR-CUST100226,True
CUST100227,CLEAR,2026-08-01,SCR-CUST100227,True
CUST100228,CLEAR,2026-08-01,SCR-CUST100228,True
CUST100229,CLEAR,2026-08-01,SCR-CUST100229,True
CUST100230,CLEAR,2026-08-01,SCR-CUST100230,True
CUST100231,CLEAR,2026-08-01,SCR-CUST100231,True
CUST100232,CLEAR,2026-08-01,SCR-CUST100232,True
CUST100233,CLEAR,2026-08-01,SCR-CUST100233,True
CUST100234,CLEAR,2026-08-01,SCR-CUST100234,True
CUST100235,CLEAR,2026-08-01,SCR-CUST100235,True
CUST100236,NO_MATCH,2026-08-01,SCR-CUST100236,True
CUST100237,CLEAR,2026-08-01,SCR-CUST100237,True
CUST100238,CLEAR,2026-08-01,SCR-CUST100238,True
CUST100239,CLEAR,2026-08-01,SCR-CUST100239,True
CUST100240,HIGH_RISK,2026-08-01,SCR-CUST100240,True
CUST100241,CLEAR,2026-08-01,SCR-CUST100241,True
CUST100242,NO_MATCH,2026-08-01,SCR-CUST100242,True
CUST100243,CLEAR,2026-08-01,SCR-CUST100243,True
CUST100244,CLEAR,2026-08-01,SCR-CUST100244,True
CUST100245,CLEAR,2026-08-01,SCR-CUST100245,True
CUST100246,CLEAR,2026-08-01,SCR-CUST100246,True
CUST100247,CLEAR,2026-08-01,SCR-CUST100247,True
CUST100248,PENDING,2026-08-01,SCR-CUST100248,True
CUST100249,CLEAR,2026-08-01,SCR-CUST100249,True
CUST100250,NO_MATCH,2026-08-01,SCR-CUST100250,True
CUST100251,CLEAR,2026-08-01,SCR-CUST100251,True
CUST100252,CLEAR,2026-08-01,SCR-CUST100252,True
CUST100253,CLEAR,2026-08-01,SCR-CUST100253,True
CUST100254,CLEAR,2026-08-01,SCR-CUST100254,True
CUST100255,CLEAR,2026-08-01,SCR-CUST100255,True
CUST100256,CLEAR,2026-08-01,SCR-CUST100256,True
CUST100257,CLEAR,2026-08-01,SCR-CUST100257,True
CUST100258,CLEAR,2026-08-01,SCR-CUST100258,True
CUST100259,CLEAR,2026-08-01,SCR-CUST100259,True
CUST100260,CLEAR,2026-08-01,SCR-CUST100260,True
CUST100261,CLEAR,2026-08-01,SCR-CUST100261,True
CUST100262,CLEAR,2026-08-01,SCR-CUST100262,True
CUST100263,CLEAR,2026-08-01,SCR-CUST100263,True
CUST100264,CLEAR,2026-08-01,SCR-CUST100264,True
CUST100265,CLEAR,2026-08-01,SCR-CUST100265,True
CUST100266,CLEAR,2026-08-01,SCR-CUST100266,True
CUST100267,CLEAR,2026-08-01,SCR-CUST100267,True
CUST100268,NO_MATCH,2026-08-01,SCR-CUST100268,True
CUST100269,CLEAR,2026-08-01,SCR-CUST100269,True
CUST100270,NO_MATCH,2026-08-01,SCR-CUST100270,True
CUST100271,HIGH_RISK,2026-08-01,SCR-CUST100271,True
CUST100272,CLEAR,2026-08-01,SCR-CUST100272,True
CUST100273,CLEAR,2026-08-01,SCR-CUST100273,True
CUST100274,CLEAR,2026-08-01,SCR-CUST100274,True
CUST100275,CLEAR,2026-08-01,SCR-CUST100275,True
CUST100276,CLEAR,2026-08-01,SCR-CUST100276,True
CUST100277,CLEAR,2026-08-01,SCR-CUST100277,True
CUST100278,CLEAR,2026-08-01,SCR-CUST100278,True
CUST100279,CLEAR,2026-08-01,SCR-CUST100279,True
CUST100280,CLEAR,2026-08-01,SCR-CUST100280,True
CUST100281,CLEAR,2026-08-01,SCR-CUST100281,True
CUST100282,CLEAR,2026-08-01,SCR-CUST100282,True
CUST100283,CLEAR,2026-08-01,SCR-CUST100283,True
CUST100284,CLEAR,2026-08-01,SCR-CUST100284,True
CUST100285,CLEAR,2026-08-01,SCR-CUST100285,True
CUST100286,CLEAR,2026-08-01,SCR-CUST100286,True
CUST100287,CLEAR,2026-08-01,SCR-CUST100287,True
CUST100288,CLEAR,2026-08-01,SCR-CUST100288,True
CUST100289,CLEAR,2026-08-01,SCR-CUST100289,True
CUST100290,CLEAR,2026-08-01,SCR-CUST100290,True
CUST100291,CLEAR,2026-08-01,SCR-CUST100291,True
CUST100292,CLEAR,2026-08-01,SCR-CUST100292,True
CUST100293,CLEAR,2026-08-01,SCR-CUST100293,True
CUST100294,CLEAR,2026-08-01,SCR-CUST100294,True
CUST100295,NO_MATCH,2026-08-01,SCR-CUST100295,True
CUST100296,CLEAR,2026-08-01,SCR-CUST100296,True
CUST100297,CLEAR,2026-08-01,SCR-CUST100297,True
CUST100298,CLEAR,2026-08-01,SCR-CUST100298,True
CUST100299,CLEAR,2026-08-01,SCR-CUST100299,True
CUST100300,NO_MATCH,2026-08-01,SCR-CUST100300,True
CUST100301,CLEAR,2026-08-01,SCR-CUST100301,True
CUST100302,CLEAR,2026-08-01,SCR-CUST100302,True
CUST100303,NO_MATCH,2026-08-01,SCR-CUST100303,True
CUST100304,CLEAR,2026-08-01,SCR-CUST100304,True
CUST100305,CLEAR,2026-08-01,SCR-CUST100305,True
CUST100306,CLEAR,2026-08-01,SCR-CUST100306,True
CUST100307,CLEAR,2026-08-01,SCR-CUST100307,True
CUST100308,CLEAR,2026-08-01,SCR-CUST100308,True
CUST100309,CLEAR,2026-08-01,SCR-CUST100309,True
CUST100310,NO_MATCH,2026-08-01,SCR-CUST100310,True
CUST100311,NO_MATCH,2026-08-01,SCR-CUST100311,True
CUST100312,CLEAR,2026-08-01,SCR-CUST100312,True
CUST100313,CLEAR,2026-08-01,SCR-CUST100313,True
CUST100314,CLEAR,2026-08-01,SCR-CUST100314,True
CUST100315,CLEAR,2026-08-01,SCR-CUST100315,True
CUST100316,CLEAR,2026-08-01,SCR-CUST100316,True
CUST100317,CLEAR,2026-08-01,SCR-CUST100317,True
CUST100318,CLEAR,2026-08-01,SCR-CUST100318,True
CUST100319,CLEAR,2026-08-01,SCR-CUST100319,True
CUST100320,CLEAR,2026-08-01,SCR-CUST100320,True
CUST100321,CLEAR,2026-08-01,SCR-CUST100321,True
CUST100322,CLEAR,2026-08-01,SCR-CUST100322,True
CUST100323,CLEAR,2026-08-01,SCR-CUST100323,True
CUST100324,CLEAR,2026-08-01,SCR-CUST100324,True
CUST100325,PENDING,2026-08-01,SCR-CUST100325,True
CUST100326,CLEAR,2026-08-01,SCR-CUST100326,True
CUST100327,PENDING,2026-08-01,SCR-CUST100327,True
CUST100328,CLEAR,2026-08-01,SCR-CUST100328,True
CUST100329,CLEAR,2026-08-01,SCR-CUST100329,True
CUST100330,NO_MATCH,2026-08-01,SCR-CUST100330,True
CUST100331,CLEAR,2026-08-01,SCR-CUST100331,True
CUST100332,CLEAR,2026-08-01,SCR-CUST100332,True
CUST100333,CLEAR,2026-08-01,SCR-CUST100333,True
CUST100334,CLEAR,2026-08-01,SCR-CUST100334,True
CUST100335,CLEAR,2026-08-01,SCR-CUST100335,True
CUST100336,CLEAR,2026-08-01,SCR-CUST100336,True
CUST100337,HIGH_RISK,2026-08-01,SCR-CUST100337,True
CUST100338,CLEAR,2026-08-01,SCR-CUST100338,True
CUST100339,CLEAR,2026-08-01,SCR-CUST100339,True
CUST100340,CLEAR,2026-08-01,SCR-CUST100340,True
CUST100341,CLEAR,2026-08-01,SCR-CUST100341,True
CUST100342,CLEAR,2026-08-01,SCR-CUST100342,True
CUST100343,CLEAR,2026-08-01,SCR-CUST100343,True
CUST100344,CLEAR,2026-08-01,SCR-CUST100344,True
CUST100345,CLEAR,2026-08-01,SCR-CUST100345,True
CUST100346,CLEAR,2026-08-01,SCR-CUST100346,True
CUST100347,CLEAR,2026-08-01,SCR-CUST100347,True
CUST100348,CLEAR,2026-08-01,SCR-CUST100348,True
CUST100349,CLEAR,2026-08-01,SCR-CUST100349,True
CUST100350,CLEAR,2026-08-01,SCR-CUST100350,True
CUST100351,CLEAR,2026-08-01,SCR-CUST100351,True
CUST100352,CLEAR,2026-08-01,SCR-CUST100352,True
CUST100353,CLEAR,2026-08-01,SCR-CUST100353,True
CUST100354,CLEAR,2026-08-01,SCR-CUST100354,True
CUST100355,CLEAR,2026-08-01,SCR-CUST100355,True
CUST100356,CLEAR,2026-08-01,SCR-CUST100356,True
CUST100357,CLEAR,2026-08-01,SCR-CUST100357,True
CUST100358,CLEAR,2026-08-01,SCR-CUST100358,True
CUST100359,CLEAR,2026-08-01,SCR-CUST100359,True
CUST100360,CLEAR,2026-08-01,SCR-CUST100360,True
CUST100361,CLEAR,2026-08-01,SCR-CUST100361,True
CUST100362,CLEAR,2026-08-01,SCR-CUST100362,True
CUST100363,CLEAR,2026-08-01,SCR-CUST100363,True
CUST100364,CLEAR,2026-08-01,SCR-CUST100364,True
CUST100365,CLEAR,2026-08-01,SCR-CUST100365,True
CUST100366,CLEAR,2026-08-01,SCR-CUST100366,True
CUST100367,CLEAR,2026-08-01,SCR-CUST100367,True
CUST100368,CLEAR,2026-08-01,SCR-CUST100368,True
CUST100369,CLEAR,2026-08-01,SCR-CUST100369,True
CUST100370,HIGH_RISK,2026-08-01,SCR-CUST100370,True
CUST100371,CLEAR,2026-08-01,SCR-CUST100371,True
CUST100372,PENDING,2026-08-01,SCR-CUST100372,True
CUST100373,CLEAR,2026-08-01,SCR-CUST100373,True
CUST100374,CLEAR,2026-08-01,SCR-CUST100374,True
CUST100375,CLEAR,2026-08-01,SCR-CUST100375,True
CUST100376,CLEAR,2026-08-01,SCR-CUST100376,True
CUST100377,NO_MATCH,2026-08-01,SCR-CUST100377,True
CUST100378,CLEAR,2026-08-01,SCR-CUST100378,True
CUST100379,NO_MATCH,2026-08-01,SCR-CUST100379,True
CUST100380,CLEAR,2026-08-01,SCR-CUST100380,True
CUST100381,PENDING,2026-08-01,SCR-CUST100381,True
CUST100382,NO_MATCH,2026-08-01,SCR-CUST100382,True
CUST100383,CLEAR,2026-08-01,SCR-CUST100383,True
CUST100384,CLEAR,2026-08-01,SCR-CUST100384,True
CUST100385,CLEAR,2026-08-01,SCR-CUST100385,True
CUST100386,CLEAR,2026-08-01,SCR-CUST100386,True
CUST100387,NO_MATCH,2026-08-01,SCR-CUST100387,True
CUST100388,CLEAR,2026-08-01,SCR-CUST100388,True
CUST100389,HIGH_RISK,2026-08-01,SCR-CUST100389,True
CUST100390,CLEAR,2026-08-01,SCR-CUST100390,True
CUST100391,CLEAR,2026-08-01,SCR-CUST100391,True
CUST100392,NO_MATCH,2026-08-01,SCR-CUST100392,True
CUST100393,CLEAR,2026-08-01,SCR-CUST100393,True
CUST100394,CLEAR,2026-08-01,SCR-CUST100394,True
CUST100395,NO_MATCH,2026-08-01,SCR-CUST100395,True
CUST100396,CLEAR,2026-08-01,SCR-CUST100396,True
CUST100397,CLEAR,2026-08-01,SCR-CUST100397,True
CUST100398,CLEAR,2026-08-01,SCR-CUST100398,True
CUST100399,CLEAR,2026-08-01,SCR-CUST100399,True
CUST100400,CLEAR,2026-08-01,SCR-CUST100400,True
CUST100401,CLEAR,2026-08-01,SCR-CUST100401,True
CUST100402,CLEAR,2026-08-01,SCR-CUST100402,True
CUST100403,NO_MATCH,2026-08-01,SCR-CUST100403,True
CUST100404,PENDING,2026-08-01,SCR-CUST100404,True
CUST100405,CLEAR,2026-08-01,SCR-CUST100405,True
CUST100406,CLEAR,2026-08-01,SCR-CUST100406,True
CUST100407,CLEAR,2026-08-01,SCR-CUST100407,True
CUST100408,CLEAR,2026-08-01,SCR-CUST100408,True
CUST100409,CLEAR,2026-08-01,SCR-CUST100409,True
CUST100410,CLEAR,2026-08-01,SCR-CUST100410,True
CUST100411,CLEAR,2026-08-01,SCR-CUST100411,True
CUST100412,CLEAR,2026-08-01,SCR-CUST100412,True
CUST100413,CLEAR,2026-08-01,SCR-CUST100413,True
CUST100414,CLEAR,2026-08-01,SCR-CUST100414,True
CUST100415,CLEAR,2026-08-01,SCR-CUST100415,True
CUST100416,CLEAR,2026-08-01,SCR-CUST100416,True
CUST100417,CLEAR,2026-08-01,SCR-CUST100417,True
CUST100418,CLEAR,2026-08-01,SCR-CUST100418,True
CUST100419,PENDING,2026-08-01,SCR-CUST100419,True
CUST100420,PENDING,2026-08-01,SCR-CUST100420,True
CUST100421,CLEAR,2026-08-01,SCR-CUST100421,True
CUST100422,CLEAR,2026-08-01,SCR-CUST100422,True
CUST100423,CLEAR,2026-08-01,SCR-CUST100423,True
CUST100424,CLEAR,2026-08-01,SCR-CUST100424,True
CUST100425,CLEAR,2026-08-01,SCR-CUST100425,True
CUST100426,CLEAR,2026-08-01,SCR-CUST100426,True
CUST100427,PENDING,2026-08-01,SCR-CUST100427,True
CUST100428,NO_MATCH,2026-08-01,SCR-CUST100428,True
CUST100429,CLEAR,2026-08-01,SCR-CUST100429,True
CUST100430,CLEAR,2026-08-01,SCR-CUST100430,True
CUST100431,CLEAR,2026-08-01,SCR-CUST100431,True
CUST100432,NO_MATCH,2026-08-01,SCR-CUST100432,True
CUST100433,CLEAR,2026-08-01,SCR-CUST100433,True
CUST100434,CLEAR,2026-08-01,SCR-CUST100434,True
CUST100435,CLEAR,2026-08-01,SCR-CUST100435,True
CUST100436,CLEAR,2026-08-01,SCR-CUST100436,True
CUST100437,CLEAR,2026-08-01,SCR-CUST100437,True
CUST100438,CLEAR,2026-08-01,SCR-CUST100438,True
CUST100439,CLEAR,2026-08-01,SCR-CUST100439,True
CUST100440,CLEAR,2026-08-01,SCR-CUST100440,True
CUST100441,CLEAR,2026-08-01,SCR-CUST100441,True
CUST100442,CLEAR,2026-08-01,SCR-CUST100442,True
CUST100443,CLEAR,2026-08-01,SCR-CUST100443,True
CUST100444,PENDING,2026-08-01,SCR-CUST100444,True
CUST100445,CLEAR,2026-08-01,SCR-CUST100445,True
CUST100446,CLEAR,2026-08-01,SCR-CUST100446,True
CUST100447,CLEAR,2026-08-01,SCR-CUST100447,True
CUST100448,CLEAR,2026-08-01,SCR-CUST100448,True
CUST100449,CLEAR,2026-08-01,SCR-CUST100449,True
CUST100450,CLEAR,2026-08-01,SCR-CUST100450,True
CUST100451,CLEAR,2026-08-01,SCR-CUST100451,True
CUST100452,CLEAR,2026-08-01,SCR-CUST100452,True
CUST100453,CLEAR,2026-08-01,SCR-CUST100453,True
CUST100454,NO_MATCH,2026-08-01,SCR-CUST100454,True
CUST100455,CLEAR,2026-08-01,SCR-CUST100455,True
CUST100456,NO_MATCH,2026-08-01,SCR-CUST100456,True
CUST100457,HIGH_RISK,2026-08-01,SCR-CUST100457,True
CUST100458,CLEAR,2026-08-01,SCR-CUST100458,True
CUST100459,CLEAR,2026-08-01,SCR-CUST100459,True
CUST100460,CLEAR,2026-08-01,SCR-CUST100460,True
CUST100461,CLEAR,2026-08-01,SCR-CUST100461,True
CUST100462,CLEAR,2026-08-01,SCR-CUST100462,True
CUST100463,CLEAR,2026-08-01,SCR-CUST100463,True
CUST100464,CLEAR,2026-08-01,SCR-CUST100464,True
CUST100465,CLEAR,2026-08-01,SCR-CUST100465,True
CUST100466,CLEAR,2026-08-01,SCR-CUST100466,True
CUST100467,PENDING,2026-08-01,,False
CUST100468,CLEAR,2026-08-01,SCR-CUST100468,True
CUST100469,NO_MATCH,2026-08-01,SCR-CUST100469,True
CUST100470,CLEAR,2026-08-01,SCR-CUST100470,True
CUST100471,CLEAR,2026-08-01,SCR-CUST100471,True
CUST100472,CLEAR,2026-08-01,SCR-CUST100472,True
CUST100473,CLEAR,2026-08-01,SCR-CUST100473,True
CUST100474,CLEAR,2026-08-01,SCR-CUST100474,True
CUST100475,CLEAR,2026-08-01,SCR-CUST100475,True
CUST100476,CLEAR,2026-08-01,SCR-CUST100476,True
CUST100477,NO_MATCH,2026-08-01,SCR-CUST100477,True
CUST100478,NO_MATCH,2026-08-01,SCR-CUST100478,True
CUST100479,CLEAR,2026-08-01,SCR-CUST100479,True
CUST100480,CLEAR,2026-08-01,SCR-CUST100480,True
CUST100481,CLEAR,2026-08-01,SCR-CUST100481,True
CUST100482,CLEAR,2026-08-01,SCR-CUST100482,True
CUST100483,CLEAR,2026-08-01,SCR-CUST100483,True
CUST100484,CLEAR,2026-08-01,SCR-CUST100484,True
CUST100485,CLEAR,2026-08-01,SCR-CUST100485,True
CUST100486,CLEAR,2026-08-01,SCR-CUST100486,True
CUST100487,CLEAR,2026-08-01,SCR-CUST100487,True
CUST100488,CLEAR,2026-08-01,SCR-CUST100488,True
CUST100489,CLEAR,2026-08-01,SCR-CUST100489,True
CUST100490,CLEAR,2026-08-01,SCR-CUST100490,True
CUST100491,CLEAR,2026-08-01,SCR-CUST100491,True
CUST100492,PENDING,2026-08-01,SCR-CUST100492,True
CUST100493,CLEAR,2026-08-01,SCR-CUST100493,True
CUST100494,CLEAR,2026-08-01,SCR-CUST100494,True
CUST100495,CLEAR,2026-08-01,SCR-CUST100495,True
CUST100496,CLEAR,2026-08-01,SCR-CUST100496,True
CUST100497,CLEAR,2026-08-01,SCR-CUST100497,True
CUST100498,CLEAR,2026-08-01,SCR-CUST100498,True
CUST100499,PENDING,2026-08-01,SCR-CUST100499,True
CUST100500,CLEAR,2026-08-01,SCR-CUST100500,True
CUST100501,CLEAR,2026-08-01,SCR-CUST100501,True
CUST100502,CLEAR,2026-08-01,SCR-CUST100502,True
CUST100503,CLEAR,2026-08-01,SCR-CUST100503,True
CUST100504,CLEAR,2026-08-01,SCR-CUST100504,True
CUST100505,CLEAR,2026-08-01,SCR-CUST100505,True
CUST100506,CLEAR,2026-08-01,SCR-CUST100506,True
CUST100507,CLEAR,2026-08-01,SCR-CUST100507,True
CUST100508,CLEAR,2026-08-01,SCR-CUST100508,True
CUST100509,CLEAR,2026-08-01,SCR-CUST100509,True
CUST100510,NO_MATCH,2026-08-01,SCR-CUST100510,True
CUST100511,HIGH_RISK,2026-08-01,SCR-CUST100511,True
CUST100512,NO_MATCH,2026-08-01,SCR-CUST100512,True
CUST100513,NO_MATCH,2026-08-01,SCR-CUST100513,True
CUST100514,NO_MATCH,2026-08-01,SCR-CUST100514,True
CUST100515,CLEAR,2026-08-01,SCR-CUST100515,True
CUST100516,CLEAR,2026-08-01,SCR-CUST100516,True
CUST100517,CLEAR,2026-08-01,SCR-CUST100517,True
CUST100518,CLEAR,2026-08-01,SCR-CUST100518,True
CUST100519,CLEAR,2026-08-01,SCR-CUST100519,True
CUST100520,CLEAR,2026-08-01,SCR-CUST100520,True
CUST100521,PENDING,2026-08-01,SCR-CUST100521,True
CUST100522,CLEAR,2026-08-01,SCR-CUST100522,True
CUST100523,CLEAR,2026-08-01,SCR-CUST100523,True
CUST100524,CLEAR,2026-08-01,SCR-CUST100524,True
CUST100525,CLEAR,2026-08-01,SCR-CUST100525,True
CUST100526,CLEAR,2026-08-01,SCR-CUST100526,True
CUST100527,CLEAR,2026-08-01,SCR-CUST100527,True
CUST100528,CLEAR,2026-08-01,SCR-CUST100528,True
CUST100529,CLEAR,2026-08-01,SCR-CUST100529,True
CUST100530,CLEAR,2026-08-01,SCR-CUST100530,True
CUST100531,CLEAR,2026-08-01,SCR-CUST100531,True
CUST100532,CLEAR,2026-08-01,SCR-CUST100532,True
CUST100533,CLEAR,2026-08-01,SCR-CUST100533,True
CUST100534,CLEAR,2026-08-01,SCR-CUST100534,True
CUST100535,CLEAR,2026-08-01,SCR-CUST100535,True
CUST100536,CLEAR,2026-08-01,SCR-CUST100536,True
CUST100537,CLEAR,2026-08-01,SCR-CUST100537,True
CUST100538,CLEAR,2026-08-01,SCR-CUST100538,True
CUST100539,CLEAR,2026-08-01,SCR-CUST100539,True
CUST100540,HIGH_RISK,2026-08-01,SCR-CUST100540,True
CUST100541,CLEAR,2026-08-01,SCR-CUST100541,True
CUST100542,HIGH_RISK,2026-08-01,SCR-CUST100542,True
CUST100543,CLEAR,2026-08-01,SCR-CUST100543,True
CUST100544,CLEAR,2026-08-01,SCR-CUST100544,True
CUST100545,CLEAR,2026-08-01,SCR-CUST100545,True
CUST100546,CLEAR,2026-08-01,SCR-CUST100546,True
CUST100547,NO_MATCH,2026-08-01,SCR-CUST100547,True
CUST100548,CLEAR,2026-08-01,SCR-CUST100548,True
CUST100549,PENDING,2026-08-01,SCR-CUST100549,True
CUST100550,PENDING,2026-08-01,SCR-CUST100550,True
CUST100551,CLEAR,2026-08-01,SCR-CUST100551,True
CUST100552,CLEAR,2026-08-01,SCR-CUST100552,True
CUST100553,CLEAR,2026-08-01,SCR-CUST100553,True
CUST100554,CLEAR,2026-08-01,SCR-CUST100554,True
CUST100555,CLEAR,2026-08-01,SCR-CUST100555,True
CUST100556,CLEAR,2026-08-01,SCR-CUST100556,True
CUST100557,NO_MATCH,2026-08-01,SCR-CUST100557,True
CUST100558,CLEAR,2026-08-01,SCR-CUST100558,True
CUST100559,CLEAR,2026-08-01,SCR-CUST100559,True
CUST100560,CLEAR,2026-08-01,SCR-CUST100560,True
CUST100561,CLEAR,2026-08-01,SCR-CUST100561,True
CUST100562,HIGH_RISK,2026-08-01,SCR-CUST100562,True
CUST100563,CLEAR,2026-08-01,SCR-CUST100563,True
CUST100564,NO_MATCH,2026-08-01,SCR-CUST100564,True
CUST100565,CLEAR,2026-08-01,SCR-CUST100565,True
CUST100566,PENDING,2026-08-01,SCR-CUST100566,True
CUST100567,CLEAR,2026-08-01,SCR-CUST100567,True
CUST100568,CLEAR,2026-08-01,SCR-CUST100568,True
CUST100569,CLEAR,2026-08-01,SCR-CUST100569,True
CUST100570,CLEAR,2026-08-01,SCR-CUST100570,True
CUST100571,CLEAR,2026-08-01,SCR-CUST100571,True
CUST100572,CLEAR,2026-08-01,SCR-CUST100572,True
CUST100573,CLEAR,2026-08-01,SCR-CUST100573,True
CUST100574,CLEAR,2026-08-01,SCR-CUST100574,True
CUST100575,CLEAR,2026-08-01,SCR-CUST100575,True
CUST100576,CLEAR,2026-08-01,SCR-CUST100576,True
CUST100577,CLEAR,2026-08-01,SCR-CUST100577,True
CUST100578,CLEAR,2026-08-01,SCR-CUST100578,True
CUST100579,CLEAR,2026-08-01,SCR-CUST100579,True
CUST100580,CLEAR,2026-08-01,SCR-CUST100580,True
CUST100581,CLEAR,2026-08-01,SCR-CUST100581,True
CUST100582,CLEAR,2026-08-01,SCR-CUST100582,True
CUST100583,CLEAR,2026-08-01,SCR-CUST100583,True
CUST100584,NO_MATCH,2026-08-01,SCR-CUST100584,True
CUST100585,CLEAR,2026-08-01,SCR-CUST100585,True
CUST100586,CLEAR,2026-08-01,SCR-CUST100586,True
CUST100587,CLEAR,2026-08-01,SCR-CUST100587,True
CUST100588,CLEAR,2026-08-01,SCR-CUST100588,True
CUST100589,CLEAR,2026-08-01,SCR-CUST100589,True
CUST100590,CLEAR,2026-08-01,SCR-CUST100590,True
CUST100591,CLEAR,2026-08-01,SCR-CUST100591,True
CUST100592,CLEAR,2026-08-01,SCR-CUST100592,True
CUST100593,CLEAR,2026-08-01,SCR-CUST100593,True
CUST100594,CLEAR,2026-08-01,SCR-CUST100594,True
CUST100595,NO_MATCH,2026-08-01,SCR-CUST100595,True
CUST100596,PENDING,2026-08-01,SCR-CUST100596,True
CUST100597,HIGH_RISK,2026-08-01,SCR-CUST100597,True
CUST100598,NO_MATCH,2026-08-01,SCR-CUST100598,True
CUST100599,CLEAR,2026-08-01,SCR-CUST100599,True
CUST100600,CLEAR,2026-08-01,SCR-CUST100600,True
CUST100601,CLEAR,2026-08-01,SCR-CUST100601,True
CUST100602,CLEAR,2026-08-01,SCR-CUST100602,True
CUST100603,CLEAR,2026-08-01,SCR-CUST100603,True
CUST100604,NO_MATCH,2026-08-01,SCR-CUST100604,True
CUST100605,CLEAR,2026-08-01,SCR-CUST100605,True
CUST100606,CLEAR,2026-08-01,SCR-CUST100606,True
CUST100607,CLEAR,2026-08-01,SCR-CUST100607,True
CUST100608,CLEAR,2026-08-01,SCR-CUST100608,True
CUST100609,CLEAR,2026-08-01,SCR-CUST100609,True
CUST100610,CLEAR,2026-08-01,SCR-CUST100610,True
CUST100611,CLEAR,2026-08-01,SCR-CUST100611,True
CUST100612,CLEAR,2026-08-01,SCR-CUST100612,True
CUST100613,HIGH_RISK,2026-08-01,SCR-CUST100613,True
CUST100614,CLEAR,2026-08-01,SCR-CUST100614,True
CUST100615,CLEAR,2026-08-01,SCR-CUST100615,True
CUST100616,CLEAR,2026-08-01,SCR-CUST100616,True
CUST100617,CLEAR,2026-08-01,SCR-CUST100617,True
CUST100618,CLEAR,2026-08-01,SCR-CUST100618,True
CUST100619,NO_MATCH,2026-08-01,SCR-CUST100619,True
CUST100620,CLEAR,2026-08-01,SCR-CUST100620,True
CUST100621,CLEAR,2026-08-01,SCR-CUST100621,True
CUST100622,CLEAR,2026-08-01,SCR-CUST100622,True
CUST100623,CLEAR,2026-08-01,SCR-CUST100623,True
CUST100624,CLEAR,2026-08-01,SCR-CUST100624,True
CUST100625,CLEAR,2026-08-01,SCR-CUST100625,True
CUST100626,HIGH_RISK,2026-08-01,SCR-CUST100626,True
CUST100627,CLEAR,2026-08-01,SCR-CUST100627,True
CUST100628,CLEAR,2026-08-01,SCR-CUST100628,True
CUST100629,CLEAR,2026-08-01,SCR-CUST100629,True
CUST100630,CLEAR,2026-08-01,SCR-CUST100630,True
CUST100631,NO_MATCH,2026-08-01,SCR-CUST100631,True
CUST100632,CLEAR,2026-08-01,SCR-CUST100632,True
CUST100633,CLEAR,2026-08-01,SCR-CUST100633,True
CUST100634,CLEAR,2026-08-01,SCR-CUST100634,True
CUST100635,CLEAR,2026-08-01,SCR-CUST100635,True
CUST100636,CLEAR,2026-08-01,SCR-CUST100636,True
CUST100637,CLEAR,2026-08-01,SCR-CUST100637,True
CUST100638,CLEAR,2026-08-01,SCR-CUST100638,True
CUST100639,CLEAR,2026-08-01,SCR-CUST100639,True
CUST100640,CLEAR,2026-08-01,SCR-CUST100640,True
CUST100641,CLEAR,2026-08-01,SCR-CUST100641,True
CUST100642,CLEAR,2026-08-01,SCR-CUST100642,True
CUST100643,CLEAR,2026-08-01,SCR-CUST100643,True
CUST100644,CLEAR,2026-08-01,SCR-CUST100644,True
CUST100645,CLEAR,2026-08-01,SCR-CUST100645,True
CUST100646,CLEAR,2026-08-01,SCR-CUST100646,True
CUST100647,CLEAR,2026-08-01,SCR-CUST100647,True
CUST100648,CLEAR,2026-08-01,SCR-CUST100648,True
CUST100649,PENDING,2026-08-01,SCR-CUST100649,True
CUST100650,CLEAR,2026-08-01,SCR-CUST100650,True
CUST100651,CLEAR,2026-08-01,SCR-CUST100651,True
CUST100652,CLEAR,2026-08-01,SCR-CUST100652,True
CUST100653,CLEAR,2026-08-01,SCR-CUST100653,True
CUST100654,CLEAR,2026-08-01,SCR-CUST100654,True
CUST100655,CLEAR,2026-08-01,SCR-CUST100655,True
CUST100656,CLEAR,2026-08-01,SCR-CUST100656,True
CUST100657,CLEAR,2026-08-01,SCR-CUST100657,True
CUST100658,PENDING,2026-08-01,SCR-CUST100658,True
CUST100659,CLEAR,2026-08-01,SCR-CUST100659,True
CUST100660,CLEAR,2026-08-01,SCR-CUST100660,True
CUST100661,NO_MATCH,2026-08-01,SCR-CUST100661,True
CUST100662,HIGH_RISK,2026-08-01,SCR-CUST100662,True
CUST100663,CLEAR,2026-08-01,SCR-CUST100663,True
CUST100664,CLEAR,2026-08-01,SCR-CUST100664,True
CUST100665,CLEAR,2026-08-01,SCR-CUST100665,True
CUST100666,CLEAR,2026-08-01,SCR-CUST100666,True
CUST100667,CLEAR,2026-08-01,SCR-CUST100667,True
CUST100668,CLEAR,2026-08-01,SCR-CUST100668,True
CUST100669,CLEAR,2026-08-01,SCR-CUST100669,True
CUST100670,CLEAR,2026-08-01,SCR-CUST100670,True
CUST100671,CLEAR,2026-08-01,SCR-CUST100671,True
CUST100672,CLEAR,2026-08-01,SCR-CUST100672,True
CUST100673,CLEAR,2026-08-01,SCR-CUST100673,True
CUST100674,CLEAR,2026-08-01,SCR-CUST100674,True
CUST100675,PENDING,2026-08-01,SCR-CUST100675,True
CUST100676,CLEAR,2026-08-01,SCR-CUST100676,True
CUST100677,CLEAR,2026-08-01,SCR-CUST100677,True
CUST100678,CLEAR,2026-08-01,SCR-CUST100678,True
CUST100679,CLEAR,2026-08-01,SCR-CUST100679,True
CUST100680,CLEAR,2026-08-01,SCR-CUST100680,True
CUST100681,CLEAR,2026-08-01,SCR-CUST100681,True
CUST100682,CLEAR,2026-08-01,SCR-CUST100682,True
CUST100683,CLEAR,2026-08-01,SCR-CUST100683,True
CUST100684,CLEAR,2026-08-01,SCR-CUST100684,True
CUST100685,CLEAR,2026-08-01,SCR-CUST100685,True
CUST100686,CLEAR,2026-08-01,SCR-CUST100686,True
CUST100687,NO_MATCH,2026-08-01,SCR-CUST100687,True
CUST100688,CLEAR,2026-08-01,SCR-CUST100688,True
CUST100689,CLEAR,2026-08-01,SCR-CUST100689,True
CUST100690,PENDING,2026-08-01,,False
CUST100691,CLEAR,2026-08-01,SCR-CUST100691,True
CUST100692,CLEAR,2026-08-01,SCR-CUST100692,True
CUST100693,CLEAR,2026-08-01,SCR-CUST100693,True
CUST100694,CLEAR,2026-08-01,SCR-CUST100694,True
CUST100695,CLEAR,2026-08-01,SCR-CUST100695,True
CUST100696,CLEAR,2026-08-01,SCR-CUST100696,True
CUST100697,CLEAR,2026-08-01,SCR-CUST100697,True
CUST100698,CLEAR,2026-08-01,SCR-CUST100698,True
CUST100699,CLEAR,2026-08-01,SCR-CUST100699,True
CUST100700,HIGH_RISK,2026-08-01,SCR-CUST100700,True
CUST100701,CLEAR,2026-08-01,SCR-CUST100701,True
CUST100702,CLEAR,2026-08-01,SCR-CUST100702,True
CUST100703,CLEAR,2026-08-01,SCR-CUST100703,True
CUST100704,CLEAR,2026-08-01,SCR-CUST100704,True
CUST100705,CLEAR,2026-08-01,SCR-CUST100705,True
CUST100706,CLEAR,2026-08-01,SCR-CUST100706,True
CUST100707,CLEAR,2026-08-01,SCR-CUST100707,True
CUST100708,CLEAR,2026-08-01,SCR-CUST100708,True
CUST100709,CLEAR,2026-08-01,SCR-CUST100709,True
CUST100710,PENDING,2026-08-01,SCR-CUST100710,True
CUST100711,CLEAR,2026-08-01,SCR-CUST100711,True
CUST100712,NO_MATCH,2026-08-01,SCR-CUST100712,True
CUST100713,CLEAR,2026-08-01,SCR-CUST100713,True
CUST100714,PENDING,2026-08-01,SCR-CUST100714,True
CUST100715,CLEAR,2026-08-01,SCR-CUST100715,True
CUST100716,CLEAR,2026-08-01,SCR-CUST100716,True
CUST100717,CLEAR,2026-08-01,SCR-CUST100717,True
CUST100718,NO_MATCH,2026-08-01,SCR-CUST100718,True
CUST100719,CLEAR,2026-08-01,SCR-CUST100719,True
CUST100720,CLEAR,2026-08-01,SCR-CUST100720,True
CUST100721,CLEAR,2026-08-01,SCR-CUST100721,True
CUST100722,PENDING,2026-08-01,SCR-CUST100722,True
CUST100723,CLEAR,2026-08-01,SCR-CUST100723,True
CUST100724,CLEAR,2026-08-01,SCR-CUST100724,True
CUST100725,CLEAR,2026-08-01,SCR-CUST100725,True
CUST100726,NO_MATCH,2026-08-01,SCR-CUST100726,True
CUST100727,CLEAR,2026-08-01,SCR-CUST100727,True
CUST100728,CLEAR,2026-08-01,SCR-CUST100728,True
CUST100729,CLEAR,2026-08-01,SCR-CUST100729,True
CUST100730,NO_MATCH,2026-08-01,SCR-CUST100730,True
CUST100731,NO_MATCH,2026-08-01,SCR-CUST100731,True
CUST100732,CLEAR,2026-08-01,SCR-CUST100732,True
CUST100733,CLEAR,2026-08-01,SCR-CUST100733,True
CUST100734,CLEAR,2026-08-01,SCR-CUST100734,True
CUST100735,NO_MATCH,2026-08-01,SCR-CUST100735,True
CUST100736,CLEAR,2026-08-01,SCR-CUST100736,True
CUST100737,CLEAR,2026-08-01,SCR-CUST100737,True
CUST100738,CLEAR,2026-08-01,SCR-CUST100738,True
CUST100739,CLEAR,2026-08-01,SCR-CUST100739,True
CUST100740,CLEAR,2026-08-01,SCR-CUST100740,True
CUST100741,CLEAR,2026-08-01,SCR-CUST100741,True
CUST100742,PENDING,2026-08-01,SCR-CUST100742,True
CUST100743,CLEAR,2026-08-01,SCR-CUST100743,True
CUST100744,CLEAR,2026-08-01,SCR-CUST100744,True
CUST100745,CLEAR,2026-08-01,SCR-CUST100745,True
CUST100746,CLEAR,2026-08-01,SCR-CUST100746,True
CUST100747,PENDING,2026-08-01,SCR-CUST100747,True
CUST100748,CLEAR,2026-08-01,SCR-CUST100748,True
CUST100749,CLEAR,2026-08-01,SCR-CUST100749,True
CUST100750,CLEAR,2026-08-01,SCR-CUST100750,True
CUST100751,CLEAR,2026-08-01,SCR-CUST100751,True
CUST100752,CLEAR,2026-08-01,SCR-CUST100752,True
CUST100753,CLEAR,2026-08-01,SCR-CUST100753,True
CUST100754,CLEAR,2026-08-01,SCR-CUST100754,True
CUST100755,CLEAR,2026-08-01,SCR-CUST100755,True
CUST100756,CLEAR,2026-08-01,SCR-CUST100756,True
CUST100757,CLEAR,2026-08-01,SCR-CUST100757,True
CUST100758,NO_MATCH,2026-08-01,SCR-CUST100758,True
CUST100759,CLEAR,2026-08-01,SCR-CUST100759,True
CUST100760,NO_MATCH,2026-08-01,SCR-CUST100760,True
CUST100761,CLEAR,2026-08-01,SCR-CUST100761,True
CUST100762,CLEAR,2026-08-01,SCR-CUST100762,True
CUST100763,CLEAR,2026-08-01,SCR-CUST100763,True
CUST100764,CLEAR,2026-08-01,SCR-CUST100764,True
CUST100765,CLEAR,2026-08-01,SCR-CUST100765,True
CUST100766,CLEAR,2026-08-01,SCR-CUST100766,True
CUST100767,CLEAR,2026-08-01,SCR-CUST100767,True
CUST100768,CLEAR,2026-08-01,SCR-CUST100768,True
CUST100769,CLEAR,2026-08-01,SCR-CUST100769,True
CUST100770,NO_MATCH,2026-08-01,SCR-CUST100770,True
CUST100771,NO_MATCH,2026-08-01,SCR-CUST100771,True
CUST100772,CLEAR,2026-08-01,SCR-CUST100772,True
CUST100773,CLEAR,2026-08-01,SCR-CUST100773,True
CUST100774,CLEAR,2026-08-01,SCR-CUST100774,True
CUST100775,CLEAR,2026-08-01,SCR-CUST100775,True
CUST100776,CLEAR,2026-08-01,SCR-CUST100776,True
CUST100777,HIGH_RISK,2026-08-01,SCR-CUST100777,True
CUST100778,CLEAR,2026-08-01,SCR-CUST100778,True
CUST100779,NO_MATCH,2026-08-01,SCR-CUST100779,True
CUST100780,CLEAR,2026-08-01,SCR-CUST100780,True
CUST100781,CLEAR,2026-08-01,SCR-CUST100781,True
CUST100782,NO_MATCH,2026-08-01,SCR-CUST100782,True
CUST100783,CLEAR,2026-08-01,SCR-CUST100783,True
CUST100784,CLEAR,2026-08-01,SCR-CUST100784,True
CUST100785,NO_MATCH,2026-08-01,SCR-CUST100785,True
CUST100786,NO_MATCH,2026-08-01,SCR-CUST100786,True
CUST100787,CLEAR,2026-08-01,SCR-CUST100787,True
CUST100788,CLEAR,2026-08-01,SCR-CUST100788,True
CUST100789,CLEAR,2026-08-01,SCR-CUST100789,True
CUST100790,CLEAR,2026-08-01,SCR-CUST100790,True
CUST100791,CLEAR,2026-08-01,SCR-CUST100791,True
CUST100792,CLEAR,2026-08-01,SCR-CUST100792,True
CUST100793,CLEAR,2026-08-01,SCR-CUST100793,True
CUST100794,CLEAR,2026-08-01,SCR-CUST100794,True
CUST100795,CLEAR,2026-08-01,SCR-CUST100795,True
CUST100796,CLEAR,2026-08-01,SCR-CUST100796,True
CUST100797,CLEAR,2026-08-01,SCR-CUST100797,True
CUST100798,CLEAR,2026-08-01,SCR-CUST100798,True
CUST100799,CLEAR,2026-08-01,SCR-CUST100799,True
CUST100800,CLEAR,2026-08-01,SCR-CUST100800,True
CUST100801,CLEAR,2026-08-01,SCR-CUST100801,True
CUST100802,CLEAR,2026-08-01,SCR-CUST100802,True
CUST100803,CLEAR,2026-08-01,SCR-CUST100803,True
CUST100804,CLEAR,2026-08-01,SCR-CUST100804,True
CUST100805,CLEAR,2026-08-01,SCR-CUST100805,True
CUST100806,CLEAR,2026-08-01,SCR-CUST100806,True
CUST100807,CLEAR,2026-08-01,SCR-CUST100807,True
CUST100808,NO_MATCH,2026-08-01,SCR-CUST100808,True
CUST100809,CLEAR,2026-08-01,SCR-CUST100809,True
CUST100810,CLEAR,2026-08-01,SCR-CUST100810,True
CUST100811,CLEAR,2026-08-01,SCR-CUST100811,True
CUST100812,CLEAR,2026-08-01,SCR-CUST100812,True
CUST100813,CLEAR,2026-08-01,SCR-CUST100813,True
CUST100814,CLEAR,2026-08-01,SCR-CUST100814,True
CUST100815,CLEAR,2026-08-01,SCR-CUST100815,True
CUST100816,CLEAR,2026-08-01,SCR-CUST100816,True
CUST100817,CLEAR,2026-08-01,SCR-CUST100817,True
CUST100818,CLEAR,2026-08-01,SCR-CUST100818,True
CUST100819,PENDING,2026-08-01,SCR-CUST100819,True
CUST100820,CLEAR,2026-08-01,SCR-CUST100820,True
CUST100821,CLEAR,2026-08-01,SCR-CUST100821,True
CUST100822,CLEAR,2026-08-01,SCR-CUST100822,True
CUST100823,CLEAR,2026-08-01,SCR-CUST100823,True
CUST100824,CLEAR,2026-08-01,SCR-CUST100824,True
CUST100825,CLEAR,2026-08-01,SCR-CUST100825,True
CUST100826,CLEAR,2026-08-01,SCR-CUST100826,True
CUST100827,CLEAR,2026-08-01,SCR-CUST100827,True
CUST100828,NO_MATCH,2026-08-01,SCR-CUST100828,True
CUST100829,CLEAR,2026-08-01,SCR-CUST100829,True
CUST100830,CLEAR,2026-08-01,SCR-CUST100830,True
CUST100831,CLEAR,2026-08-01,SCR-CUST100831,True
CUST100832,CLEAR,2026-08-01,SCR-CUST100832,True
CUST100833,CLEAR,2026-08-01,SCR-CUST100833,True
CUST100834,CLEAR,2026-08-01,SCR-CUST100834,True
CUST100835,CLEAR,2026-08-01,SCR-CUST100835,True
CUST100836,CLEAR,2026-08-01,SCR-CUST100836,True
CUST100837,CLEAR,2026-08-01,SCR-CUST100837,True
CUST100838,CLEAR,2026-08-01,SCR-CUST100838,True
CUST100839,CLEAR,2026-08-01,SCR-CUST100839,True
CUST100840,CLEAR,2026-08-01,SCR-CUST100840,True
CUST100841,CLEAR,2026-08-01,SCR-CUST100841,True
CUST100842,CLEAR,2026-08-01,SCR-CUST100842,True
CUST100843,CLEAR,2026-08-01,SCR-CUST100843,True
CUST100844,NO_MATCH,2026-08-01,SCR-CUST100844,True
CUST100845,CLEAR,2026-08-01,SCR-CUST100845,True
CUST100846,CLEAR,2026-08-01,SCR-CUST100846,True
CUST100847,CLEAR,2026-08-01,SCR-CUST100847,True
CUST100848,CLEAR,2026-08-01,SCR-CUST100848,True
CUST100849,CLEAR,2026-08-01,SCR-CUST100849,True
CUST100850,CLEAR,2026-08-01,SCR-CUST100850,True
CUST100851,CLEAR,2026-08-01,SCR-CUST100851,True
CUST100852,CLEAR,2026-08-01,SCR-CUST100852,True
CUST100853,CLEAR,2026-08-01,SCR-CUST100853,True
CUST100854,CLEAR,2026-08-01,SCR-CUST100854,True
CUST100855,CLEAR,2026-08-01,SCR-CUST100855,True
CUST100856,CLEAR,2026-08-01,SCR-CUST100856,True
CUST100857,CLEAR,2026-08-01,SCR-CUST100857,True
CUST100858,CLEAR,2026-08-01,SCR-CUST100858,True
CUST100859,CLEAR,2026-08-01,SCR-CUST100859,True
CUST100860,CLEAR,2026-08-01,SCR-CUST100860,True
CUST100861,CLEAR,2026-08-01,SCR-CUST100861,True
CUST100862,CLEAR,2026-08-01,SCR-CUST100862,True
CUST100863,CLEAR,2026-08-01,SCR-CUST100863,True
CUST100864,NO_MATCH,2026-08-01,SCR-CUST100864,True
CUST100865,CLEAR,2026-08-01,SCR-CUST100865,True
CUST100866,CLEAR,2026-08-01,SCR-CUST100866,True
CUST100867,CLEAR,2026-08-01,SCR-CUST100867,True
CUST100868,CLEAR,2026-08-01,SCR-CUST100868,True
CUST100869,CLEAR,2026-08-01,SCR-CUST100869,True
CUST100870,CLEAR,2026-08-01,SCR-CUST100870,True
CUST100871,CLEAR,2026-08-01,SCR-CUST100871,True
CUST100872,CLEAR,2026-08-01,SCR-CUST100872,True
CUST100873,CLEAR,2026-08-01,SCR-CUST100873,True
CUST100874,NO_MATCH,2026-08-01,SCR-CUST100874,True
CUST100875,CLEAR,2026-08-01,SCR-CUST100875,True
CUST100876,CLEAR,2026-08-01,SCR-CUST100876,True
CUST100877,NO_MATCH,2026-08-01,SCR-CUST100877,True
CUST100878,CLEAR,2026-08-01,SCR-CUST100878,True
CUST100879,CLEAR,2026-08-01,SCR-CUST100879,True
CUST100880,CLEAR,2026-08-01,SCR-CUST100880,True
CUST100881,NO_MATCH,2026-08-01,SCR-CUST100881,True
CUST100882,CLEAR,2026-08-01,SCR-CUST100882,True
CUST100883,CLEAR,2026-08-01,SCR-CUST100883,True
CUST100884,NO_MATCH,2026-08-01,SCR-CUST100884,True
CUST100885,CLEAR,2026-08-01,SCR-CUST100885,True
CUST100886,NO_MATCH,2026-08-01,SCR-CUST100886,True
CUST100887,PENDING,2026-08-01,SCR-CUST100887,True
CUST100888,NO_MATCH,2026-08-01,SCR-CUST100888,True
CUST100889,CLEAR,2026-08-01,SCR-CUST100889,True
CUST100890,CLEAR,2026-08-01,SCR-CUST100890,True
CUST100891,CLEAR,2026-08-01,SCR-CUST100891,True
CUST100892,CLEAR,2026-08-01,SCR-CUST100892,True
CUST100893,CLEAR,2026-08-01,SCR-CUST100893,True
CUST100894,NO_MATCH,2026-08-01,SCR-CUST100894,True
CUST100895,CLEAR,2026-08-01,SCR-CUST100895,True
CUST100896,CLEAR,2026-08-01,SCR-CUST100896,True
CUST100897,CLEAR,2026-08-01,SCR-CUST100897,True
CUST100898,CLEAR,2026-08-01,SCR-CUST100898,True
CUST100899,CLEAR,2026-08-01,SCR-CUST100899,True
CUST100900,CLEAR,2026-08-01,SCR-CUST100900,True
CUST100901,PENDING,2026-08-01,,False
CUST100902,CLEAR,2026-08-01,SCR-CUST100902,True
CUST100903,CLEAR,2026-08-01,SCR-CUST100903,True
CUST100904,CLEAR,2026-08-01,SCR-CUST100904,True
CUST100905,CLEAR,2026-08-01,SCR-CUST100905,True
CUST100906,CLEAR,2026-08-01,SCR-CUST100906,True
CUST100907,HIGH_RISK,2026-08-01,SCR-CUST100907,True
CUST100908,CLEAR,2026-08-01,SCR-CUST100908,True
CUST100909,CLEAR,2026-08-01,SCR-CUST100909,True
CUST100910,CLEAR,2026-08-01,SCR-CUST100910,True
CUST100911,CLEAR,2026-08-01,SCR-CUST100911,True
CUST100912,PENDING,2026-08-01,SCR-CUST100912,True
CUST100913,CLEAR,2026-08-01,SCR-CUST100913,True
CUST100914,CLEAR,2026-08-01,SCR-CUST100914,True
CUST100915,CLEAR,2026-08-01,SCR-CUST100915,True
CUST100916,CLEAR,2026-08-01,SCR-CUST100916,True
CUST100917,CLEAR,2026-08-01,SCR-CUST100917,True
CUST100918,CLEAR,2026-08-01,SCR-CUST100918,True
CUST100919,CLEAR,2026-08-01,SCR-CUST100919,True
CUST100920,CLEAR,2026-08-01,SCR-CUST100920,True
CUST100921,PENDING,2026-08-01,SCR-CUST100921,True
CUST100922,CLEAR,2026-08-01,SCR-CUST100922,True
CUST100923,NO_MATCH,2026-08-01,SCR-CUST100923,True
CUST100924,CLEAR,2026-08-01,SCR-CUST100924,True
CUST100925,CLEAR,2026-08-01,SCR-CUST100925,True
CUST100926,CLEAR,2026-08-01,SCR-CUST100926,True
CUST100927,CLEAR,2026-08-01,SCR-CUST100927,True
CUST100928,CLEAR,2026-08-01,SCR-CUST100928,True
CUST100929,NO_MATCH,2026-08-01,SCR-CUST100929,True
CUST100930,PENDING,2026-08-01,,False
CUST100931,CLEAR,2026-08-01,SCR-CUST100931,True
CUST100932,CLEAR,2026-08-01,SCR-CUST100932,True
CUST100933,CLEAR,2026-08-01,SCR-CUST100933,True
CUST100934,CLEAR,2026-08-01,SCR-CUST100934,True
CUST100935,CLEAR,2026-08-01,SCR-CUST100935,True
CUST100936,CLEAR,2026-08-01,SCR-CUST100936,True
CUST100937,CLEAR,2026-08-01,SCR-CUST100937,True
CUST100938,CLEAR,2026-08-01,SCR-CUST100938,True
CUST100939,CLEAR,2026-08-01,SCR-CUST100939,True
CUST100940,CLEAR,2026-08-01,SCR-CUST100940,True
CUST100941,CLEAR,2026-08-01,SCR-CUST100941,True
CUST100942,CLEAR,2026-08-01,SCR-CUST100942,True
CUST100943,CLEAR,2026-08-01,SCR-CUST100943,True
CUST100944,CLEAR,2026-08-01,SCR-CUST100944,True
CUST100945,HIGH_RISK,2026-08-01,SCR-CUST100945,True
CUST100946,CLEAR,2026-08-01,SCR-CUST100946,True
CUST100947,CLEAR,2026-08-01,SCR-CUST100947,True
CUST100948,PENDING,2026-08-01,SCR-CUST100948,True
CUST100949,CLEAR,2026-08-01,SCR-CUST100949,True
CUST100950,PENDING,2026-08-01,,False
CUST100951,NO_MATCH,2026-08-01,SCR-CUST100951,True
CUST100952,NO_MATCH,2026-08-01,SCR-CUST100952,True
CUST100953,CLEAR,2026-08-01,SCR-CUST100953,True
CUST100954,CLEAR,2026-08-01,SCR-CUST100954,True
CUST100955,CLEAR,2026-08-01,SCR-CUST100955,True
CUST100956,NO_MATCH,2026-08-01,SCR-CUST100956,True
CUST100957,NO_MATCH,2026-08-01,SCR-CUST100957,True
CUST100958,CLEAR,2026-08-01,SCR-CUST100958,True
CUST100959,CLEAR,2026-08-01,SCR-CUST100959,True
CUST100960,CLEAR,2026-08-01,SCR-CUST100960,True
CUST100961,CLEAR,2026-08-01,SCR-CUST100961,True
CUST100962,CLEAR,2026-08-01,SCR-CUST100962,True
CUST100963,CLEAR,2026-08-01,SCR-CUST100963,True
CUST100964,CLEAR,2026-08-01,SCR-CUST100964,True
CUST100965,CLEAR,2026-08-01,SCR-CUST100965,True
CUST100966,CLEAR,2026-08-01,SCR-CUST100966,True
CUST100967,CLEAR,2026-08-01,SCR-CUST100967,True
CUST100968,CLEAR,2026-08-01,SCR-CUST100968,True
CUST100969,CLEAR,2026-08-01,SCR-CUST100969,True
CUST100970,NO_MATCH,2026-08-01,SCR-CUST100970,True
CUST100971,CLEAR,2026-08-01,SCR-CUST100971,True
CUST100972,CLEAR,2026-08-01,SCR-CUST100972,True
CUST100973,CLEAR,2026-08-01,SCR-CUST100973,True
CUST100974,CLEAR,2026-08-01,SCR-CUST100974,True
CUST100975,CLEAR,2026-08-01,SCR-CUST100975,True
CUST100976,CLEAR,2026-08-01,SCR-CUST100976,True
CUST100977,CLEAR,2026-08-01,SCR-CUST100977,True
CUST100978,CLEAR,2026-08-01,SCR-CUST100978,True
CUST100979,CLEAR,2026-08-01,SCR-CUST100979,True
CUST100980,CLEAR,2026-08-01,SCR-CUST100980,True
CUST100981,CLEAR,2026-08-01,SCR-CUST100981,True
CUST100982,CLEAR,2026-08-01,SCR-CUST100982,True
CUST100983,CLEAR,2026-08-01,SCR-CUST100983,True
CUST100984,CLEAR,2026-08-01,SCR-CUST100984,True
CUST100985,CLEAR,2026-08-01,SCR-CUST100985,True
CUST100986,CLEAR,2026-08-01,SCR-CUST100986,True
CUST100987,CLEAR,2026-08-01,SCR-CUST100987,True
CUST100988,NO_MATCH,2026-08-01,SCR-CUST100988,True
CUST100989,NO_MATCH,2026-08-01,SCR-CUST100989,True
CUST100990,NO_MATCH,2026-08-01,SCR-CUST100990,True
CUST100991,CLEAR,2026-08-01,SCR-CUST100991,True
CUST100992,CLEAR,2026-08-01,SCR-CUST100992,True
CUST100993,CLEAR,2026-08-01,SCR-CUST100993,True
CUST100994,CLEAR,2026-08-01,SCR-CUST100994,True
CUST100995,CLEAR,2026-08-01,SCR-CUST100995,True
CUST100996,CLEAR,2026-08-01,SCR-CUST100996,True
CUST100997,CLEAR,2026-08-01,SCR-CUST100997,True
CUST100998,CLEAR,2026-08-01,SCR-CUST100998,True
CUST100999,CLEAR,2026-08-01,SCR-CUST100999,True
