customer_id,wallet_status,risk_exception_approved,risk_exception_reference,dormant_handling_status,initialization_date,product_code,initialization_batch
CUST100000,OPENED,False,,NOT_REQUIRED,2026-08-05,WALLET-01,BATCH-2026-08-05
CUST100001,OPENED,False,,NOT_REQUIRED,2026-08-05,WALLET-01,BATCH-2026-08-05
CUST100002,OPENED,False,,NOT_REQUIRED,2026-08-05,WALLET-01,BATCH-2026-08-05
CUST100003,OPENED,False,,NOT_REQUIRED,2026-08-05,WALLET-01,BATCH-2026-08-05
CUST100004,OPENED,False,,NOT_REQUIRED,2026-08-05,WALLET-01,BATCH-2026-08-05
CUST100005,OPENED,False,,NOT_REQUIRED,2026-08-05,WALLET-01,BATCH-2026-08-05
CUST100006,OPENED,False,,NOT_REQUIRED,2026-08-05,WALLET-01,BATCH-2026-08-05
CUST100007,OPENED,False,,NOT_REQUIRED,2026-08-05,WALLET-01,BATCH-2026-08-05
CUST100008,OPENED,False,,NOT_REQUIRED,2026-08-05,WALLET-01,BATCH-2026-08-05
CUST100009,OPENED,False,,NOT_REQUIRED,2026-08-05,WALLET-01,BATCH-2026-08-05
CUST100010,OPENED,False,,NOT_REQUIRED,2026-08-05,WALLET-01,BATCH-2026-08-05
CUST100011,REVIEW,False,,NOT_REQUIRED,2026-08-05,WALLET-01,BATCH-2026-08-05
CUST100012,OPENED,False,,COMPLETED,2026-08-05,WALLET-01,BATCH-2026-08-05
CUST100013,OPENED,False,,NOT_REQUIRED,2026-08-05,WALLET-01,BATCH-2026-08-05
CUST100014,OPENED,False,,NOT_REQUIRED,2026-08-05,WALLET-01,BATCH-2026-08-05
CUST100015,OPENED,False,,NOT_REQUIRED,2026-08-05,WALLET-01,BATCH-2026-08-05
CUST100016,OPENED,False,,NOT_REQUIRED,2026-08-05,WALLET-01,BATCH-2026-08-05
CUST100017,OPENED,False,,NOT_REQUIRED,2026-08-05,WALLET-01,BATCH-2026-08-05
CUST100018,OPENED,False,,NOT_REQUIRED,2026-08-05,WALLET-01,BATCH-2026-08-05
CUST100019,OPENED,False,,NOT_REQUIRED,2026-08-05,WALLET-01,BATCH-2026-08-05
CUST100020,OPENED,False,,NOT_REQUIRED,2026-08-05,WALLET-01,BATCH-2026-08-05
CUST100021,OPENED,False,,NOT_REQUIRED,2026-08-05,WALLET-01,BATCH-2026-08-05
CUST100022,OPENED,False,,NOT_REQUIRED,2026-08-05,WALLET-01,BATCH-2026-08-05
CUST100023,OPENED,False,,NOT_REQUIRED,2026-08-05,WALLET-01,BATCH-2026-08-05
CUST100024,OPENED,False,,NOT_REQUIRED,2026-08-05,WALLET-01,BATCH-2026-08-05
CUST100025,OPENED,False,,COMPLETED,2026-08-05,WALLET-01,BATCH-2026-08-05
CUST100026,OPENED,False,,NOT_REQUIRED,2026-08-05,WALLET-01,BATCH-2026-08-05
CUST100027,OPENED,False,,NOT_REQUIRED,2026-08-05,WALLET-01,BATCH-2026-08-05
CUST100028,OPENED,False,,NOT_REQUIRED,2026-08-05,WALLET-01,BATCH-2026-08-05
CUST100029,OPENED,False,,NOT_REQUIRED,2026-08-05,WALLET-01,BATCH-2026-08-05
CUST100030,OPENED,False,,NOT_REQUIRED,2026-08-05,WALLET-01,BATCH-2026-08-05
CUST100031,OPENED,False,,NOT_REQUIRED,2026-08-05,WALLET-01,BATCH-2026-08-05
CUST100032,OPENED,False,,NOT_REQUIRED,2026-08-05,WALLET-01,BATCH-2026-08-05
CUST100033,OPENED,False,,NOT_REQUIRED,2026-08-05,WALLET-01,BATCH-2026-08-05
CUST100034,OPENED,False,,NOT_REQUIRED,2026-08-05,WALLET-01,BATCH-2026-08-05
CUST100035,OPENED,False,,NOT_REQUIRED,2026-08-05,WALLET-01,BATCH-2026-08-05
CUST100036,OPENED,False,,NOT_REQUIRED,2026-08-05,WALLET-01,BATCH-2026-08-05
CUST100037,OPENED,False,,NOT_REQUIRED,2026-08-05,WALLET-01,BATCH-2026-08-05
CUST100038,OPENED,False,,NOT_REQUIRED,2026-08-05,WALLET-01,BATCH-2026-08-05
CUST100039,PENDING,False,,NOT_REQUIRED,2026-08-05,WALLET-01,BATCH-2026-08-05
CUST100040,OPENED,False,,NOT_REQUIRED,2026-08-05,WALLET-01,BATCH-2026-08-05
CUST100041,OPENED,False,,NOT_REQUIRED,2026-08-05,WALLET-01,BATCH-2026-08-05
CUST100042,OPENED,False,,NOT_REQUIRED,2026-08-05,WALLET-01,BATCH-2026-08-05
CUST100043,OPENED,False,,PENDING,2026-08-05,WALLET-01,BATCH-2026-08-05
CUST100044,OPENED,False,,NOT_REQUIRED,2026-08-05,WALLET-01,BATCH-2026-08-05
CUST100045,OPENED,False,,NOT_REQUIRED,2026-08-05,WALLET-01,BATCH-2026-08-05
CUST100046,OPENED,False,,NOT_REQUIRED,2026-08-05,WALLET-01,BATCH-2026-08-05
CUST100047,OPENED,False,,NOT_REQUIRED,2026-08-05,WALLET-01,BATCH-2026-08-05
CUST100048,OPENED,False,,NOT_REQUIRED,2026-08-05,WALLET-01,BATCH-2026-08-05
CUST100049,OPENED,False,,NOT_REQUIRED,2026-08-05,WALLET-01,BATCH-2026-08-05
CUST100050,REVIEW,False,,COMPLETED,2026-08-05,WALLET-01,BATCH-2026-08-05
CUST100051,PENDING,False,,NOT_REQUIRED,2026-08-05,WALLET-01,BATCH-2026-08-05
CUST100052,OPENED,False,,NOT_REQUIRED,2026-08-05,WALLET-01,BATCH-2026-08-05
CUST100053,OPENED,False,,NOT_REQUIRED,2026-08-05,WALLET-01,BATCH-2026-08-05
CUST100054,OPENED,False,,NOT_REQUIRED,2026-08-05,WALLET-01,BATCH-2026-08-05
CUST100055,OPENED,False,,NOT_REQUIRED,2026-08-05,WALLET-01,BATCH-2026-08-05
CUST100056,REVIEW,False,,NOT_REQUIRED,2026-08-05,WALLET-01,BATCH-2026-08-05
CUST100057,OPENED,False,,PENDING,2026-08-05,WALLET-01,BATCH-2026-08-05
CUST100058,OPENED,False,,NOT_REQUIRED,2026-08-05,WALLET-01,BATCH-2026-08-05
CUST100059,OPENED,False,,NOT_REQUIRED,2026-08-05,WALLET-01,BATCH-2026-08-05
CUST100060,REVIEW,False,,COMPLETED,2026-08-05,WALLET-01,BATCH-2026-08-05
CUST100061,OPENED,False,,PENDING,2026-08-05,WALLET-01,BATCH-2026-08-05
CUST100062,OPENED,False,,NOT_REQUIRED,2026-08-05,WALLET-01,BATCH-2026-08-05
CUST100063,REVIEW,False,,NOT_REQUIRED,2026-08-05,WALLET-01,BATCH-2026-08-05
CUST100064,OPENED,False,,NOT_REQUIRED,2026-08-05,WALLET-01,BATCH-2026-08-05
CUST100065,OPENED,False,,NOT_REQUIRED,2026-08-05,WALLET-01,BATCH-2026-08-05
CUST100066,OPENED,False,,NOT_REQUIRED,2026-08-05,WALLET-01,BATCH-2026-08-05
CUST100067,REVIEW,False,,NOT_REQUIRED,2026-08-05,WALLET-01,BATCH-2026-08-05
CUST100068,OPENED,False,,PENDING,2026-08-05,WALLET-01,BATCH-2026-08-05
CUST100069,OPENED,False,,NOT_REQUIRED,2026-08-05,WALLET-01,BATCH-2026-08-05
CUST100070,OPENED,False,,NOT_REQUIRED,2026-08-05,WALLET-01,BATCH-2026-08-05
CUST100071,PENDING,False,,NOT_REQUIRED,2026-08-05,WALLET-01,BATCH-2026-08-05
CUST100072,OPENED,False,,NOT_REQUIRED,2026-08-05,WALLET-01,BATCH-2026-08-05
CUST100073,OPENED,False,,NOT_REQUIRED,2026-08-05,WALLET-01,BATCH-2026-08-05
CUST100074,OPENED,False,,NOT_REQUIRED,2026-08-05,WALLET-01,BATCH-2026-08-05
CUST100075,OPENED,False,,NOT_REQUIRED,2026-08-05,WALLET-01,BATCH-2026-08-05
CUST100076,REVIEW,False,,NOT_REQUIRED,2026-08-05,WALLET-01,BATCH-2026-08-05
CUST100077,OPENED,False,,NOT_REQUIRED,2026-08-05,WALLET-01,BATCH-2026-08-05
CUST100078,OPENED,False,,NOT_REQUIRED,2026-08-05,WALLET-01,BATCH-2026-08-05
CUST100079,OPENED,False,,NOT_REQUIRED,2026-08-05,WALLET-01,BATCH-2026-08-05
CUST100080,OPENED,False,,NOT_REQUIRED,2026-08-05,WALLET-01,BATCH-2026-08-05
CUST100081,OPENED,False,,NOT_REQUIRED,2026-08-05,WALLET-01,BATCH-2026-08-05
CUST100082,OPENED,False,,NOT_REQUIRED,2026-08-05,WALLET-01,BATCH-2026-08-05
CUST100083,OPENED,False,,NOT_REQUIRED,2026-08-05,WALLET-01,BATCH-2026-08-05
CUST100084,OPENED,False,,NOT_REQUIRED,2026-08-05,WALLET-01,BATCH-2026-08-05
CUST100085,OPENED,False,,PENDING,2026-08-05,WALLET-01,BATCH-2026-08-05
CUST100086,OPENED,False,,NOT_REQUIRED,2026-08-05,WALLET-01,BATCH-2026-08-05
CUST100087,OPENED,False,,NOT_REQUIRED,2026-08-05,WALLET-01,BATCH-2026-08-05
CUST100088,OPENED,False,,NOT_REQUIRED,2026-08-05,WALLET-01,BATCH-2026-08-05
CUST100089,OPENED,False,,NOT_REQUIRED,2026-08-05,WALLET-01,BATCH-2026-08-05
CUST100090,OPENED,False,,NOT_REQUIRED,2026-08-05,WALLET-01,BATCH-2026-08-05
CUST100091,OPENED,False,,NOT_REQUIRED,2026-08-05,WALLET-01,BATCH-2026-08-05
CUST100092,OPENED,False,,NOT_REQUIRED,2026-08-05,WALLET-01,BATCH-2026-08-05
CUST100093,PENDING,False,,NOT_REQUIRED,2026-08-05,WALLET-01,BATCH-2026-08-05
CUST100094,OPENED,False,,NOT_REQUIRED,2026-08-05,WALLET-01,BATCH-2026-08-05
CUST100095,OPENED,False,,NOT_REQUIRED,2026-08-05,WALLET-01,BATCH-2026-08-05
CUST100096,OPENED,False,,NOT_REQUIRED,2026-08-05,WALLET-01,BATCH-2026-08-05
CUST100097,OPENED,False,,NOT_REQUIRED,2026-08-05,WALLET-01,BATCH-2026-08-05
CUST100098,OPENED,False,,NOT_REQUIRED,2026-08-05,WALLET-01,BATCH-2026-08-05
CUST100099,OPENED,False,,NOT_REQUIRED,2026-08-05,WALLET-01,BATCH-2026-08-05
CUST100100,OPENED,False,,NOT_REQUIRED,2026-08-05,WALLET-01,BATCH-2026-08-05
CUST100101,PENDING,False,,NOT_REQUIRED,2026-08-05,WALLET-01,BATCH-2026-08-05
CUST100102,OPENED,False,,NOT_REQUIRED,2026-08-05,WALLET-01,BATCH-2026-08-05
CUST100103,OPENED,False,,NOT_REQUIRED,2026-08-05,WALLET-01,BATCH-2026-08-05
CUST100104,OPENED,False,,NOT_REQUIRED,2026-08-05,WALLET-01,BATCH-2026-08-05
CUST100105,OPENED,False,,NOT_REQUIRED,2026-08-05,WALLET-01,BATCH-2026-08-05
CUST100106,PENDING,False,,NOT_REQUIRED,2026-08-05,WALLET-01,BATCH-2026-08-05
CUST100107,REVIEW,False,,NOT_REQUIRED,2026-08-05,WALLET-01,BATCH-2026-08-05
CUST100108,OPENED,False,,PENDING,2026-08-05,WALLET-01,BATCH-2026-08-05
CUST100109,OPENED,False,,NOT_REQUIRED,2026-08-05,WALLET-01,BATCH-2026-08-05
CUST100110,PENDING,False,,NOT_REQUIRED,2026-08-05,WALLET-01,BATCH-2026-08-05
CUST100111,OPENED,False,,NOT_REQUIRED,2026-08-05,WALLET-01,BATCH-2026-08-05
CUST100112,OPENED,False,,NOT_REQUIRED,2026-08-05,WALLET-01,BATCH-2026-08-05
CUST100113,OPENED,False,,NOT_REQUIRED,2026-08-05,WALLET-01,BATCH-2026-08-05
CUST100114,OPENED,False,,NOT_REQUIRED,2026-08-05,WALLET-01,BATCH-2026-08-05
CUST100115,OPENED,False,,NOT_REQUIRED,2026-08-05,WALLET-01,BATCH-2026-08-05
CUST100116,OPENED,False,,NOT_REQUIRED,2026-08-05,WALLET-01,BATCH-2026-08-05
CUST100117,OPENED,False,,NOT_REQUIRED,2026-08-05,WALLET-01,BATCH-2026-08-05
CUST100118,OPENED,False,,NOT_REQUIRED,2026-08-05,WALLET-01,BATCH-2026-08-05
CUST100119,OPENED,True,EXC-100119,NOT_REQUIRED,2026-08-05,WALLET-01,BATCH-2026-08-05
CUST100120,OPENED,False,,PENDING,2026-08-05,WALLET-01,BATCH-2026-08-05
CUST100121,OPENED,False,,NOT_REQUIRED,2026-08-05,WALLET-01,BATCH-2026-08-05
CUST100122,OPENED,False,,NOT_REQUIRED,2026-08-05,WALLET-01,BATCH-2026-08-05
CUST100123,OPENED,False,,NOT_REQUIRED,2026-08-05,WALLET-01,BATCH-2026-08-05
CUST100124,PENDING,False,,COMPLETED,2026-08-05,WALLET-01,BATCH-2026-08-05
CUST100125,OPENED,False,,NOT_REQUIRED,2026-08-05,WALLET-01,BATCH-2026-08-05
CUST100126,OPENED,False,,NOT_REQUIRED,2026-08-05,WALLET-01,BATCH-2026-08-05
CUST100127,OPENED,False,,NOT_REQUIRED,2026-08-05,WALLET-01,BATCH-2026-08-05
CUST100128,PENDING,False,,NOT_REQUIRED,2026-08-05,WALLET-01,BATCH-2026-08-05
CUST100129,OPENED,False,,NOT_REQUIRED,2026-08-05,WALLET-01,BATCH-2026-08-05
CUST100130,OPENED,False,,NOT_REQUIRED,2026-08-05,WALLET-01,BATCH-2026-08-05
CUST100131,REVIEW,False,,NOT_REQUIRED,2026-08-05,WALLET-01,BATCH-2026-08-05
CUST100132,REVIEW,False,,NOT_REQUIRED,2026-08-05,WALLET-01,BATCH-2026-08-05
CUST100133,PENDING,False,,NOT_REQUIRED,2026-08-05,WALLET-01,BATCH-2026-08-05
CUST100134,OPENED,False,,NOT_REQUIRED,2026-08-05,WALLET-01,BATCH-2026-08-05
CUST100135,OPENED,False,,NOT_REQUIRED,2026-08-05,WALLET-01,BATCH-2026-08-05
CUST100136,OPENED,False,,NOT_REQUIRED,2026-08-05,WALLET-01,BATCH-2026-08-05
CUST100137,OPENED,False,,NOT_REQUIRED,2026-08-05,WALLET-01,BATCH-2026-08-05
CUST100138,PENDING,False,,NOT_REQUIRED,2026-08-05,WALLET-01,BATCH-2026-08-05
CUST100139,OPENED,False,,NOT_REQUIRED,2026-08-05,WALLET-01,BATCH-2026-08-05
CUST100140,OPENED,False,,NOT_REQUIRED,2026-08-05,WALLET-01,BATCH-2026-08-05
CUST100141,OPENED,False,,NOT_REQUIRED,2026-08-05,WALLET-01,BATCH-2026-08-05
CUST100142,OPENED,False,,NOT_REQUIRED,2026-08-05,WALLET-01,BATCH-2026-08-05
CUST100143,OPENED,False,,NOT_REQUIRED,2026-08-05,WALLET-01,BATCH-2026-08-05
CUST100144,OPENED,False,,NOT_REQUIRED,2026-08-05,WALLET-01,BATCH-2026-08-05
CUST100145,OPENED,False,,NOT_REQUIRED,2026-08-05,WALLET-01,BATCH-2026-08-05
CUST100146,OPENED,False,,NOT_REQUIRED,2026-08-05,WALLET-01,BATCH-2026-08-05
CUST100147,REVIEW,False,,NOT_REQUIRED,2026-08-05,WALLET-01,BATCH-2026-08-05
CUST100148,OPENED,False,,NOT_REQUIRED,2026-08-05,WALLET-01,BATCH-2026-08-05
CUST100149,OPENED,False,,NOT_REQUIRED,2026-08-05,WALLET-01,BATCH-2026-08-05
CUST100150,OPENED,False,,NOT_REQUIRED,2026-08-05,WALLET-01,BATCH-2026-08-05
CUST100151,OPENED,False,,NOT_REQUIRED,2026-08-05,WALLET-01,BATCH-2026-08-05
CUST100152,OPENED,False,,NOT_REQUIRED,2026-08-05,WALLET-01,BATCH-2026-08-05
CUST100153,OPENED,False,,NOT_REQUIRED,2026-08-05,WALLET-01,BATCH-2026-08-05
CUST100154,OPENED,False,,NOT_REQUIRED,2026-08-05,WALLET-01,BATCH-2026-08-05
CUST100155,OPENED,False,,NOT_REQUIRED,2026-08-05,WALLET-01,BATCH-2026-08-05
CUST100156,OPENED,False,,NOT_REQUIRED,2026-08-05,WALLET-01,BATCH-2026-08-05
CUST100157,OPENED,False,,NOT_REQUIRED,2026-08-05,WALLET-01,BATCH-2026-08-05
CUST100158,OPENED,False,,NOT_REQUIRED,2026-08-05,WALLET-01,BATCH-2026-08-05
CUST100159,OPENED,False,,NOT_REQUIRED,2026-08-05,WALLET-01,BATCH-2026-08-05
CUST100160,OPENED,False,,NOT_REQUIRED,2026-08-05,WALLET-01,BATCH-2026-08-05
CUST100161,PENDING,False,,NOT_REQUIRED,2026-08-05,WALLET-01,BATCH-2026-08-05
CUST100162,OPENED,False,,NOT_REQUIRED,2026-08-05,WALLET-01,BATCH-2026-08-05
CUST100163,OPENED,False,,NOT_REQUIRED,2026-08-05,WALLET-01,BATCH-2026-08-05
CUST100164,OPENED,False,,NOT_REQUIRED,2026-08-05,WALLET-01,BATCH-2026-08-05
CUST100165,OPENED,False,,NOT_REQUIRED,2026-08-05,WALLET-01,BATCH-2026-08-05
CUST100166,OPENED,False,,NOT_REQUIRED,2026-08-05,WALLET-01,BATCH-2026-08-05
CUST100167,OPENED,False,,NOT_REQUIRED,2026-08-05,WALLET-01,BATCH-2026-08-05
CUST100168,OPENED,False,,NOT_REQUIRED,2026-08-05,WALLET-01,BATCH-2026-08-05
CUST100169,OPENED,False,,NOT_REQUIRED,2026-08-05,WALLET-01,BATCH-2026-08-05
CUST100170,OPENED,False,,PENDING,2026-08-05,WALLET-01,BATCH-2026-08-05
CUST100171,OPENED,False,,NOT_REQUIRED,2026-08-05,WALLET-01,BATCH-2026-08-05
CUST100172,OPENED,False,,PENDING,2026-08-05,WALLET-01,BATCH-2026-08-05
CUST100173,OPENED,False,,NOT_REQUIRED,2026-08-05,WALLET-01,BATCH-2026-08-05
CUST100174,OPENED,False,,NOT_REQUIRED,2026-08-05,WALLET-01,BATCH-2026-08-05
CUST100175,OPENED,False,,NOT_REQUIRED,2026-08-05,WALLET-01,BATCH-2026-08-05
CUST100176,OPENED,False,,NOT_REQUIRED,2026-08-05,WALLET-01,BATCH-2026-08-05
CUST100177,OPENED,False,,PENDING,2026-08-05,WALLET-01,BATCH-2026-08-05
CUST100178,OPENED,False,,NOT_REQUIRED,2026-08-05,WALLET-01,BATCH-2026-08-05
CUST100179,REVIEW,False,,NOT_REQUIRED,2026-08-05,WALLET-01,BATCH-2026-08-05
CUST100180,OPENED,False,,NOT_REQUIRED,2026-08-05,WALLET-01,BATCH-2026-08-05
CUST100181,REVIEW,False,,NOT_REQUIRED,2026-08-05,WALLET-01,BATCH-2026-08-05
CUST100182,OPENED,False,,NOT_REQUIRED,2026-08-05,WALLET-01,BATCH-2026-08-05
CUST100183,OPENED,False,,NOT_REQUIRED,2026-08-05,WALLET-01,BATCH-2026-08-05
CUST100184,OPENED,False,,PENDING,2026-08-05,WALLET-01,BATCH-2026-08-05
CUST100185,PENDING,False,,NOT_REQUIRED,2026-08-05,WALLET-01,BATCH-2026-08-05
CUST100186,PENDING,False,,NOT_REQUIRED,2026-08-05,WALLET-01,BATCH-2026-08-05
CUST100187,OPENED,False,,NOT_REQUIRED,2026-08-05,WALLET-01,BATCH-2026-08-05
CUST100188,OPENED,False,,NOT_REQUIRED,2026-08-05,WALLET-01,BATCH-2026-08-05
CUST100189,OPENED,False,,NOT_REQUIRED,2026-08-05,WALLET-01,BATCH-2026-08-05
CUST100190,OPENED,False,,NOT_REQUIRED,2026-08-05,WALLET-01,BATCH-2026-08-05
CUST100191,OPENED,False,,NOT_REQUIRED,2026-08-05,WALLET-01,BATCH-2026-08-05
CUST100192,OPENED,False,,NOT_REQUIRED,2026-08-05,WALLET-01,BATCH-2026-08-05
CUST100193,OPENED,False,,NOT_REQUIRED,2026-08-05,WALLET-01,BATCH-2026-08-05
CUST100194,OPENED,False,,NOT_REQUIRED,2026-08-05,WALLET-01,BATCH-2026-08-05
CUST100195,OPENED,False,,NOT_REQUIRED,2026-08-05,WALLET-01,BATCH-2026-08-05
CUST100196,OPENED,False,,NOT_REQUIRED,2026-08-05,WALLET-01,BATCH-2026-08-05
CUST100197,OPENED,False,,NOT_REQUIRED,2026-08-05,WALLET-01,BATCH-2026-08-05
CUST100198,OPENED,False,,NOT_REQUIRED,2026-08-05,WALLET-01,BATCH-2026-08-05
CUST100199,PENDING,False,,NOT_REQUIRED,2026-08-05,WALLET-01,BATCH-2026-08-05
CUST100200,OPENED,False,,NOT_REQUIRED,2026-08-05,WALLET-01,BATCH-2026-08-05
CUST100201,OPENED,False,,NOT_REQUIRED,2026-08-05,WALLET-01,BATCH-2026-08-05
CUST100202,PENDING,False,,NOT_REQUIRED,2026-08-05,WALLET-01,BATCH-2026-08-05
CUST100203,OPENED,False,,NOT_REQUIRED,2026-08-05,WALLET-01,BATCH-2026-08-05
CUST100204,OPENED,False,,NOT_REQUIRED,2026-08-05,WALLET-01,BATCH-2026-08-05
CUST100205,OPENED,False,,NOT_REQUIRED,2026-08-05,WALLET-01,BATCH-2026-08-05
CUST100206,OPENED,False,,NOT_REQUIRED,2026-08-05,WALLET-01,BATCH-2026-08-05
CUST100207,OPENED,False,,NOT_REQUIRED,2026-08-05,WALLET-01,BATCH-2026-08-05
CUST100208,OPENED,False,,NOT_REQUIRED,2026-08-05,WALLET-01,BATCH-2026-08-05
CUST100209,OPENED,False,,NOT_REQUIRED,2026-08-05,WALLET-01,BATCH-2026-08-05
CUST100210,REVIEW,False,,NOT_REQUIRED,2026-08-05,WALLET-01,BATCH-2026-08-05
CUST100211,OPENED,False,,NOT_REQUIRED,2026-08-05,WALLET-01,BATCH-2026-08-05
CUST100212,OPENED,False,,NOT_REQUIRED,2026-08-05,WALLET-01,BATCH-2026-08-05
CUST100213,OPENED,False,,NOT_REQUIRED,2026-08-05,WALLET-01,BATCH-2026-08-05
CUST100214,OPENED,False,,NOT_REQUIRED,2026-08-05,WALLET-01,BATCH-2026-08-05
CUST100215,OPENED,False,,NOT_REQUIRED,2026-08-05,WALLET-01,BATCH-2026-08-05
CUST100216,OPENED,False,,NOT_REQUIRED,2026-08-05,WALLET-01,BATCH-2026-08-05
CUST100217,OPENED,False,,NOT_REQUIRED,2026-08-05,WALLET-01,BATCH-2026-08-05
CUST100218,REVIEW,False,,COMPLETED,2026-08-05,WALLET-01,BATCH-2026-08-05
CUST100219,OPENED,False,,NOT_REQUIRED,2026-08-05,WALLET-01,BATCH-2026-08-05
CUST100220,OPENED,False,,NOT_REQUIRED,2026-08-05,WALLET-01,BATCH-2026-08-05
CUST100221,PENDING,False,,NOT_REQUIRED,2026-08-05,WALLET-01,BATCH-2026-08-05
CUST100222,OPENED,False,,PENDING,2026-08-05,WALLET-01,BATCH-2026-08-05
CUST100223,OPENED,False,,NOT_REQUIRED,2026-08-05,WALLET-01,BATCH-2026-08-05
CUST100224,OPENED,False,,NOT_REQUIRED,2026-08-05,WALLET-01,BATCH-2026-08-05
CUST100225,OPENED,False,,NOT_REQUIRED,2026-08-05,WALLET-01,BATCH-2026-08-05
CUST100226,OPENED,False,,NOT_REQUIRED,2026-08-05,WALLET-01,BATCH-2026-08-05
CUST100227,OPENED,False,,NOT_REQUIRED,2026-08-05,WALLET-01,BATCH-2026-08-05
CUST100228,OPENED,False,,NOT_REQUIRED,2026-08-05,WALLET-01,BATCH-2026-08-05
CUST100229,OPENED,False,,NOT_REQUIRED,2026-08-05,WALLET-01,BATCH-2026-08-05
CUST100230,OPENED,False,,PENDING,2026-08-05,WALLET-01,BATCH-2026-08-05
CUST100231,OPENED,False,,NOT_REQUIRED,2026-08-05,WALLET-01,BATCH-2026-08-05
CUST100232,OPENED,False,,NOT_REQUIRED,2026-08-05,WALLET-01,BATCH-2026-08-05
CUST100233,REVIEW,False,,NOT_REQUIRED,2026-08-05,WALLET-01,BATCH-2026-08-05
CUST100234,OPENED,False,,NOT_REQUIRED,2026-08-05,WALLET-01,BATCH-2026-08-05
CUST100235,OPENED,False,,NOT_REQUIRED,2026-08-05,WALLET-01,BATCH-2026-08-05
CUST100236,OPENED,False,,NOT_REQUIRED,2026-08-05,WALLET-01,BATCH-2026-08-05
CUST100237,OPENED,False,,NOT_REQUIRED,2026-08-05,WALLET-01,BATCH-2026-08-05
CUST100238,OPENED,False,,NOT_REQUIRED,2026-08-05,WALLET-01,BATCH-2026-08-05
CUST100239,OPENED,False,,NOT_REQUIRED,2026-08-05,WALLET-01,BATCH-2026-08-05
CUST100240,REVIEW,False,,NOT_REQUIRED,2026-08-05,WALLET-01,BATCH-2026-08-05
CUST100241,OPENED,False,,NOT_REQUIRED,2026-08-05,WALLET-01,BATCH-2026-08-05
CUST100242,OPENED,False,,NOT_REQUIRED,2026-08-05,WALLET-01,BATCH-2026-08-05
CUST100243,OPENED,False,,NOT_REQUIRED,2026-08-05,WALLET-01,BATCH-2026-08-05
CUST100244,OPENED,False,,NOT_REQUIRED,2026-08-05,WALLET-01,BATCH-2026-08-05
CUST100245,PENDING,False,,NOT_REQUIRED,2026-08-05,WALLET-01,BATCH-2026-08-05
CUST100246,OPENED,False,,NOT_REQUIRED,2026-08-05,WALLET-01,BATCH-2026-08-05
CUST100247,OPENED,False,,NOT_REQUIRED,2026-08-05,WALLET-01,BATCH-2026-08-05
CUST100248,OPENED,False,,NOT_REQUIRED,2026-08-05,WALLET-01,BATCH-2026-08-05
CUST100249,OPENED,False,,NOT_REQUIRED,2026-08-05,WALLET-01,BATCH-2026-08-05
CUST100250,PENDING,False,,NOT_REQUIRED,2026-08-05,WALLET-01,BATCH-2026-08-05
CUST100251,OPENED,False,,NOT_REQUIRED,2026-08-05,WALLET-01,BATCH-2026-08-05
CUST100252,OPENED,False,,NOT_REQUIRED,2026-08-05,WALLET-01,BATCH-2026-08-05
CUST100253,OPENED,False,,NOT_REQUIRED,2026-08-05,WALLET-01,BATCH-2026-08-05
CUST100254,REVIEW,False,,NOT_REQUIRED,2026-08-05,WALLET-01,BATCH-2026-08-05
CUST100255,OPENED,False,,NOT_REQUIRED,2026-08-05,WALLET-01,BATCH-2026-08-05
CUST100256,OPENED,False,,NOT_REQUIRED,2026-08-05,WALLET-01,BATCH-2026-08-05
CUST100257,OPENED,False,,NOT_REQUIRED,2026-08-05,WALLET-01,BATCH-2026-08-05
CUST100258,OPENED,False,,PENDING,2026-08-05,WALLET-01,BATCH-2026-08-05
CUST100259,PENDING,False,,NOT_REQUIRED,2026-08-05,WALLET-01,BATCH-2026-08-05
CUST100260,OPENED,False,,PENDING,2026-08-05,WALLET-01,BATCH-2026-08-05
CUST100261,REVIEW,False,,NOT_REQUIRED,2026-08-05,WALLET-01,BATCH-2026-08-05
CUST100262,OPENED,False,,NOT_REQUIRED,2026-08-05,WALLET-01,BATCH-2026-08-05
CUST100263,OPENED,False,,NOT_REQUIRED,2026-08-05,WALLET-01,BATCH-2026-08-05
CUST100264,OPENED,False,,NOT_REQUIRED,2026-08-05,WALLET-01,BATCH-2026-08-05
CUST100265,OPENED,False,,NOT_REQUIRED,2026-08-05,WALLET-01,BATCH-2026-08-05
CUST100266,OPENED,False,,NOT_REQUIRED,2026-08-05,WALLET-01,BATCH-2026-08-05
CUST100267,OPENED,False,,NOT_REQUIRED,2026-08-05,WALLET-01,BATCH-2026-08-05
CUST100268,OPENED,False,,NOT_REQUIRED,2026-08-05,WALLET-01,BATCH-2026-08-05
CUST100269,OPENED,False,,NOT_REQUIRED,2026-08-05,WALLET-01,BATCH-2026-08-05
CUST100270,OPENED,False,,PENDING,2026-08-05,WALLET-01,BATCH-2026-08-05
CUST100271,OPENED,False,,NOT_REQUIRED,2026-08-05,WALLET-01,BATCH-2026-08-05
CUST100272,OPENED,False,,NOT_REQUIRED,2026-08-05,WALLET-01,BATCH-2026-08-05
CUST100273,OPENED,False,,NOT_REQUIRED,2026-08-05,WALLET-01,BATCH-2026-08-05
CUST100274,OPENED,False,,NOT_REQUIRED,2026-08-05,WALLET-01,BATCH-2026-08-05
CUST100275,PENDING,False,,NOT_REQUIRED,2026-08-05,WALLET-01,BATCH-2026-08-05
CUST100276,OPENED,False,,NOT_REQUIRED,2026-08-05,WALLET-01,BATCH-2026-08-05
CUST100277,OPENED,False,,NOT_REQUIRED,2026-08-05,WALLET-01,BATCH-2026-08-05
CUST100278,OPENED,False,,NOT_REQUIRED,2026-08-05,WALLET-01,BATCH-2026-08-05
CUST100279,OPENED,False,,NOT_REQUIRED,2026-08-05,WALLET-01,BATCH-2026-08-05
CUST100280,OPENED,False,,NOT_REQUIRED,2026-08-05,WALLET-01,BATCH-2026-08-05
CUST100281,OPENED,False,,NOT_REQUIRED,2026-08-05,WALLET-01,BATCH-2026-08-05
CUST100282,OPENED,False,,NOT_REQUIRED,2026-08-05,WALLET-01,BATCH-2026-08-05
CUST100283,OPENED,False,,NOT_REQUIRED,2026-08-05,WALLET-01,BATCH-2026-08-05
CUST100284,OPENED,False,,NOT_REQUIRED,2026-08-05,WALLET-01,BATCH-2026-08-05
CUST100285,OPENED,False,,NOT_REQUIRED,2026-08-05,WALLET-01,BATCH-2026-08-05
CUST100286,OPENED,False,,NOT_REQUIRED,2026-08-05,WALLET-01,BATCH-2026-08-05
CUST100287,OPENED,False,,NOT_REQUIRED,2026-08-05,WALLET-01,BATCH-2026-08-05
CUST100288,OPENED,False,,PENDING,2026-08-05,WALLET-01,BATCH-2026-08-05
CUST100289,OPENED,False,,NOT_REQUIRED,2026-08-05,WALLET-01,BATCH-2026-08-05
CUST100290,REVIEW,False,,NOT_REQUIRED,2026-08-05,WALLET-01,BATCH-2026-08-05
CUST100291,OPENED,False,,NOT_REQUIRED,2026-08-05,WALLET-01,BATCH-2026-08-05
CUST100292,OPENED,False,,NOT_REQUIRED,2026-08-05,WALLET-01,BATCH-2026-08-05
CUST100293,OPENED,False,,NOT_REQUIRED,2026-08-05,WALLET-01,BATCH-2026-08-05
CUST100294,OPENED,False,,NOT_REQUIRED,2026-08-05,WALLET-01,BATCH-2026-08-05
CUST100295,OPENED,False,,NOT_REQUIRED,2026-08-05,WALLET-01,BATCH-2026-08-05
CUST100296,OPENED,False,,NOT_REQUIRED,2026-08-05,WALLET-01,BATCH-2026-08-05
CUST100297,OPENED,False,,NOT_REQUIRED,2026-08-05,WALLET-01,BATCH-2026-08-05
CUST100298,OPENED,False,,NOT_REQUIRED,2026-08-05,WALLET-01,BATCH-2026-08-05
CUST100299,OPENED,False,,NOT_REQUIRED,2026-08-05,WALLET-01,BATCH-2026-08-05
CUST100300,REVIEW,False,,NOT_REQUIRED,2026-08-05,WALLET-01,BATCH-2026-08-05
CUST100301,OPENED,False,,NOT_REQUIRED,2026-08-05,WALLET-01,BATCH-2026-08-05
CUST100302,OPENED,False,,PENDING,2026-08-05,WALLET-01,BATCH-2026-08-05
CUST100303,OPENED,False,,NOT_REQUIRED,2026-08-05,WALLET-01,BATCH-2026-08-05
CUST100304,OPENED,False,,NOT_REQUIRED,2026-08-05,WALLET-01,BATCH-2026-08-05
CUST100305,OPENED,False,,NOT_REQUIRED,2026-08-05,WALLET-01,BATCH-2026-08-05
CUST100306,OPENED,False,,NOT_REQUIRED,2026-08-05,WALLET-01,BATCH-2026-08-05
CUST100307,OPENED,False,,NOT_REQUIRED,2026-08-05,WALLET-01,BATCH-2026-08-05
CUST100308,PENDING,False,,COMPLETED,2026-08-05,WALLET-01,BATCH-2026-08-05
CUST100309,OPENED,False,,NOT_REQUIRED,2026-08-05,WALLET-01,BATCH-2026-08-05
CUST100310,REVIEW,False,,NOT_REQUIRED,2026-08-05,WALLET-01,BATCH-2026-08-05
CUST100311,PENDING,False,,NOT_REQUIRED,2026-08-05,WALLET-01,BATCH-2026-08-05
CUST100312,OPENED,False,,NOT_REQUIRED,2026-08-05,WALLET-01,BATCH-2026-08-05
CUST100313,OPENED,False,,NOT_REQUIRED,2026-08-05,WALLET-01,BATCH-2026-08-05
CUST100314,OPENED,False,,NOT_REQUIRED,2026-08-05,WALLET-01,BATCH-2026-08-05
CUST100315,OPENED,False,,NOT_REQUIRED,2026-08-05,WALLET-01,BATCH-2026-08-05
CUST100316,OPENED,False,,PENDING,2026-08-05,WALLET-01,BATCH-2026-08-05
CUST100317,OPENED,False,,NOT_REQUIRED,2026-08-05,WALLET-01,BATCH-2026-08-05
CUST100318,OPENED,False,,NOT_REQUIRED,2026-08-05,WALLET-01,BATCH-2026-08-05
CUST100319,OPENED,False,,NOT_REQUIRED,2026-08-05,WALLET-01,BATCH-2026-08-05
CUST100320,OPENED,False,,NOT_REQUIRED,2026-08-05,WALLET-01,BATCH-2026-08-05
CUST100321,OPENED,False,,NOT_REQUIRED,2026-08-05,WALLET-01,BATCH-2026-08-05
CUST100322,OPENED,False,,NOT_REQUIRED,2026-08-05,WALLET-01,BATCH-2026-08-05
CUST100323,OPENED,False,,NOT_REQUIRED,2026-08-05,WALLET-01,BATCH-2026-08-05
CUST100324,OPENED,False,,NOT_REQUIRED,2026-08-05,WALLET-01,BATCH-2026-08-05
CUST100325,REVIEW,False,,NOT_REQUIRED,2026-08-05,WALLET-01,BATCH-2026-08-05
CUST100326,OPENED,False,,NOT_REQUIRED,2026-08-05,WALLET-01,BATCH-2026-08-05
CUST100327,OPENED,False,,NOT_REQUIRED,2026-08-05,WALLET-01,BATCH-2026-08-05
CUST100328,OPENED,False,,NOT_REQUIRED,2026-08-05,WALLET-01,BATCH-2026-08-05
CUST100329,OPENED,False,,PENDING,2026-08-05,WALLET-01,BATCH-2026-08-05
CUST100330,OPENED,False,,NOT_REQUIRED,2026-08-05,WALLET-01,BATCH-2026-08-05
CUST100331,OPENED,False,,PENDING,2026-08-05,WALLET-01,BATCH-2026-08-05
CUST100332,OPENED,False,,NOT_REQUIRED,2026-08-05,WALLET-01,BATCH-2026-08-05
CUST100333,OPENED,False,,NOT_REQUIRED,2026-08-05,WALLET-01,BATCH-2026-08-05
CUST100334,OPENED,False,,NOT_REQUIRED,2026-08-05,WALLET-01,BATCH-2026-08-05
CUST100335,OPENED,False,,NOT_REQUIRED,2026-08-05,WALLET-01,BATCH-2026-08-05
CUST100336,OPENED,False,,NOT_REQUIRED,2026-08-05,WALLET-01,BATCH-2026-08-05
CUST100337,REVIEW,False,,NOT_REQUIRED,2026-08-05,WALLET-01,BATCH-2026-08-05
CUST100338,OPENED,False,,NOT_REQUIRED,2026-08-05,WALLET-01,BATCH-2026-08-05
CUST100339,OPENED,False,,NOT_REQUIRED,2026-08-05,WALLET-01,BATCH-2026-08-05
CUST100340,OPENED,False,,NOT_REQUIRED,2026-08-05,WALLET-01,BATCH-2026-08-05
CUST100341,OPENED,False,,NOT_REQUIRED,2026-08-05,WALLET-01,BATCH-2026-08-05
CUST100342,OPENED,False,,NOT_REQUIRED,2026-08-05,WALLET-01,BATCH-2026-08-05
CUST100343,OPENED,False,,NOT_REQUIRED,2026-08-05,WALLET-01,BATCH-2026-08-05
CUST100344,OPENED,False,,NOT_REQUIRED,2026-08-05,WALLET-01,BATCH-2026-08-05
CUST100345,OPENED,False,,PENDING,2026-08-05,WALLET-01,BATCH-2026-08-05
CUST100346,OPENED,False,,NOT_REQUIRED,2026-08-05,WALLET-01,BATCH-2026-08-05
CUST100347,OPENED,False,,NOT_REQUIRED,2026-08-05,WALLET-01,BATCH-2026-08-05
CUST100348,OPENED,False,,NOT_REQUIRED,2026-08-05,WALLET-01,BATCH-2026-08-05
CUST100349,OPENED,False,,NOT_REQUIRED,2026-08-05,WALLET-01,BATCH-2026-08-05
CUST100350,OPENED,False,,NOT_REQUIRED,2026-08-05,WALLET-01,BATCH-2026-08-05
CUST100351,OPENED,False,,PENDING,2026-08-05,WALLET-01,BATCH-2026-08-05
CUST100352,PENDING,False,,NOT_REQUIRED,2026-08-05,WALLET-01,BATCH-2026-08-05
CUST100353,OPENED,False,,NOT_REQUIRED,2026-08-05,WALLET-01,BATCH-2026-08-05
CUST100354,PENDING,False,,NOT_REQUIRED,2026-08-05,WALLET-01,BATCH-2026-08-05
CUST100355,OPENED,False,,NOT_REQUIRED,2026-08-05,WALLET-01,BATCH-2026-08-05
CUST100356,OPENED,False,,PENDING,2026-08-05,WALLET-01,BATCH-2026-08-05
CUST100357,OPENED,False,,NOT_REQUIRED,2026-08-05,WALLET-01,BATCH-2026-08-05
CUST100358,REVIEW,False,,NOT_REQUIRED,2026-08-05,WALLET-01,BATCH-2026-08-05
CUST100359,OPENED,False,,NOT_REQUIRED,2026-08-05,WALLET-01,BATCH-2026-08-05
CUST100360,OPENED,False,,NOT_REQUIRED,2026-08-05,WALLET-01,BATCH-2026-08-05
CUST100361,PENDING,False,,NOT_REQUIRED,2026-08-05,WALLET-01,BATCH-2026-08-05
CUST100362,OPENED,False,,NOT_REQUIRED,2026-08-05,WALLET-01,BATCH-2026-08-05
CUST100363,OPENED,False,,PENDING,2026-08-05,WALLET-01,BATCH-2026-08-05
CUST100364,OPENED,False,,NOT_REQUIRED,2026-08-05,WALLET-01,BATCH-2026-08-05
CUST100365,OPENED,False,,NOT_REQUIRED,2026-08-05,WALLET-01,BATCH-2026-08-05
CUST100366,OPENED,False,,NOT_REQUIRED,2026-08-05,WALLET-01,BATCH-2026-08-05
CUST100367,OPENED,False,,NOT_REQUIRED,2026-08-05,WALLET-01,BATCH-2026-08-05
CUST100368,OPENED,False,,NOT_REQUIRED,2026-08-05,WALLET-01,BATCH-2026-08-05
CUST100369,OPENED,False,,NOT_REQUIRED,2026-08-05,WALLET-01,BATCH-2026-08-05
CUST100370,REVIEW,False,,NOT_REQUIRED,2026-08-05,WALLET-01,BATCH-2026-08-05
CUST100371,OPENED,False,,NOT_REQUIRED,2026-08-05,WALLET-01,BATCH-2026-08-05
CUST100372,OPENED,False,,NOT_REQUIRED,2026-08-05,WALLET-01,BATCH-2026-08-05
CUST100373,OPENED,False,,NOT_REQUIRED,2026-08-05,WALLET-01,BATCH-2026-08-05
CUST100374,OPENED,False,,NOT_REQUIRED,2026-08-05,WALLET-01,BATCH-2026-08-05
CUST100375,OPENED,False,,NOT_REQUIRED,2026-08-05,WALLET-01,BATCH-2026-08-05
CUST100376,OPENED,False,,NOT_REQUIRED,2026-08-05,WALLET-01,BATCH-2026-08-05
CUST100377,OPENED,False,,NOT_REQUIRED,2026-08-05,WALLET-01,BATCH-2026-08-05
CUST100378,OPENED,False,,NOT_REQUIRED,2026-08-05,WALLET-01,BATCH-2026-08-05
CUST100379,OPENED,False,,NOT_REQUIRED,2026-08-05,WALLET-01,BATCH-2026-08-05
CUST100380,OPENED,False,,NOT_REQUIRED,2026-08-05,WALLET-01,BATCH-2026-08-05
CUST100381,OPENED,False,,NOT_REQUIRED,2026-08-05,WALLET-01,BATCH-2026-08-05
CUST100382,OPENED,False,,NOT_REQUIRED,2026-08-05,WALLET-01,BATCH-2026-08-05
CUST100383,OPENED,False,,NOT_REQUIRED,2026-08-05,WALLET-01,BATCH-2026-08-05
CUST100384,OPENED,False,,NOT_REQUIRED,2026-08-05,WALLET-01,BATCH-2026-08-05
CUST100385,PENDING,False,,COMPLETED,2026-08-05,WALLET-01,BATCH-2026-08-05
CUST100386,REVIEW,False,,NOT_REQUIRED,2026-08-05,WALLET-01,BATCH-2026-08-05
CUST100387,OPENED,False,,NOT_REQUIRED,2026-08-05,WALLET-01,BATCH-2026-08-05
CUST100388,OPENED,False,,NOT_REQUIRED,2026-08-05,WALLET-01,BATCH-2026-08-05
CUST100389,OPENED,False,,NOT_REQUIRED,2026-08-05,WALLET-01,BATCH-2026-08-05
CUST100390,OPENED,False,,NOT_REQUIRED,2026-08-05,WALLET-01,BATCH-2026-08-05
CUST100391,OPENED,False,,NOT_REQUIRED,2026-08-05,WALLET-01,BATCH-2026-08-05
CUST100392,OPENED,False,,NOT_REQUIRED,2026-08-05,WALLET-01,BATCH-2026-08-05
CUST100393,OPENED,False,,NOT_REQUIRED,2026-08-05,WALLET-01,BATCH-2026-08-05
CUST100394,PENDING,False,,NOT_REQUIRED,2026-08-05,WALLET-01,BATCH-2026-08-05
CUST100395,REVIEW,False,,NOT_REQUIRED,2026-08-05,WALLET-01,BATCH-2026-08-05
CUST100396,OPENED,False,,NOT_REQUIRED,2026-08-05,WALLET-01,BATCH-2026-08-05
CUST100397,OPENED,False,,NOT_REQUIRED,2026-08-05,WALLET-01,BATCH-2026-08-05
CUST100398,OPENED,False,,NOT_REQUIRED,2026-08-05,WALLET-01,BATCH-2026-08-05
CUST100399,PENDING,False,,NOT_REQUIRED,2026-08-05,WALLET-01,BATCH-2026-08-05
CUST100400,OPENED,False,,NOT_REQUIRED,2026-08-05,WALLET-01,BATCH-2026-08-05
CUST100401,PENDING,False,,NOT_REQUIRED,2026-08-05,WALLET-01,BATCH-2026-08-05
CUST100402,OPENED,False,,NOT_REQUIRED,2026-08-05,WALLET-01,BATCH-2026-08-05
CUST100403,OPENED,False,,NOT_REQUIRED,2026-08-05,WALLET-01,BATCH-2026-08-05
CUST100404,OPENED,False,,NOT_REQUIRED,2026-08-05,WALLET-01,BATCH-2026-08-05
CUST100405,OPENED,False,,NOT_REQUIRED,2026-08-05,WALLET-01,BATCH-2026-08-05
CUST100406,OPENED,False,,PENDING,2026-08-05,WALLET-01,BATCH-2026-08-05
CUST100407,OPENED,False,,NOT_REQUIRED,2026-08-05,WALLET-01,BATCH-2026-08-05
CUST100408,OPENED,False,,NOT_REQUIRED,2026-08-05,WALLET-01,BATCH-2026-08-05
CUST100409,OPENED,False,,NOT_REQUIRED,2026-08-05,WALLET-01,BATCH-2026-08-05
CUST100410,OPENED,False,,NOT_REQUIRED,2026-08-05,WALLET-01,BATCH-2026-08-05
CUST100411,REVIEW,False,,NOT_REQUIRED,2026-08-05,WALLET-01,BATCH-2026-08-05
CUST100412,OPENED,False,,NOT_REQUIRED,2026-08-05,WALLET-01,BATCH-2026-08-05
CUST100413,OPENED,False,,NOT_REQUIRED,2026-08-05,WALLET-01,BATCH-2026-08-05
CUST100414,OPENED,False,,NOT_REQUIRED,2026-08-05,WALLET-01,BATCH-2026-08-05
CUST100415,OPENED,False,,NOT_REQUIRED,2026-08-05,WALLET-01,BATCH-2026-08-05
CUST100416,OPENED,False,,NOT_REQUIRED,2026-08-05,WALLET-01,BATCH-2026-08-05
CUST100417,OPENED,False,,NOT_REQUIRED,2026-08-05,WALLET-01,BATCH-2026-08-05
CUST100418,OPENED,False,,NOT_REQUIRED,2026-08-05,WALLET-01,BATCH-2026-08-05
CUST100419,OPENED,False,,NOT_REQUIRED,2026-08-05,WALLET-01,BATCH-2026-08-05
CUST100420,OPENED,False,,NOT_REQUIRED,2026-08-05,WALLET-01,BATCH-2026-08-05
CUST100421,PENDING,False,,NOT_REQUIRED,2026-08-05,WALLET-01,BATCH-2026-08-05
CUST100422,OPENED,False,,NOT_REQUIRED,2026-08-05,WALLET-01,BATCH-2026-08-05
CUST100423,OPENED,False,,NOT_REQUIRED,2026-08-05,WALLET-01,BATCH-2026-08-05
CUST100424,OPENED,False,,NOT_REQUIRED,2026-08-05,WALLET-01,BATCH-2026-08-05
CUST100425,OPENED,False,,NOT_REQUIRED,2026-08-05,WALLET-01,BATCH-2026-08-05
CUST100426,OPENED,False,,NOT_REQUIRED,2026-08-05,WALLET-01,BATCH-2026-08-05
CUST100427,OPENED,False,,NOT_REQUIRED,2026-08-05,WALLET-01,BATCH-2026-08-05
CUST100428,OPENED,False,,NOT_REQUIRED,2026-08-05,WALLET-01,BATCH-2026-08-05
CUST100429,PENDING,False,,NOT_REQUIRED,2026-08-05,WALLET-01,BATCH-2026-08-05
CUST100430,OPENED,False,,NOT_REQUIRED,2026-08-05,WALLET-01,BATCH-2026-08-05
CUST100431,OPENED,False,,NOT_REQUIRED,2026-08-05,WALLET-01,BATCH-2026-08-05
CUST100432,OPENED,False,,NOT_REQUIRED,2026-08-05,WALLET-01,BATCH-2026-08-05
CUST100433,OPENED,False,,NOT_REQUIRED,2026-08-05,WALLET-01,BATCH-2026-08-05
CUST100434,OPENED,False,,NOT_REQUIRED,2026-08-05,WALLET-01,BATCH-2026-08-05
CUST100435,REVIEW,False,,NOT_REQUIRED,2026-08-05,WALLET-01,BATCH-2026-08-05
CUST100436,OPENED,False,,NOT_REQUIRED,2026-08-05,WALLET-01,BATCH-2026-08-05
CUST100437,OPENED,False,,NOT_REQUIRED,2026-08-05,WALLET-01,BATCH-2026-08-05
CUST100438,OPENED,False,,NOT_REQUIRED,2026-08-05,WALLET-01,BATCH-2026-08-05
CUST100439,OPENED,False,,NOT_REQUIRED,2026-08-05,WALLET-01,BATCH-2026-08-05
CUST100440,REVIEW,False,,NOT_REQUIRED,2026-08-05,WALLET-01,BATCH-2026-08-05
CUST100441,OPENED,False,,NOT_REQUIRED,2026-08-05,WALLET-01,BATCH-2026-08-05
CUST100442,OPENED,False,,NOT_REQUIRED,2026-08-05,WALLET-01,BATCH-2026-08-05
CUST100443,OPENED,False,,PENDING,2026-08-05,WALLET-01,BATCH-2026-08-05
CUST100444,PENDING,False,,NOT_REQUIRED,2026-08-05,WALLET-01,BATCH-2026-08-05
CUST100445,OPENED,False,,NOT_REQUIRED,2026-08-05,WALLET-01,BATCH-2026-08-05
CUST100446,PENDING,False,,NOT_REQUIRED,2026-08-05,WALLET-01,BATCH-2026-08-05
CUST100447,OPENED,False,,NOT_REQUIRED,2026-08-05,WALLET-01,BATCH-2026-08-05
CUST100448,OPENED,False,,NOT_REQUIRED,2026-08-05,WALLET-01,BATCH-2026-08-05
CUST100449,OPENED,False,,NOT_REQUIRED,2026-08-05,WALLET-01,BATCH-2026-08-05
CUST100450,OPENED,False,,NOT_REQUIRED,2026-08-05,WALLET-01,BATCH-2026-08-05
CUST100451,OPENED,False,,PENDING,2026-08-05,WALLET-01,BATCH-2026-08-05
CUST100452,OPENED,False,,NOT_REQUIRED,2026-08-05,WALLET-01,BATCH-2026-08-05
CUST100453,PENDING,False,,NOT_REQUIRED,2026-08-05,WALLET-01,BATCH-2026-08-05
CUST100454,OPENED,False,,NOT_REQUIRED,2026-08-05,WALLET-01,BATCH-2026-08-05
CUST100455,OPENED,False,,NOT_REQUIRED,2026-08-05,WALLET-01,BATCH-2026-08-05
CUST100456,OPENED,False,,NOT_REQUIRED,2026-08-05,WALLET-01,BATCH-2026-08-05
CUST100457,PENDING,False,,NOT_REQUIRED,2026-08-05,WALLET-01,BATCH-2026-08-05
CUST100458,OPENED,False,,NOT_REQUIRED,2026-08-05,WALLET-01,BATCH-2026-08-05
CUST100459,OPENED,False,,NOT_REQUIRED,2026-08-05,WALLET-01,BATCH-2026-08-05
CUST100460,PENDING,False,,NOT_REQUIRED,2026-08-05,WALLET-01,BATCH-2026-08-05
CUST100461,OPENED,False,,NOT_REQUIRED,2026-08-05,WALLET-01,BATCH-2026-08-05
CUST100462,OPENED,False,,NOT_REQUIRED,2026-08-05,WALLET-01,BATCH-2026-08-05
CUST100463,OPENED,False,,PENDING,2026-08-05,WALLET-01,BATCH-2026-08-05
CUST100464,OPENED,False,,NOT_REQUIRED,2026-08-05,WALLET-01,BATCH-2026-08-05
CUST100465,OPENED,False,,NOT_REQUIRED,2026-08-05,WALLET-01,BATCH-2026-08-05
CUST100466,OPENED,False,,NOT_REQUIRED,2026-08-05,WALLET-01,BATCH-2026-08-05
CUST100467,OPENED,False,,NOT_REQUIRED,2026-08-05,WALLET-01,BATCH-2026-08-05
CUST100468,OPENED,False,,PENDING,2026-08-05,WALLET-01,BATCH-2026-08-05
CUST100469,OPENED,False,,NOT_REQUIRED,2026-08-05,WALLET-01,BATCH-2026-08-05
CUST100470,OPENED,False,,NOT_REQUIRED,2026-08-05,WALLET-01,BATCH-2026-08-05
CUST100471,PENDING,False,,NOT_REQUIRED,2026-08-05,WALLET-01,BATCH-2026-08-05
CUST100472,OPENED,False,,NOT_REQUIRED,2026-08-05,WALLET-01,BATCH-2026-08-05
CUST100473,OPENED,False,,NOT_REQUIRED,2026-08-05,WALLET-01,BATCH-2026-08-05
CUST100474,OPENED,False,,NOT_REQUIRED,2026-08-05,WALLET-01,BATCH-2026-08-05
CUST100475,OPENED,False,,NOT_REQUIRED,2026-08-05,WALLET-01,BATCH-2026-08-05
CUST100476,OPENED,False,,NOT_REQUIRED,2026-08-05,WALLET-01,BATCH-2026-08-05
CUST100477,OPENED,False,,NOT_REQUIRED,2026-08-05,WALLET-01,BATCH-2026-08-05
CUST100478,OPENED,False,,NOT_REQUIRED,2026-08-05,WALLET-01,BATCH-2026-08-05
CUST100479,REVIEW,False,,COMPLETED,2026-08-05,WALLET-01,BATCH-2026-08-05
CUST100480,OPENED,False,,NOT_REQUIRED,2026-08-05,WALLET-01,BATCH-2026-08-05
CUST100481,OPENED,False,,NOT_REQUIRED,2026-08-05,WALLET-01,BATCH-2026-08-05
CUST100482,OPENED,False,,NOT_REQUIRED,2026-08-05,WALLET-01,BATCH-2026-08-05
CUST100483,OPENED,False,,NOT_REQUIRED,2026-08-05,WALLET-01,BATCH-2026-08-05
CUST100484,OPENED,False,,NOT_REQUIRED,2026-08-05,WALLET-01,BATCH-2026-08-05
CUST100485,OPENED,False,,NOT_REQUIRED,2026-08-05,WALLET-01,BATCH-2026-08-05
CUST100486,PENDING,False,,NOT_REQUIRED,2026-08-05,WALLET-01,BATCH-2026-08-05
CUST100487,OPENED,False,,NOT_REQUIRED,2026-08-05,WALLET-01,BATCH-2026-08-05
CUST100488,OPENED,False,,NOT_REQUIRED,2026-08-05,WALLET-01,BATCH-2026-08-05
CUST100489,OPENED,False,,NOT_REQUIRED,2026-08-05,WALLET-01,BATCH-2026-08-05
CUST100490,REVIEW,False,,NOT_REQUIRED,2026-08-05,WALLET-01,BATCH-2026-08-05
CUST100491,OPENED,False,,NOT_REQUIRED,2026-08-05,WALLET-01,BATCH-2026-08-05
CUST100492,OPENED,False,,PENDING,2026-08-05,WALLET-01,BATCH-2026-08-05
CUST100493,OPENED,False,,NOT_REQUIRED,2026-08-05,WALLET-01,BATCH-2026-08-05
CUST100494,OPENED,False,,NOT_REQUIRED,2026-08-05,WALLET-01,BATCH-2026-08-05
CUST100495,OPENED,False,,NOT_REQUIRED,2026-08-05,WALLET-01,BATCH-2026-08-05
CUST100496,OPENED,False,,NOT_REQUIRED,2026-08-05,WALLET-01,BATCH-2026-08-05
CUST100497,OPENED,False,,NOT_REQUIRED,2026-08-05,WALLET-01,BATCH-2026-08-05
CUST100498,OPENED,False,,NOT_REQUIRED,2026-08-05,WALLET-01,BATCH-2026-08-05
CUST100499,OPENED,False,,NOT_REQUIRED,2026-08-05,WALLET-01,BATCH-2026-08-05
CUST100500,OPENED,False,,NOT_REQUIRED,2026-08-05,WALLET-01,BATCH-2026-08-05
CUST100501,OPENED,False,,NOT_REQUIRED,2026-08-05,WALLET-01,BATCH-2026-08-05
CUST100502,REVIEW,False,,NOT_REQUIRED,2026-08-05,WALLET-01,BATCH-2026-08-05
CUST100503,OPENED,False,,NOT_REQUIRED,2026-08-05,WALLET-01,BATCH-2026-08-05
CUST100504,PENDING,False,,NOT_REQUIRED,2026-08-05,WALLET-01,BATCH-2026-08-05
CUST100505,OPENED,False,,NOT_REQUIRED,2026-08-05,WALLET-01,BATCH-2026-08-05
CUST100506,REVIEW,False,,NOT_REQUIRED,2026-08-05,WALLET-01,BATCH-2026-08-05
CUST100507,OPENED,False,,NOT_REQUIRED,2026-08-05,WALLET-01,BATCH-2026-08-05
CUST100508,OPENED,False,,NOT_REQUIRED,2026-08-05,WALLET-01,BATCH-2026-08-05
CUST100509,OPENED,False,,NOT_REQUIRED,2026-08-05,WALLET-01,BATCH-2026-08-05
CUST100510,OPENED,False,,NOT_REQUIRED,2026-08-05,WALLET-01,BATCH-2026-08-05
CUST100511,OPENED,False,,NOT_REQUIRED,2026-08-05,WALLET-01,BATCH-2026-08-05
CUST100512,PENDING,False,,NOT_REQUIRED,2026-08-05,WALLET-01,BATCH-2026-08-05
CUST100513,OPENED,False,,NOT_REQUIRED,2026-08-05,WALLET-01,BATCH-2026-08-05
CUST100514,OPENED,False,,NOT_REQUIRED,2026-08-05,WALLET-01,BATCH-2026-08-05
CUST100515,PENDING,False,,NOT_REQUIRED,2026-08-05,WALLET-01,BATCH-2026-08-05
CUST100516,OPENED,False,,NOT_REQUIRED,2026-08-05,WALLET-01,BATCH-2026-08-05
CUST100517,OPENED,False,,NOT_REQUIRED,2026-08-05,WALLET-01,BATCH-2026-08-05
CUST100518,OPENED,False,,NOT_REQUIRED,2026-08-05,WALLET-01,BATCH-2026-08-05
CUST100519,OPENED,False,,NOT_REQUIRED,2026-08-05,WALLET-01,BATCH-2026-08-05
CUST100520,OPENED,False,,NOT_REQUIRED,2026-08-05,WALLET-01,BATCH-2026-08-05
CUST100521,OPENED,False,,NOT_REQUIRED,2026-08-05,WALLET-01,BATCH-2026-08-05
CUST100522,OPENED,False,,NOT_REQUIRED,2026-08-05,WALLET-01,BATCH-2026-08-05
CUST100523,OPENED,False,,NOT_REQUIRED,2026-08-05,WALLET-01,BATCH-2026-08-05
CUST100524,OPENED,False,,NOT_REQUIRED,2026-08-05,WALLET-01,BATCH-2026-08-05
CUST100525,OPENED,False,,NOT_REQUIRED,2026-08-05,WALLET-01,BATCH-2026-08-05
CUST100526,OPENED,False,,NOT_REQUIRED,2026-08-05,WALLET-01,BATCH-2026-08-05
CUST100527,OPENED,False,,NOT_REQUIRED,2026-08-05,WALLET-01,BATCH-2026-08-05
CUST100528,OPENED,False,,NOT_REQUIRED,2026-08-05,WALLET-01,BATCH-2026-08-05
CUST100529,OPENED,False,,NOT_REQUIRED,2026-08-05,WALLET-01,BATCH-2026-08-05
CUST100530,OPENED,True,EXC-100530,NOT_REQUIRED,2026-08-05,WALLET-01,BATCH-2026-08-05
CUST100531,OPENED,False,,NOT_REQUIRED,2026-08-05,WALLET-01,BATCH-2026-08-05
CUST100532,OPENED,False,,NOT_REQUIRED,2026-08-05,WALLET-01,BATCH-2026-08-05
CUST100533,PENDING,False,,NOT_REQUIRED,2026-08-05,WALLET-01,BATCH-2026-08-05
CUST100534,REVIEW,False,,NOT_REQUIRED,2026-08-05,WALLET-01,BATCH-2026-08-05
CUST100535,OPENED,False,,NOT_REQUIRED,2026-08-05,WALLET-01,BATCH-2026-08-05
CUST100536,OPENED,False,,NOT_REQUIRED,2026-08-05,WALLET-01,BATCH-2026-08-05
CUST100537,OPENED,False,,NOT_REQUIRED,2026-08-05,WALLET-01,BATCH-2026-08-05
CUST100538,OPENED,False,,NOT_REQUIRED,2026-08-05,WALLET-01,BATCH-2026-08-05
CUST100539,OPENED,False,,NOT_REQUIRED,2026-08-05,WALLET-01,BATCH-2026-08-05
CUST100540,REVIEW,False,,NOT_REQUIRED,2026-08-05,WALLET-01,BATCH-2026-08-05
CUST100541,PENDING,False,,NOT_REQUIRED,2026-08-05,WALLET-01,BATCH-2026-08-05
CUST100542,REVIEW,False,,COMPLETED,2026-08-05,WALLET-01,BATCH-2026-08-05
CUST100543,OPENED,False,,NOT_REQUIRED,2026-08-05,WALLET-01,BATCH-2026-08-05
CUST100544,OPENED,False,,NOT_REQUIRED,2026-08-05,WALLET-01,BATCH-2026-08-05
CUST100545,OPENED,False,,NOT_REQUIRED,2026-08-05,WALLET-01,BATCH-2026-08-05
CUST100546,REVIEW,False,,COMPLETED,2026-08-05,WALLET-01,BATCH-2026-08-05
CUST100547,OPENED,False,,NOT_REQUIRED,2026-08-05,WALLET-01,BATCH-2026-08-05
CUST100548,OPENED,False,,NOT_REQUIRED,2026-08-05,WALLET-01,BATCH-2026-08-05
CUST100549,OPENED,False,,NOT_REQUIRED,2026-08-05,WALLET-01,BATCH-2026-08-05
CUST100550,OPENED,False,,NOT_REQUIRED,2026-08-05,WALLET-01,BATCH-2026-08-05
CUST100551,OPENED,False,,NOT_REQUIRED,2026-08-05,WALLET-01,BATCH-2026-08-05
CUST100552,OPENED,False,,NOT_REQUIRED,2026-08-05,WALLET-01,BATCH-2026-08-05
CUST100553,REVIEW,False,,NOT_REQUIRED,2026-08-05,WALLET-01,BATCH-2026-08-05
CUST100554,PENDING,False,,NOT_REQUIRED,2026-08-05,WALLET-01,BATCH-2026-08-05
CUST100555,PENDING,False,,NOT_REQUIRED,2026-08-05,WALLET-01,BATCH-2026-08-05
CUST100556,OPENED,False,,NOT_REQUIRED,2026-08-05,WALLET-01,BATCH-2026-08-05
CUST100557,OPENED,False,,NOT_REQUIRED,2026-08-05,WALLET-01,BATCH-2026-08-05
CUST100558,OPENED,False,,NOT_REQUIRED,2026-08-05,WALLET-01,BATCH-2026-08-05
CUST100559,OPENED,False,,NOT_REQUIRED,2026-08-05,WALLET-01,BATCH-2026-08-05
CUST100560,OPENED,False,,PENDING,2026-08-05,WALLET-01,BATCH-2026-08-05
CUST100561,OPENED,False,,NOT_REQUIRED,2026-08-05,WALLET-01,BATCH-2026-08-05
CUST100562,REVIEW,False,,NOT_REQUIRED,2026-08-05,WALLET-01,BATCH-2026-08-05
CUST100563,OPENED,False,,NOT_REQUIRED,2026-08-05,WALLET-01,BATCH-2026-08-05
CUST100564,OPENED,False,,NOT_REQUIRED,2026-08-05,WALLET-01,BATCH-2026-08-05
CUST100565,OPENED,False,,NOT_REQUIRED,2026-08-05,WALLET-01,BATCH-2026-08-05
CUST100566,OPENED,False,,NOT_REQUIRED,2026-08-05,WALLET-01,BATCH-2026-08-05
CUST100567,OPENED,False,,NOT_REQUIRED,2026-08-05,WALLET-01,BATCH-2026-08-05
CUST100568,OPENED,False,,NOT_REQUIRED,2026-08-05,WALLET-01,BATCH-2026-08-05
CUST100569,REVIEW,False,,NOT_REQUIRED,2026-08-05,WALLET-01,BATCH-2026-08-05
CUST100570,OPENED,False,,NOT_REQUIRED,2026-08-05,WALLET-01,BATCH-2026-08-05
CUST100571,PENDING,False,,NOT_REQUIRED,2026-08-05,WALLET-01,BATCH-2026-08-05
CUST100572,PENDING,False,,NOT_REQUIRED,2026-08-05,WALLET-01,BATCH-2026-08-05
CUST100573,OPENED,False,,NOT_REQUIRED,2026-08-05,WALLET-01,BATCH-2026-08-05
CUST100574,OPENED,False,,NOT_REQUIRED,2026-08-05,WALLET-01,BATCH-2026-08-05
CUST100575,OPENED,False,,NOT_REQUIRED,2026-08-05,WALLET-01,BATCH-2026-08-05
CUST100576,OPENED,False,,NOT_REQUIRED,2026-08-05,WALLET-01,BATCH-2026-08-05
CUST100577,OPENED,False,,NOT_REQUIRED,2026-08-05,WALLET-01,BATCH-2026-08-05
CUST100578,PENDING,False,,NOT_REQUIRED,2026-08-05,WALLET-01,BATCH-2026-08-05
CUST100579,OPENED,False,,NOT_REQUIRED,2026-08-05,WALLET-01,BATCH-2026-08-05
CUST100580,OPENED,False,,NOT_REQUIRED,2026-08-05,WALLET-01,BATCH-2026-08-05
CUST100581,PENDING,False,,NOT_REQUIRED,2026-08-05,WALLET-01,BATCH-2026-08-05
CUST100582,OPENED,False,,NOT_REQUIRED,2026-08-05,WALLET-01,BATCH-2026-08-05
CUST100583,OPENED,False,,PENDING,2026-08-05,WALLET-01,BATCH-2026-08-05
CUST100584,OPENED,False,,NOT_REQUIRED,2026-08-05,WALLET-01,BATCH-2026-08-05
CUST100585,OPENED,False,,NOT_REQUIRED,2026-08-05,WALLET-01,BATCH-2026-08-05
CUST100586,OPENED,False,,NOT_REQUIRED,2026-08-05,WALLET-01,BATCH-2026-08-05
CUST100587,OPENED,False,,PENDING,2026-08-05,WALLET-01,BATCH-2026-08-05
CUST100588,OPENED,False,,NOT_REQUIRED,2026-08-05,WALLET-01,BATCH-2026-08-05
CUST100589,OPENED,False,,NOT_REQUIRED,2026-08-05,WALLET-01,BATCH-2026-08-05
CUST100590,PENDING,False,,NOT_REQUIRED,2026-08-05,WALLET-01,BATCH-2026-08-05
CUST100591,OPENED,False,,NOT_REQUIRED,2026-08-05,WALLET-01,BATCH-2026-08-05
CUST100592,OPENED,False,,NOT_REQUIRED,2026-08-05,WALLET-01,BATCH-2026-08-05
CUST100593,OPENED,False,,NOT_REQUIRED,2026-08-05,WALLET-01,BATCH-2026-08-05
CUST100594,OPENED,False,,NOT_REQUIRED,2026-08-05,WALLET-01,BATCH-2026-08-05
CUST100595,OPENED,False,,PENDING,2026-08-05,WALLET-01,BATCH-2026-08-05
CUST100596,PENDING,False,,NOT_REQUIRED,2026-08-05,WALLET-01,BATCH-2026-08-05
CUST100597,REVIEW,False,,NOT_REQUIRED,2026-08-05,WALLET-01,BATCH-2026-08-05
CUST100598,REVIEW,False,,NOT_REQUIRED,2026-08-05,WALLET-01,BATCH-2026-08-05
CUST100599,REVIEW,False,,NOT_REQUIRED,2026-08-05,WALLET-01,BATCH-2026-08-05
CUST100600,OPENED,False,,PENDING,2026-08-05,WALLET-01,BATCH-2026-08-05
CUST100601,OPENED,False,,PENDING,2026-08-05,WALLET-01,BATCH-2026-08-05
CUST100602,OPENED,False,,PENDING,2026-08-05,WALLET-01,BATCH-2026-08-05
CUST100603,OPENED,False,,NOT_REQUIRED,2026-08-05,WALLET-01,BATCH-2026-08-05
CUST100604,OPENED,False,,NOT_REQUIRED,2026-08-05,WALLET-01,BATCH-2026-08-05
CUST100605,OPENED,False,,NOT_REQUIRED,2026-08-05,WALLET-01,BATCH-2026-08-05
CUST100606,OPENED,False,,NOT_REQUIRED,2026-08-05,WALLET-01,BATCH-2026-08-05
CUST100607,OPENED,False,,NOT_REQUIRED,2026-08-05,WALLET-01,BATCH-2026-08-05
CUST100608,OPENED,False,,NOT_REQUIRED,2026-08-05,WALLET-01,BATCH-2026-08-05
CUST100609,OPENED,False,,PENDING,2026-08-05,WALLET-01,BATCH-2026-08-05
CUST100610,OPENED,False,,NOT_REQUIRED,2026-08-05,WALLET-01,BATCH-2026-08-05
CUST100611,OPENED,False,,NOT_REQUIRED,2026-08-05,WALLET-01,BATCH-2026-08-05
CUST100612,OPENED,False,,NOT_REQUIRED,2026-08-05,WALLET-01,BATCH-2026-08-05
CUST100613,REVIEW,False,,NOT_REQUIRED,2026-08-05,WALLET-01,BATCH-2026-08-05
CUST100614,OPENED,False,,NOT_REQUIRED,2026-08-05,WALLET-01,BATCH-2026-08-05
CUST100615,OPENED,False,,NOT_REQUIRED,2026-08-05,WALLET-01,BATCH-2026-08-05
CUST100616,OPENED,False,,NOT_REQUIRED,2026-08-05,WALLET-01,BATCH-2026-08-05
CUST100617,OPENED,False,,NOT_REQUIRED,2026-08-05,WALLET-01,BATCH-2026-08-05
CUST100618,OPENED,False,,NOT_REQUIRED,2026-08-05,WALLET-01,BATCH-2026-08-05
CUST100619,PENDING,False,,NOT_REQUIRED,2026-08-05,WALLET-01,BATCH-2026-08-05
CUST100620,PENDING,False,,NOT_REQUIRED,2026-08-05,WALLET-01,BATCH-2026-08-05
CUST100621,REVIEW,False,,COMPLETED,2026-08-05,WALLET-01,BATCH-2026-08-05
CUST100622,OPENED,False,,NOT_REQUIRED,2026-08-05,WALLET-01,BATCH-2026-08-05
CUST100623,OPENED,False,,NOT_REQUIRED,2026-08-05,WALLET-01,BATCH-2026-08-05
CUST100624,PENDING,False,,NOT_REQUIRED,2026-08-05,WALLET-01,BATCH-2026-08-05
CUST100625,OPENED,False,,NOT_REQUIRED,2026-08-05,WALLET-01,BATCH-2026-08-05
CUST100626,REVIEW,False,,NOT_REQUIRED,2026-08-05,WALLET-01,BATCH-2026-08-05
CUST100627,PENDING,False,,NOT_REQUIRED,2026-08-05,WALLET-01,BATCH-2026-08-05
CUST100628,OPENED,False,,NOT_REQUIRED,2026-08-05,WALLET-01,BATCH-2026-08-05
CUST100629,OPENED,False,,NOT_REQUIRED,2026-08-05,WALLET-01,BATCH-2026-08-05
CUST100630,OPENED,False,,NOT_REQUIRED,2026-08-05,WALLET-01,BATCH-2026-08-05
CUST100631,OPENED,False,,NOT_REQUIRED,2026-08-05,WALLET-01,BATCH-2026-08-05
CUST100632,OPENED,False,,NOT_REQUIRED,2026-08-05,WALLET-01,BATCH-2026-08-05
CUST100633,OPENED,False,,NOT_REQUIRED,2026-08-05,WALLET-01,BATCH-2026-08-05
CUST100634,OPENED,False,,NOT_REQUIRED,2026-08-05,WALLET-01,BATCH-2026-08-05
CUST100635,OPENED,False,,NOT_REQUIRED,2026-08-05,WALLET-01,BATCH-2026-08-05
CUST100636,OPENED,False,,NOT_REQUIRED,2026-08-05,WALLET-01,BATCH-2026-08-05
CUST100637,OPENED,False,,NOT_REQUIRED,2026-08-05,WALLET-01,BATCH-2026-08-05
CUST100638,OPENED,False,,NOT_REQUIRED,2026-08-05,WALLET-01,BATCH-2026-08-05
CUST100639,OPENED,False,,NOT_REQUIRED,2026-08-05,WALLET-01,BATCH-2026-08-05
CUST100640,OPENED,False,,NOT_REQUIRED,2026-08-05,WALLET-01,BATCH-2026-08-05
CUST100641,OPENED,False,,NOT_REQUIRED,2026-08-05,WALLET-01,BATCH-2026-08-05
CUST100642,OPENED,False,,NOT_REQUIRED,2026-08-05,WALLET-01,BATCH-2026-08-05
CUST100643,OPENED,False,,NOT_REQUIRED,2026-08-05,WALLET-01,BATCH-2026-08-05
CUST100644,OPENED,False,,NOT_REQUIRED,2026-08-05,WALLET-01,BATCH-2026-08-05
CUST100645,OPENED,False,,PENDING,2026-08-05,WALLET-01,BATCH-2026-08-05
CUST100646,OPENED,False,,PENDING,2026-08-05,WALLET-01,BATCH-2026-08-05
CUST100647,OPENED,False,,NOT_REQUIRED,2026-08-05,WALLET-01,BATCH-2026-08-05
CUST100648,OPENED,False,,NOT_REQUIRED,2026-08-05,WALLET-01,BATCH-2026-08-05
CUST100649,OPENED,False,,NOT_REQUIRED,2026-08-05,WALLET-01,BATCH-2026-08-05
CUST100650,REVIEW,False,,NOT_REQUIRED,2026-08-05,WALLET-01,BATCH-2026-08-05
CUST100651,OPENED,False,,NOT_REQUIRED,2026-08-05,WALLET-01,BATCH-2026-08-05
CUST100652,OPENED,False,,NOT_REQUIRED,2026-08-05,WALLET-01,BATCH-2026-08-05
CUST100653,OPENED,False,,NOT_REQUIRED,2026-08-05,WALLET-01,BATCH-2026-08-05
CUST100654,OPENED,False,,NOT_REQUIRED,2026-08-05,WALLET-01,BATCH-2026-08-05
CUST100655,OPENED,False,,NOT_REQUIRED,2026-08-05,WALLET-01,BATCH-2026-08-05
CUST100656,OPENED,False,,NOT_REQUIRED,2026-08-05,WALLET-01,BATCH-2026-08-05
CUST100657,PENDING,False,,NOT_REQUIRED,2026-08-05,WALLET-01,BATCH-2026-08-05
CUST100658,PENDING,False,,NOT_REQUIRED,2026-08-05,WALLET-01,BATCH-2026-08-05
CUST100659,OPENED,False,,NOT_REQUIRED,2026-08-05,WALLET-01,BATCH-2026-08-05
CUST100660,OPENED,False,,NOT_REQUIRED,2026-08-05,WALLET-01,BATCH-2026-08-05
CUST100661,OPENED,False,,PENDING,2026-08-05,WALLET-01,BATCH-2026-08-05
CUST100662,REVIEW,False,,NOT_REQUIRED,2026-08-05,WALLET-01,BATCH-2026-08-05
CUST100663,OPENED,False,,NOT_REQUIRED,2026-08-05,WALLET-01,BATCH-2026-08-05
CUST100664,OPENED,False,,NOT_REQUIRED,2026-08-05,WALLET-01,BATCH-2026-08-05
CUST100665,OPENED,False,,NOT_REQUIRED,2026-08-05,WALLET-01,BATCH-2026-08-05
CUST100666,OPENED,False,,NOT_REQUIRED,2026-08-05,WALLET-01,BATCH-2026-08-05
CUST100667,OPENED,False,,NOT_REQUIRED,2026-08-05,WALLET-01,BATCH-2026-08-05
CUST100668,OPENED,False,,NOT_REQUIRED,2026-08-05,WALLET-01,BATCH-2026-08-05
CUST100669,OPENED,False,,NOT_REQUIRED,2026-08-05,WALLET-01,BATCH-2026-08-05
CUST100670,OPENED,False,,NOT_REQUIRED,2026-08-05,WALLET-01,BATCH-2026-08-05
CUST100671,OPENED,False,,NOT_REQUIRED,2026-08-05,WALLET-01,BATCH-2026-08-05
CUST100672,OPENED,False,,NOT_REQUIRED,2026-08-05,WALLET-01,BATCH-2026-08-05
CUST100673,OPENED,False,,NOT_REQUIRED,2026-08-05,WALLET-01,BATCH-2026-08-05
CUST100674,OPENED,False,,NOT_REQUIRED,2026-08-05,WALLET-01,BATCH-2026-08-05
CUST100675,OPENED,False,,NOT_REQUIRED,2026-08-05,WALLET-01,BATCH-2026-08-05
CUST100676,OPENED,False,,NOT_REQUIRED,2026-08-05,WALLET-01,BATCH-2026-08-05
CUST100677,OPENED,False,,NOT_REQUIRED,2026-08-05,WALLET-01,BATCH-2026-08-05
CUST100678,OPENED,False,,NOT_REQUIRED,2026-08-05,WALLET-01,BATCH-2026-08-05
CUST100679,OPENED,False,,NOT_REQUIRED,2026-08-05,WALLET-01,BATCH-2026-08-05
CUST100680,PENDING,False,,COMPLETED,2026-08-05,WALLET-01,BATCH-2026-08-05
CUST100681,OPENED,False,,NOT_REQUIRED,2026-08-05,WALLET-01,BATCH-2026-08-05
CUST100682,OPENED,False,,NOT_REQUIRED,2026-08-05,WALLET-01,BATCH-2026-08-05
CUST100683,OPENED,False,,NOT_REQUIRED,2026-08-05,WALLET-01,BATCH-2026-08-05
CUST100684,OPENED,False,,PENDING,2026-08-05,WALLET-01,BATCH-2026-08-05
CUST100685,OPENED,False,,NOT_REQUIRED,2026-08-05,WALLET-01,BATCH-2026-08-05
CUST100686,OPENED,False,,NOT_REQUIRED,2026-08-05,WALLET-01,BATCH-2026-08-05
CUST100687,OPENED,False,,NOT_REQUIRED,2026-08-05,WALLET-01,BATCH-2026-08-05
CUST100688,OPENED,False,,NOT_REQUIRED,2026-08-05,WALLET-01,BATCH-2026-08-05
CUST100689,OPENED,False,,NOT_REQUIRED,2026-08-05,WALLET-01,BATCH-2026-08-05
CUST100690,OPENED,False,,NOT_REQUIRED,2026-08-05,WALLET-01,BATCH-2026-08-05
CUST100691,OPENED,False,,NOT_REQUIRED,2026-08-05,WALLET-01,BATCH-2026-08-05
CUST100692,OPENED,False,,NOT_REQUIRED,2026-08-05,WALLET-01,BATCH-2026-08-05
CUST100693,REVIEW,False,,NOT_REQUIRED,2026-08-05,WALLET-01,BATCH-2026-08-05
CUST100694,PENDING,False,,NOT_REQUIRED,2026-08-05,WALLET-01,BATCH-2026-08-05
CUST100695,OPENED,False,,NOT_REQUIRED,2026-08-05,WALLET-01,BATCH-2026-08-05
CUST100696,OPENED,False,,NOT_REQUIRED,2026-08-05,WALLET-01,BATCH-2026-08-05
CUST100697,OPENED,False,,NOT_REQUIRED,2026-08-05,WALLET-01,BATCH-2026-08-05
CUST100698,OPENED,False,,NOT_REQUIRED,2026-08-05,WALLET-01,BATCH-2026-08-05
CUST100699,OPENED,False,,NOT_REQUIRED,2026-08-05,WALLET-01,BATCH-2026-08-05
CUST100700,REVIEW,False,,COMPLETED,2026-08-05,WALLET-01,BATCH-2026-08-05
CUST100701,OPENED,False,,NOT_REQUIRED,2026-08-05,WALLET-01,BATCH-2026-08-05
CUST100702,OPENED,False,,NOT_REQUIRED,2026-08-05,WALLET-01,BATCH-2026-08-05
CUST100703,OPENED,False,,NOT_REQUIRED,2026-08-05,WALLET-01,BATCH-2026-08-05
CUST100704,OPENED,False,,NOT_REQUIRED,2026-08-05,WALLET-01,BATCH-2026-08-05
CUST100705,OPENED,False,,NOT_REQUIRED,2026-08-05,WALLET-01,BATCH-2026-08-05
CUST100706,OPENED,False,,NOT_REQUIRED,2026-08-05,WALLET-01,BATCH-2026-08-05
CUST100707,OPENED,False,,NOT_REQUIRED,2026-08-05,WALLET-01,BATCH-2026-08-05
CUST100708,PENDING,False,,NOT_REQUIRED,2026-08-05,WALLET-01,BATCH-2026-08-05
CUST100709,OPENED,False,,NOT_REQUIRED,2026-08-05,WALLET-01,BATCH-2026-08-05
CUST100710,PENDING,False,,NOT_REQUIRED,2026-08-05,WALLET-01,BATCH-2026-08-05
CUST100711,OPENED,False,,NOT_REQUIRED,2026-08-05,WALLET-01,BATCH-2026-08-05
CUST100712,OPENED,False,,NOT_REQUIRED,2026-08-05,WALLET-01,BATCH-2026-08-05
CUST100713,OPENED,False,,NOT_REQUIRED,2026-08-05,WALLET-01,BATCH-2026-08-05
CUST100714,OPENED,False,,NOT_REQUIRED,2026-08-05,WALLET-01,BATCH-2026-08-05
CUST100715,OPENED,False,,NOT_REQUIRED,2026-08-05,WALLET-01,BATCH-2026-08-05
CUST100716,OPENED,False,,NOT_REQUIRED,2026-08-05,WALLET-01,BATCH-2026-08-05
CUST100717,REVIEW,False,,NOT_REQUIRED,2026-08-05,WALLET-01,BATCH-2026-08-05
CUST100718,OPENED,False,,NOT_REQUIRED,2026-08-05,WALLET-01,BATCH-2026-08-05
CUST100719,OPENED,False,,NOT_REQUIRED,2026-08-05,WALLET-01,BATCH-2026-08-05
CUST100720,OPENED,False,,NOT_REQUIRED,2026-08-05,WALLET-01,BATCH-2026-08-05
CUST100721,OPENED,False,,NOT_REQUIRED,2026-08-05,WALLET-01,BATCH-2026-08-05
CUST100722,OPENED,False,,NOT_REQUIRED,2026-08-05,WALLET-01,BATCH-2026-08-05
CUST100723,OPENED,False,,NOT_REQUIRED,2026-08-05,WALLET-01,BATCH-2026-08-05
CUST100724,OPENED,False,,NOT_REQUIRED,2026-08-05,WALLET-01,BATCH-2026-08-05
CUST100725,OPENED,False,,NOT_REQUIRED,2026-08-05,WALLET-01,BATCH-2026-08-05
CUST100726,OPENED,False,,NOT_REQUIRED,2026-08-05,WALLET-01,BATCH-2026-08-05
CUST100727,OPENED,False,,NOT_REQUIRED,2026-08-05,WALLET-01,BATCH-2026-08-05
CUST100728,OPENED,False,,NOT_REQUIRED,2026-08-05,WALLET-01,BATCH-2026-08-05
CUST100729,OPENED,False,,NOT_REQUIRED,2026-08-05,WALLET-01,BATCH-2026-08-05
CUST100730,OPENED,False,,NOT_REQUIRED,2026-08-05,WALLET-01,BATCH-2026-08-05
CUST100731,OPENED,False,,PENDING,2026-08-05,WALLET-01,BATCH-2026-08-05
CUST100732,OPENED,False,,NOT_REQUIRED,2026-08-05,WALLET-01,BATCH-2026-08-05
CUST100733,OPENED,False,,NOT_REQUIRED,2026-08-05,WALLET-01,BATCH-2026-08-05
CUST100734,OPENED,False,,NOT_REQUIRED,2026-08-05,WALLET-01,BATCH-2026-08-05
CUST100735,PENDING,False,,NOT_REQUIRED,2026-08-05,WALLET-01,BATCH-2026-08-05
CUST100736,OPENED,False,,NOT_REQUIRED,2026-08-05,WALLET-01,BATCH-2026-08-05
CUST100737,OPENED,False,,NOT_REQUIRED,2026-08-05,WALLET-01,BATCH-2026-08-05
CUST100738,OPENED,False,,NOT_REQUIRED,2026-08-05,WALLET-01,BATCH-2026-08-05
CUST100739,OPENED,False,,NOT_REQUIRED,2026-08-05,WALLET-01,BATCH-2026-08-05
CUST100740,OPENED,False,,NOT_REQUIRED,2026-08-05,WALLET-01,BATCH-2026-08-05
CUST100741,OPENED,False,,NOT_REQUIRED,2026-08-05,WALLET-01,BATCH-2026-08-05
CUST100742,PENDING,False,,NOT_REQUIRED,2026-08-05,WALLET-01,BATCH-2026-08-05
CUST100743,OPENED,False,,NOT_REQUIRED,2026-08-05,WALLET-01,BATCH-2026-08-05
CUST100744,OPENED,False,,NOT_REQUIRED,2026-08-05,WALLET-01,BATCH-2026-08-05
CUST100745,OPENED,False,,NOT_REQUIRED,2026-08-05,WALLET-01,BATCH-2026-08-05
CUST100746,OPENED,False,,NOT_REQUIRED,2026-08-05,WALLET-01,BATCH-2026-08-05
CUST100747,OPENED,False,,NOT_REQUIRED,2026-08-05,WALLET-01,BATCH-2026-08-05
CUST100748,OPENED,False,,NOT_REQUIRED,2026-08-05,WALLET-01,BATCH-2026-08-05
CUST100749,OPENED,False,,NOT_REQUIRED,2026-08-05,WALLET-01,BATCH-2026-08-05
CUST100750,OPENED,False,,NOT_REQUIRED,2026-08-05,WALLET-01,BATCH-2026-08-05
CUST100751,OPENED,False,,NOT_REQUIRED,2026-08-05,WALLET-01,BATCH-2026-08-05
CUST100752,OPENED,False,,NOT_REQUIRED,2026-08-05,WALLET-01,BATCH-2026-08-05
CUST100753,OPENED,False,,NOT_REQUIRED,2026-08-05,WALLET-01,BATCH-2026-08-05
CUST100754,OPENED,False,,PENDING,2026-08-05,WALLET-01,BATCH-2026-08-05
CUST100755,OPENED,False,,NOT_REQUIRED,2026-08-05,WALLET-01,BATCH-2026-08-05
CUST100756,OPENED,False,,NOT_REQUIRED,2026-08-05,WALLET-01,BATCH-2026-08-05
CUST100757,OPENED,False,,PENDING,2026-08-05,WALLET-01,BATCH-2026-08-05
CUST100758,OPENED,False,,NOT_REQUIRED,2026-08-05,WALLET-01,BATCH-2026-08-05
CUST100759,OPENED,False,,PENDING,2026-08-05,WALLET-01,BATCH-2026-08-05
CUST100760,OPENED,False,,NOT_REQUIRED,2026-08-05,WALLET-01,BATCH-2026-08-05
CUST100761,OPENED,False,,NOT_REQUIRED,2026-08-05,WALLET-01,BATCH-2026-08-05
CUST100762,PENDING,False,,COMPLETED,2026-08-05,WALLET-01,BATCH-2026-08-05
CUST100763,OPENED,False,,NOT_REQUIRED,2026-08-05,WALLET-01,BATCH-2026-08-05
CUST100764,OPENED,False,,NOT_REQUIRED,2026-08-05,WALLET-01,BATCH-2026-08-05
CUST100765,REVIEW,False,,NOT_REQUIRED,2026-08-05,WALLET-01,BATCH-2026-08-05
CUST100766,PENDING,False,,NOT_REQUIRED,2026-08-05,WALLET-01,BATCH-2026-08-05
CUST100767,OPENED,False,,NOT_REQUIRED,2026-08-05,WALLET-01,BATCH-2026-08-05
CUST100768,PENDING,False,,NOT_REQUIRED,2026-08-05,WALLET-01,BATCH-2026-08-05
CUST100769,PENDING,False,,NOT_REQUIRED,2026-08-05,WALLET-01,BATCH-2026-08-05
CUST100770,OPENED,False,,NOT_REQUIRED,2026-08-05,WALLET-01,BATCH-2026-08-05
CUST100771,OPENED,False,,NOT_REQUIRED,2026-08-05,WALLET-01,BATCH-2026-08-05
CUST100772,OPENED,False,,NOT_REQUIRED,2026-08-05,WALLET-01,BATCH-2026-08-05
CUST100773,PENDING,False,,NOT_REQUIRED,2026-08-05,WALLET-01,BATCH-2026-08-05
CUST100774,PENDING,False,,NOT_REQUIRED,2026-08-05,WALLET-01,BATCH-2026-08-05
CUST100775,OPENED,False,,NOT_REQUIRED,2026-08-05,WALLET-01,BATCH-2026-08-05
CUST100776,OPENED,False,,NOT_REQUIRED,2026-08-05,WALLET-01,BATCH-2026-08-05
CUST100777,OPENED,False,,NOT_REQUIRED,2026-08-05,WALLET-01,BATCH-2026-08-05
CUST100778,OPENED,False,,NOT_REQUIRED,2026-08-05,WALLET-01,BATCH-2026-08-05
CUST100779,PENDING,False,,NOT_REQUIRED,2026-08-05,WALLET-01,BATCH-2026-08-05
CUST100780,OPENED,False,,NOT_REQUIRED,2026-08-05,WALLET-01,BATCH-2026-08-05
CUST100781,OPENED,False,,PENDING,2026-08-05,WALLET-01,BATCH-2026-08-05
CUST100782,OPENED,False,,PENDING,2026-08-05,WALLET-01,BATCH-2026-08-05
CUST100783,OPENED,False,,NOT_REQUIRED,2026-08-05,WALLET-01,BATCH-2026-08-05
CUST100784,OPENED,False,,PENDING,2026-08-05,WALLET-01,BATCH-2026-08-05
CUST100785,OPENED,False,,NOT_REQUIRED,2026-08-05,WALLET-01,BATCH-2026-08-05
CUST100786,OPENED,False,,NOT_REQUIRED,2026-08-05,WALLET-01,BATCH-2026-08-05
CUST100787,OPENED,False,,NOT_REQUIRED,2026-08-05,WALLET-01,BATCH-2026-08-05
CUST100788,OPENED,False,,NOT_REQUIRED,2026-08-05,WALLET-01,BATCH-2026-08-05
CUST100789,OPENED,False,,NOT_REQUIRED,2026-08-05,WALLET-01,BATCH-2026-08-05
CUST100790,OPENED,False,,NOT_REQUIRED,2026-08-05,WALLET-01,BATCH-2026-08-05
CUST100791,OPENED,False,,NOT_REQUIRED,2026-08-05,WALLET-01,BATCH-2026-08-05
CUST100792,OPENED,False,,NOT_REQUIRED,2026-08-05,WALLET-01,BATCH-2026-08-05
CUST100793,REVIEW,False,,COMPLETED,2026-08-05,WALLET-01,BATCH-2026-08-05
CUST100794,OPENED,False,,NOT_REQUIRED,2026-08-05,WALLET-01,BATCH-2026-08-05
CUST100795,OPENED,False,,NOT_REQUIRED,2026-08-05,WALLET-01,BATCH-2026-08-05
CUST100796,OPENED,False,,NOT_REQUIRED,2026-08-05,WALLET-01,BATCH-2026-08-05
CUST100797,OPENED,False,,NOT_REQUIRED,2026-08-05,WALLET-01,BATCH-2026-08-05
CUST100798,OPENED,False,,NOT_REQUIRED,2026-08-05,WALLET-01,BATCH-2026-08-05
CUST100799,OPENED,False,,NOT_REQUIRED,2026-08-05,WALLET-01,BATCH-2026-08-05
CUST100800,REVIEW,False,,NOT_REQUIRED,2026-08-05,WALLET-01,BATCH-2026-08-05
CUST100801,OPENED,False,,NOT_REQUIRED,2026-08-05,WALLET-01,BATCH-2026-08-05
CUST100802,OPENED,False,,NOT_REQUIRED,2026-08-05,WALLET-01,BATCH-2026-08-05
CUST100803,OPENED,False,,NOT_REQUIRED,2026-08-05,WALLET-01,BATCH-2026-08-05
CUST100804,OPENED,False,,NOT_REQUIRED,2026-08-05,WALLET-01,BATCH-2026-08-05
CUST100805,OPENED,False,,NOT_REQUIRED,2026-08-05,WALLET-01,BATCH-2026-08-05
CUST100806,OPENED,False,,NOT_REQUIRED,2026-08-05,WALLET-01,BATCH-2026-08-05
CUST100807,OPENED,False,,NOT_REQUIRED,2026-08-05,WALLET-01,BATCH-2026-08-05
CUST100808,OPENED,False,,NOT_REQUIRED,2026-08-05,WALLET-01,BATCH-2026-08-05
CUST100809,OPENED,False,,NOT_REQUIRED,2026-08-05,WALLET-01,BATCH-2026-08-05
CUST100810,OPENED,False,,NOT_REQUIRED,2026-08-05,WALLET-01,BATCH-2026-08-05
CUST100811,OPENED,False,,NOT_REQUIRED,2026-08-05,WALLET-01,BATCH-2026-08-05
CUST100812,OPENED,False,,NOT_REQUIRED,2026-08-05,WALLET-01,BATCH-2026-08-05
CUST100813,OPENED,False,,PENDING,2026-08-05,WALLET-01,BATCH-2026-08-05
CUST100814,OPENED,False,,NOT_REQUIRED,2026-08-05,WALLET-01,BATCH-2026-08-05
CUST100815,OPENED,False,,NOT_REQUIRED,2026-08-05,WALLET-01,BATCH-2026-08-05
CUST100816,OPENED,False,,NOT_REQUIRED,2026-08-05,WALLET-01,BATCH-2026-08-05
CUST100817,OPENED,False,,NOT_REQUIRED,2026-08-05,WALLET-01,BATCH-2026-08-05
CUST100818,OPENED,False,,NOT_REQUIRED,2026-08-05,WALLET-01,BATCH-2026-08-05
CUST100819,OPENED,False,,NOT_REQUIRED,2026-08-05,WALLET-01,BATCH-2026-08-05
CUST100820,OPENED,False,,NOT_REQUIRED,2026-08-05,WALLET-01,BATCH-2026-08-05
CUST100821,OPENED,False,,NOT_REQUIRED,2026-08-05,WALLET-01,BATCH-2026-08-05
CUST100822,OPENED,False,,NOT_REQUIRED,2026-08-05,WALLET-01,BATCH-2026-08-05
CUST100823,REVIEW,False,,NOT_REQUIRED,2026-08-05,WALLET-01,BATCH-2026-08-05
CUST100824,REVIEW,False,,NOT_REQUIRED,2026-08-05,WALLET-01,BATCH-2026-08-05
CUST100825,OPENED,False,,NOT_REQUIRED,2026-08-05,WALLET-01,BATCH-2026-08-05
CUST100826,OPENED,False,,NOT_REQUIRED,2026-08-05,WALLET-01,BATCH-2026-08-05
CUST100827,OPENED,False,,NOT_REQUIRED,2026-08-05,WALLET-01,BATCH-2026-08-05
CUST100828,OPENED,False,,NOT_REQUIRED,2026-08-05,WALLET-01,BATCH-2026-08-05
CUST100829,OPENED,False,,NOT_REQUIRED,2026-08-05,WALLET-01,BATCH-2026-08-05
CUST100830,OPENED,False,,NOT_REQUIRED,2026-08-05,WALLET-01,BATCH-2026-08-05
CUST100831,OPENED,False,,NOT_REQUIRED,2026-08-05,WALLET-01,BATCH-2026-08-05
CUST100832,OPENED,False,,NOT_REQUIRED,2026-08-05,WALLET-01,BATCH-2026-08-05
CUST100833,OPENED,False,,NOT_REQUIRED,2026-08-05,WALLET-01,BATCH-2026-08-05
CUST100834,OPENED,False,,NOT_REQUIRED,2026-08-05,WALLET-01,BATCH-2026-08-05
CUST100835,OPENED,False,,NOT_REQUIRED,2026-08-05,WALLET-01,BATCH-2026-08-05
CUST100836,OPENED,False,,NOT_REQUIRED,2026-08-05,WALLET-01,BATCH-2026-08-05
CUST100837,OPENED,False,,NOT_REQUIRED,2026-08-05,WALLET-01,BATCH-2026-08-05
CUST100838,OPENED,False,,NOT_REQUIRED,2026-08-05,WALLET-01,BATCH-2026-08-05
CUST100839,OPENED,False,,NOT_REQUIRED,2026-08-05,WALLET-01,BATCH-2026-08-05
CUST100840,OPENED,False,,NOT_REQUIRED,2026-08-05,WALLET-01,BATCH-2026-08-05
CUST100841,OPENED,False,,NOT_REQUIRED,2026-08-05,WALLET-01,BATCH-2026-08-05
CUST100842,OPENED,False,,NOT_REQUIRED,2026-08-05,WALLET-01,BATCH-2026-08-05
CUST100843,OPENED,False,,NOT_REQUIRED,2026-08-05,WALLET-01,BATCH-2026-08-05
CUST100844,OPENED,False,,NOT_REQUIRED,2026-08-05,WALLET-01,BATCH-2026-08-05
CUST100845,OPENED,False,,NOT_REQUIRED,2026-08-05,WALLET-01,BATCH-2026-08-05
CUST100846,OPENED,False,,NOT_REQUIRED,2026-08-05,WALLET-01,BATCH-2026-08-05
CUST100847,OPENED,False,,NOT_REQUIRED,2026-08-05,WALLET-01,BATCH-2026-08-05
CUST100848,OPENED,False,,NOT_REQUIRED,2026-08-05,WALLET-01,BATCH-2026-08-05
CUST100849,OPENED,False,,NOT_REQUIRED,2026-08-05,WALLET-01,BATCH-2026-08-05
CUST100850,OPENED,False,,NOT_REQUIRED,2026-08-05,WALLET-01,BATCH-2026-08-05
CUST100851,OPENED,False,,NOT_REQUIRED,2026-08-05,WALLET-01,BATCH-2026-08-05
CUST100852,OPENED,False,,NOT_REQUIRED,2026-08-05,WALLET-01,BATCH-2026-08-05
CUST100853,OPENED,False,,NOT_REQUIRED,2026-08-05,WALLET-01,BATCH-2026-08-05
CUST100854,OPENED,False,,NOT_REQUIRED,2026-08-05,WALLET-01,BATCH-2026-08-05
CUST100855,OPENED,False,,PENDING,2026-08-05,WALLET-01,BATCH-2026-08-05
CUST100856,OPENED,False,,NOT_REQUIRED,2026-08-05,WALLET-01,BATCH-2026-08-05
CUST100857,OPENED,False,,NOT_REQUIRED,2026-08-05,WALLET-01,BATCH-2026-08-05
CUST100858,OPENED,False,,NOT_REQUIRED,2026-08-05,WALLET-01,BATCH-2026-08-05
CUST100859,OPENED,False,,NOT_REQUIRED,2026-08-05,WALLET-01,BATCH-2026-08-05
CUST100860,OPENED,False,,NOT_REQUIRED,2026-08-05,WALLET-01,BATCH-2026-08-05
CUST100861,OPENED,False,,NOT_REQUIRED,2026-08-05,WALLET-01,BATCH-2026-08-05
CUST100862,OPENED,False,,NOT_REQUIRED,2026-08-05,WALLET-01,BATCH-2026-08-05
CUST100863,OPENED,False,,NOT_REQUIRED,2026-08-05,WALLET-01,BATCH-2026-08-05
CUST100864,OPENED,False,,NOT_REQUIRED,2026-08-05,WALLET-01,BATCH-2026-08-05
CUST100865,OPENED,False,,NOT_REQUIRED,2026-08-05,WALLET-01,BATCH-2026-08-05
CUST100866,OPENED,False,,NOT_REQUIRED,2026-08-05,WALLET-01,BATCH-2026-08-05
CUST100867,OPENED,False,,NOT_REQUIRED,2026-08-05,WALLET-01,BATCH-2026-08-05
CUST100868,OPENED,False,,NOT_REQUIRED,2026-08-05,WALLET-01,BATCH-2026-08-05
CUST100869,OPENED,False,,NOT_REQUIRED,2026-08-05,WALLET-01,BATCH-2026-08-05
CUST100870,OPENED,False,,NOT_REQUIRED,2026-08-05,WALLET-01,BATCH-2026-08-05
CUST100871,PENDING,False,,NOT_REQUIRED,2026-08-05,WALLET-01,BATCH-2026-08-05
CUST100872,OPENED,False,,NOT_REQUIRED,2026-08-05,WALLET-01,BATCH-2026-08-05
CUST100873,OPENED,False,,NOT_REQUIRED,2026-08-05,WALLET-01,BATCH-2026-08-05
CUST100874,OPENED,False,,NOT_REQUIRED,2026-08-05,WALLET-01,BATCH-2026-08-05
CUST100875,OPENED,False,,NOT_REQUIRED,2026-08-05,WALLET-01,BATCH-2026-08-05
CUST100876,OPENED,False,,NOT_REQUIRED,2026-08-05,WALLET-01,BATCH-2026-08-05
CUST100877,OPENED,False,,NOT_REQUIRED,2026-08-05,WALLET-01,BATCH-2026-08-05
CUST100878,OPENED,False,,NOT_REQUIRED,2026-08-05,WALLET-01,BATCH-2026-08-05
CUST100879,OPENED,False,,NOT_REQUIRED,2026-08-05,WALLET-01,BATCH-2026-08-05
CUST100880,OPENED,False,,NOT_REQUIRED,2026-08-05,WALLET-01,BATCH-2026-08-05
CUST100881,OPENED,False,,NOT_REQUIRED,2026-08-05,WALLET-01,BATCH-2026-08-05
CUST100882,OPENED,False,,NOT_REQUIRED,2026-08-05,WALLET-01,BATCH-2026-08-05
CUST100883,OPENED,False,,NOT_REQUIRED,2026-08-05,WALLET-01,BATCH-2026-08-05
CUST100884,OPENED,False,,NOT_REQUIRED,2026-08-05,WALLET-01,BATCH-2026-08-05
CUST100885,OPENED,False,,NOT_REQUIRED,2026-08-05,WALLET-01,BATCH-2026-08-05
CUST100886,OPENED,False,,NOT_REQUIRED,2026-08-05,WALLET-01,BATCH-2026-08-05
CUST100887,REVIEW,False,,NOT_REQUIRED,2026-08-05,WALLET-01,BATCH-2026-08-05
CUST100888,OPENED,False,,NOT_REQUIRED,2026-08-05,WALLET-01,BATCH-2026-08-05
CUST100889,OPENED,False,,PENDING,2026-08-05,WALLET-01,BATCH-2026-08-05
CUST100890,OPENED,False,,NOT_REQUIRED,2026-08-05,WALLET-01,BATCH-2026-08-05
CUST100891,REVIEW,False,,NOT_REQUIRED,2026-08-05,WALLET-01,BATCH-2026-08-05
CUST100892,OPENED,False,,NOT_REQUIRED,2026-08-05,WALLET-01,BATCH-2026-08-05
CUST100893,OPENED,False,,NOT_REQUIRED,2026-08-05,WALLET-01,BATCH-2026-08-05
CUST100894,REVIEW,False,,NOT_REQUIRED,2026-08-05,WALLET-01,BATCH-2026-08-05
CUST100895,OPENED,False,,NOT_REQUIRED,2026-08-05,WALLET-01,BATCH-2026-08-05
CUST100896,REVIEW,False,,NOT_REQUIRED,2026-08-05,WALLET-01,BATCH-2026-08-05
CUST100897,OPENED,False,,NOT_REQUIRED,2026-08-05,WALLET-01,BATCH-2026-08-05
CUST100898,OPENED,False,,NOT_REQUIRED,2026-08-05,WALLET-01,BATCH-2026-08-05
CUST100899,OPENED,False,,NOT_REQUIRED,2026-08-05,WALLET-01,BATCH-2026-08-05
CUST100900,OPENED,False,,NOT_REQUIRED,2026-08-05,WALLET-01,BATCH-2026-08-05
CUST100901,OPENED,False,,NOT_REQUIRED,2026-08-05,WALLET-01,BATCH-2026-08-05
CUST100902,PENDING,False,,NOT_REQUIRED,2026-08-05,WALLET-01,BATCH-2026-08-05
CUST100903,REVIEW,False,,NOT_REQUIRED,2026-08-05,WALLET-01,BATCH-2026-08-05
CUST100904,OPENED,False,,NOT_REQUIRED,2026-08-05,WALLET-01,BATCH-2026-08-05
CUST100905,OPENED,False,,NOT_REQUIRED,2026-08-05,WALLET-01,BATCH-2026-08-05
CUST100906,REVIEW,False,,NOT_REQUIRED,2026-08-05,WALLET-01,BATCH-2026-08-05
CUST100907,REVIEW,False,,NOT_REQUIRED,2026-08-05,WALLET-01,BATCH-2026-08-05
CUST100908,OPENED,False,,NOT_REQUIRED,2026-08-05,WALLET-01,BATCH-2026-08-05
CUST100909,OPENED,False,,NOT_REQUIRED,2026-08-05,WALLET-01,BATCH-2026-08-05
CUST100910,PENDING,False,,NOT_REQUIRED,2026-08-05,WALLET-01,BATCH-2026-08-05
CUST100911,OPENED,False,,NOT_REQUIRED,2026-08-05,WALLET-01,BATCH-2026-08-05
CUST100912,OPENED,False,,NOT_REQUIRED,2026-08-05,WALLET-01,BATCH-2026-08-05
CUST100913,OPENED,False,,PENDING,2026-08-05,WALLET-01,BATCH-2026-08-05
CUST100914,OPENED,False,,NOT_REQUIRED,2026-08-05,WALLET-01,BATCH-2026-08-05
CUST100915,OPENED,False,,NOT_REQUIRED,2026-08-05,WALLET-01,BATCH-2026-08-05
CUST100916,OPENED,False,,NOT_REQUIRED,2026-08-05,WALLET-01,BATCH-2026-08-05
CUST100917,OPENED,False,,NOT_REQUIRED,2026-08-05,WALLET-01,BATCH-2026-08-05
CUST100918,OPENED,False,,PENDING,2026-08-05,WALLET-01,BATCH-2026-08-05
CUST100919,OPENED,False,,NOT_REQUIRED,2026-08-05,WALLET-01,BATCH-2026-08-05
CUST100920,OPENED,False,,PENDING,2026-08-05,WALLET-01,BATCH-2026-08-05
CUST100921,OPENED,False,,NOT_REQUIRED,2026-08-05,WALLET-01,BATCH-2026-08-05
CUST100922,OPENED,False,,NOT_REQUIRED,2026-08-05,WALLET-01,BATCH-2026-08-05
CUST100923,OPENED,False,,NOT_REQUIRED,2026-08-05,WALLET-01,BATCH-2026-08-05
CUST100924,OPENED,False,,NOT_REQUIRED,2026-08-05,WALLET-01,BATCH-2026-08-05
CUST100925,PENDING,False,,NOT_REQUIRED,2026-08-05,WALLET-01,BATCH-2026-08-05
CUST100926,OPENED,False,,NOT_REQUIRED,2026-08-05,WALLET-01,BATCH-2026-08-05
CUST100927,OPENED,False,,NOT_REQUIRED,2026-08-05,WALLET-01,BATCH-2026-08-05
CUST100928,OPENED,False,,NOT_REQUIRED,2026-08-05,WALLET-01,BATCH-2026-08-05
CUST100929,OPENED,False,,NOT_REQUIRED,2026-08-05,WALLET-01,BATCH-2026-08-05
CUST100930,OPENED,False,,NOT_REQUIRED,2026-08-05,WALLET-01,BATCH-2026-08-05
CUST100931,OPENED,False,,NOT_REQUIRED,2026-08-05,WALLET-01,BATCH-2026-08-05
CUST100932,OPENED,False,,NOT_REQUIRED,2026-08-05,WALLET-01,BATCH-2026-08-05
CUST100933,OPENED,False,,NOT_REQUIRED,2026-08-05,WALLET-01,BATCH-2026-08-05
CUST100934,OPENED,False,,NOT_REQUIRED,2026-08-05,WALLET-01,BATCH-2026-08-05
CUST100935,OPENED,False,,NOT_REQUIRED,2026-08-05,WALLET-01,BATCH-2026-08-05
CUST100936,OPENED,False,,NOT_REQUIRED,2026-08-05,WALLET-01,BATCH-2026-08-05
CUST100937,OPENED,False,,NOT_REQUIRED,2026-08-05,WALLET-01,BATCH-2026-08-05
CUST100938,OPENED,False,,NOT_REQUIRED,2026-08-05,WALLET-01,BATCH-2026-08-05
CUST100939,OPENED,False,,NOT_REQUIRED,2026-08-05,WALLET-01,BATCH-2026-08-05
CUST100940,REVIEW,False,,NOT_REQUIRED,2026-08-05,WALLET-01,BATCH-2026-08-05
CUST100941,OPENED,False,,NOT_REQUIRED,2026-08-05,WALLET-01,BATCH-2026-08-05
CUST100942,OPENED,False,,NOT_REQUIRED,2026-08-05,WALLET-01,BATCH-2026-08-05
CUST100943,OPENED,False,,PENDING,2026-08-05,WALLET-01,BATCH-2026-08-05
CUST100944,OPENED,False,,NOT_REQUIRED,2026-08-05,WALLET-01,BATCH-2026-08-05
CUST100945,REVIEW,False,,NOT_REQUIRED,2026-08-05,WALLET-01,BATCH-2026-08-05
CUST100946,OPENED,False,,NOT_REQUIRED,2026-08-05,WALLET-01,BATCH-2026-08-05
CUST100947,OPENED,False,,NOT_REQUIRED,2026-08-05,WALLET-01,BATCH-2026-08-05
CUST100948,REVIEW,False,,NOT_REQUIRED,2026-08-05,WALLET-01,BATCH-2026-08-05
CUST100949,OPENED,False,,NOT_REQUIRED,2026-08-05,WALLET-01,BATCH-2026-08-05
CUST100950,OPENED,False,,NOT_REQUIRED,2026-08-05,WALLET-01,BATCH-2026-08-05
CUST100951,OPENED,False,,NOT_REQUIRED,2026-08-05,WALLET-01,BATCH-2026-08-05
CUST100952,OPENED,False,,NOT_REQUIRED,2026-08-05,WALLET-01,BATCH-2026-08-05
CUST100953,OPENED,False,,PENDING,2026-08-05,WALLET-01,BATCH-2026-08-05
CUST100954,OPENED,False,,NOT_REQUIRED,2026-08-05,WALLET-01,BATCH-2026-08-05
CUST100955,OPENED,False,,NOT_REQUIRED,2026-08-05,WALLET-01,BATCH-2026-08-05
CUST100956,OPENED,False,,NOT_REQUIRED,2026-08-05,WALLET-01,BATCH-2026-08-05
CUST100957,OPENED,False,,NOT_REQUIRED,2026-08-05,WALLET-01,BATCH-2026-08-05
CUST100958,OPENED,False,,NOT_REQUIRED,2026-08-05,WALLET-01,BATCH-2026-08-05
CUST100959,OPENED,False,,NOT_REQUIRED,2026-08-05,WALLET-01,BATCH-2026-08-05
CUST100960,OPENED,False,,NOT_REQUIRED,2026-08-05,WALLET-01,BATCH-2026-08-05
CUST100961,REVIEW,False,,NOT_REQUIRED,2026-08-05,WALLET-01,BATCH-2026-08-05
CUST100962,OPENED,False,,NOT_REQUIRED,2026-08-05,WALLET-01,BATCH-2026-08-05
CUST100963,OPENED,False,,PENDING,2026-08-05,WALLET-01,BATCH-2026-08-05
CUST100964,OPENED,False,,NOT_REQUIRED,2026-08-05,WALLET-01,BATCH-2026-08-05
CUST100965,OPENED,False,,NOT_REQUIRED,2026-08-05,WALLET-01,BATCH-2026-08-05
CUST100966,OPENED,False,,NOT_REQUIRED,2026-08-05,WALLET-01,BATCH-2026-08-05
CUST100967,OPENED,False,,NOT_REQUIRED,2026-08-05,WALLET-01,BATCH-2026-08-05
CUST100968,OPENED,False,,NOT_REQUIRED,2026-08-05,WALLET-01,BATCH-2026-08-05
CUST100969,OPENED,False,,NOT_REQUIRED,2026-08-05,WALLET-01,BATCH-2026-08-05
CUST100970,OPENED,False,,NOT_REQUIRED,2026-08-05,WALLET-01,BATCH-2026-08-05
CUST100971,OPENED,False,,NOT_REQUIRED,2026-08-05,WALLET-01,BATCH-2026-08-05
CUST100972,OPENED,False,,NOT_REQUIRED,2026-08-05,WALLET-01,BATCH-2026-08-05
CUST100973,OPENED,False,,NOT_REQUIRED,2026-08-05,WALLET-01,BATCH-2026-08-05
CUST100974,OPENED,False,,NOT_REQUIRED,2026-08-05,WALLET-01,BATCH-2026-08-05
CUST100975,PENDING,False,,NOT_REQUIRED,2026-08-05,WALLET-01,BATCH-2026-08-05
CUST100976,OPENED,False,,NOT_REQUIRED,2026-08-05,WALLET-01,BATCH-2026-08-05
CUST100977,OPENED,False,,NOT_REQUIRED,2026-08-05,WALLET-01,BATCH-2026-08-05
CUST100978,OPENED,False,,NOT_REQUIRED,2026-08-05,WALLET-01,BATCH-2026-08-05
CUST100979,OPENED,False,,PENDING,2026-08-05,WALLET-01,BATCH-2026-08-05
CUST100980,OPENED,False,,PENDING,2026-08-05,WALLET-01,BATCH-2026-08-05
CUST100981,OPENED,False,,NOT_REQUIRED,2026-08-05,WALLET-01,BATCH-2026-08-05
CUST100982,OPENED,False,,NOT_REQUIRED,2026-08-05,WALLET-01,BATCH-2026-08-05
CUST100983,OPENED,False,,NOT_REQUIRED,2026-08-05,WALLET-01,BATCH-2026-08-05
CUST100984,OPENED,False,,NOT_REQUIRED,2026-08-05,WALLET-01,BATCH-2026-08-05
CUST100985,OPENED,False,,NOT_REQUIRED,2026-08-05,WALLET-01,BATCH-2026-08-05
CUST100986,OPENED,False,,NOT_REQUIRED,2026-08-05,WALLET-01,BATCH-2026-08-05
CUST100987,OPENED,False,,NOT_REQUIRED,2026-08-05,WALLET-01,BATCH-2026-08-05
CUST100988,PENDING,False,,COMPLETED,2026-08-05,WALLET-01,BATCH-2026-08-05
CUST100989,OPENED,False,,NOT_REQUIRED,2026-08-05,WALLET-01,BATCH-2026-08-05
CUST100990,OPENED,False,,NOT_REQUIRED,2026-08-05,WALLET-01,BATCH-2026-08-05
CUST100991,OPENED,False,,NOT_REQUIRED,2026-08-05,WALLET-01,BATCH-2026-08-05
CUST100992,OPENED,False,,NOT_REQUIRED,2026-08-05,WALLET-01,BATCH-2026-08-05
CUST100993,OPENED,False,,NOT_REQUIRED,2026-08-05,WALLET-01,BATCH-2026-08-05
CUST100994,OPENED,False,,NOT_REQUIRED,2026-08-05,WALLET-01,BATCH-2026-08-05
CUST100995,PENDING,False,,NOT_REQUIRED,2026-08-05,WALLET-01,BATCH-2026-08-05
CUST100996,OPENED,False,,NOT_REQUIRED,2026-08-05,WALLET-01,BATCH-2026-08-05
CUST100997,OPENED,False,,NOT_REQUIRED,2026-08-05,WALLET-01,BATCH-2026-08-05
CUST100998,REVIEW,False,,NOT_REQUIRED,2026-08-05,WALLET-01,BATCH-2026-08-05
CUST100999,OPENED,False,,NOT_REQUIRED,2026-08-05,WALLET-01,BATCH-2026-08-05
